nohup: ignoring input
W0129 01:11:33.188000 324789 site-packages/torch/distributed/run.py:852]
W0129 01:11:33.188000 324789 site-packages/torch/distributed/run.py:852] *****************************************
W0129 01:11:33.188000 324789 site-packages/torch/distributed/run.py:852] Setting OMP_NUM_THREADS environment variable for each process to be 1 in default, to avoid your system being overloaded, please further tune the variable for optimal performance in your application as needed.
W0129 01:11:33.188000 324789 site-packages/torch/distributed/run.py:852] *****************************************
[CONFIG] Fine-tuning from v2 (ilyyeees/byt5-leetspeak-decoder)
======================================================================
ByT5 LEETSPEAK DECODER V3 - TRAINING
======================================================================

Configuration:
  Base Model:     ilyyeees/byt5-leetspeak-decoder
  Output Dir:     ./byt5_leetspeak_v3
  Batch Size:     64 x 2 (per device)
  Learning Rate:  5e-05
  Epochs:         3
  Mixed Precision: BF16
  Load to RAM:    True

[CONFIG] Fine-tuning from v2 (ilyyeees/byt5-leetspeak-decoder)
======================================================================
ByT5 LEETSPEAK DECODER V3 - TRAINING
======================================================================

Configuration:
  Base Model:     ilyyeees/byt5-leetspeak-decoder
  Output Dir:     ./byt5_leetspeak_v3
  Batch Size:     64 x 2 (per device)
  Learning Rate:  5e-05
  Epochs:         3
  Mixed Precision: BF16
  Load to RAM:    True

[DEVICE] Using: cuda
[DEVICE] GPUs available: 2
[DEVICE]   GPU 0: NVIDIA GeForce RTX 5090 (33.7 GB)
[DEVICE]   GPU 1: NVIDIA GeForce RTX 5090 (33.7 GB)
[DEVICE] TF32 enabled

======================================================================
LOADING DATA
======================================================================
[DATA] Loading from 1 file(s)...

Loading files:   0%|          | 0/1 [00:00<?, ?it/s][DEVICE] Using: cuda
[DEVICE] GPUs available: 2
[DEVICE]   GPU 0: NVIDIA GeForce RTX 5090 (33.7 GB)
[DEVICE]   GPU 1: NVIDIA GeForce RTX 5090 (33.7 GB)
[DEVICE] TF32 enabled

======================================================================
LOADING DATA
======================================================================
[DATA] Loading from 1 file(s)...

Loading files:   0%|          | 0/1 [00:00<?, ?it/s]
Loading files: 100%|██████████| 1/1 [00:01<00:00,  1.82s/it]
Loading files: 100%|██████████| 1/1 [00:01<00:00,  1.82s/it]
[DATA] Loaded 719,635 valid examples

======================================================================
LOADING MODEL
======================================================================
[CACHE] Using RAM-backed storage: /dev/shm/hf_cache

============================================================
DOWNLOADING V2 MODEL TO RAM
============================================================
  Source: ilyyeees/byt5-leetspeak-decoder
  Destination: /dev/shm/hf_cache/byt5-leetspeak-v2
  (This keeps disk usage low)

/venv/main/lib/python3.12/site-packages/huggingface_hub/utils/_validators.py:202: UserWarning: The `local_dir_use_symlinks` argument is deprecated and ignored in `snapshot_download`. Downloading to a local directory does not use symlinks anymore.
  warnings.warn(

Loading files: 100%|██████████| 1/1 [00:01<00:00,  1.87s/it]
Loading files: 100%|██████████| 1/1 [00:01<00:00,  1.87s/it]
[DATA] Loaded 719,635 valid examples

======================================================================
LOADING MODEL
======================================================================
[CACHE] Using RAM-backed storage: /dev/shm/hf_cache
[RANK 1] Waiting for rank 0 to download model...

Fetching 9 files:   0%|          | 0/9 [00:00<?, ?it/s]Warning: You are sending unauthenticated requests to the HF Hub. Please set a HF_TOKEN to enable higher rate limits and faster downloads.

Fetching 9 files:  11%|█         | 1/9 [00:00<00:01,  6.05it/s]
Fetching 9 files:  67%|██████▋   | 6/9 [00:04<00:02,  1.29it/s]
Fetching 9 files: 100%|██████████| 9/9 [00:04<00:00,  2.01it/s]
[V2 MODEL] Downloaded successfully to RAM!
[MODEL] Loading from: /dev/shm/hf_cache/byt5-leetspeak-v2
[MODEL] Continuing training from v2 model (fine-tuning mode)

Loading weights:   0%|          | 0/252 [00:00<?, ?it/s]
Loading weights:   0%|          | 1/252 [00:00<00:00, 21399.51it/s, Materializing param=decoder.block.0.layer.0.SelfAttention.k.weight]
Loading weights:   0%|          | 1/252 [00:00<00:00, 9597.95it/s, Materializing param=decoder.block.0.layer.0.SelfAttention.k.weight]
Loading weights:   1%|          | 2/252 [00:00<00:00, 8952.62it/s, Materializing param=decoder.block.0.layer.0.SelfAttention.o.weight]
Loading weights:   1%|          | 2/252 [00:00<00:00, 7281.78it/s, Materializing param=decoder.block.0.layer.0.SelfAttention.o.weight]
Loading weights:   1%|          | 3/252 [00:00<00:00, 7252.40it/s, Materializing param=decoder.block.0.layer.0.SelfAttention.q.weight]
Loading weights:   1%|          | 3/252 [00:00<00:00, 6472.69it/s, Materializing param=decoder.block.0.layer.0.SelfAttention.q.weight]
Loading weights:   2%|▏         | 4/252 [00:00<00:00, 7163.63it/s, Materializing param=decoder.block.0.layer.0.SelfAttention.relative_attention_bias.weight]
Loading weights:   2%|▏         | 4/252 [00:00<00:00, 6576.72it/s, Materializing param=decoder.block.0.layer.0.SelfAttention.relative_attention_bias.weight]
Loading weights:   2%|▏         | 5/252 [00:00<00:00, 6882.68it/s, Materializing param=decoder.block.0.layer.0.SelfAttention.v.weight]
Loading weights:   2%|▏         | 5/252 [00:00<00:00, 6436.93it/s, Materializing param=decoder.block.0.layer.0.SelfAttention.v.weight]
Loading weights:   2%|▏         | 6/252 [00:00<00:00, 3508.41it/s, Materializing param=decoder.block.0.layer.0.layer_norm.weight]
Loading weights:   2%|▏         | 6/252 [00:00<00:00, 3396.66it/s, Materializing param=decoder.block.0.layer.0.layer_norm.weight]
Loading weights:   3%|▎         | 7/252 [00:00<00:00, 3726.85it/s, Materializing param=decoder.block.0.layer.1.EncDecAttention.k.weight]
Loading weights:   3%|▎         | 7/252 [00:00<00:00, 3634.58it/s, Materializing param=decoder.block.0.layer.1.EncDecAttention.k.weight]
Loading weights:   3%|▎         | 8/252 [00:00<00:00, 3928.63it/s, Materializing param=decoder.block.0.layer.1.EncDecAttention.o.weight]
Loading weights:   3%|▎         | 8/252 [00:00<00:00, 3839.62it/s, Materializing param=decoder.block.0.layer.1.EncDecAttention.o.weight]
Loading weights:   4%|▎         | 9/252 [00:00<00:00, 3427.96it/s, Materializing param=decoder.block.0.layer.1.EncDecAttention.q.weight]
Loading weights:   4%|▎         | 9/252 [00:00<00:00, 3365.61it/s, Materializing param=decoder.block.0.layer.1.EncDecAttention.q.weight]
Loading weights:   4%|▍         | 10/252 [00:00<00:00, 3591.01it/s, Materializing param=decoder.block.0.layer.1.EncDecAttention.v.weight]
Loading weights:   4%|▍         | 10/252 [00:00<00:00, 3531.15it/s, Materializing param=decoder.block.0.layer.1.EncDecAttention.v.weight]
Loading weights:   4%|▍         | 11/252 [00:00<00:00, 3744.91it/s, Materializing param=decoder.block.0.layer.1.layer_norm.weight]
Loading weights:   4%|▍         | 11/252 [00:00<00:00, 3680.98it/s, Materializing param=decoder.block.0.layer.1.layer_norm.weight]
Loading weights:   5%|▍         | 12/252 [00:00<00:00, 2397.89it/s, Materializing param=decoder.block.0.layer.2.DenseReluDense.wi_0.weight]
Loading weights:   5%|▍         | 12/252 [00:00<00:00, 2371.90it/s, Materializing param=decoder.block.0.layer.2.DenseReluDense.wi_0.weight]
Loading weights:   5%|▌         | 13/252 [00:00<00:00, 2512.02it/s, Materializing param=decoder.block.0.layer.2.DenseReluDense.wi_1.weight]
Loading weights:   5%|▌         | 13/252 [00:00<00:00, 2489.43it/s, Materializing param=decoder.block.0.layer.2.DenseReluDense.wi_1.weight]
Loading weights:   6%|▌         | 14/252 [00:00<00:00, 2626.36it/s, Materializing param=decoder.block.0.layer.2.DenseReluDense.wo.weight]
Loading weights:   6%|▌         | 14/252 [00:00<00:00, 2497.88it/s, Materializing param=decoder.block.0.layer.2.DenseReluDense.wo.weight]
Loading weights:   6%|▌         | 15/252 [00:00<00:00, 2620.78it/s, Materializing param=decoder.block.0.layer.2.layer_norm.weight]
Loading weights:   6%|▌         | 15/252 [00:00<00:00, 2599.67it/s, Materializing param=decoder.block.0.layer.2.layer_norm.weight]
Loading weights:   6%|▋         | 16/252 [00:00<00:00, 2723.57it/s, Materializing param=decoder.block.1.layer.0.SelfAttention.k.weight]
Loading weights:   6%|▋         | 16/252 [00:00<00:00, 2702.41it/s, Materializing param=decoder.block.1.layer.0.SelfAttention.k.weight]
Loading weights:   7%|▋         | 17/252 [00:00<00:00, 2821.09it/s, Materializing param=decoder.block.1.layer.0.SelfAttention.o.weight]
Loading weights:   7%|▋         | 17/252 [00:00<00:00, 2800.27it/s, Materializing param=decoder.block.1.layer.0.SelfAttention.o.weight]
Loading weights:   7%|▋         | 18/252 [00:00<00:00, 2915.30it/s, Materializing param=decoder.block.1.layer.0.SelfAttention.q.weight]
Loading weights:   7%|▋         | 18/252 [00:00<00:00, 2894.40it/s, Materializing param=decoder.block.1.layer.0.SelfAttention.q.weight]
Loading weights:   8%|▊         | 19/252 [00:00<00:00, 3003.84it/s, Materializing param=decoder.block.1.layer.0.SelfAttention.v.weight]
Loading weights:   8%|▊         | 19/252 [00:00<00:00, 2982.25it/s, Materializing param=decoder.block.1.layer.0.SelfAttention.v.weight]
Loading weights:   8%|▊         | 20/252 [00:00<00:00, 3088.82it/s, Materializing param=decoder.block.1.layer.0.layer_norm.weight]
Loading weights:   8%|▊         | 20/252 [00:00<00:00, 3067.47it/s, Materializing param=decoder.block.1.layer.0.layer_norm.weight]
Loading weights:   8%|▊         | 21/252 [00:00<00:00, 3169.73it/s, Materializing param=decoder.block.1.layer.1.EncDecAttention.k.weight]
Loading weights:   8%|▊         | 21/252 [00:00<00:00, 3147.86it/s, Materializing param=decoder.block.1.layer.1.EncDecAttention.k.weight]
Loading weights:   9%|▊         | 22/252 [00:00<00:00, 3246.25it/s, Materializing param=decoder.block.1.layer.1.EncDecAttention.o.weight]
Loading weights:   9%|▊         | 22/252 [00:00<00:00, 3224.81it/s, Materializing param=decoder.block.1.layer.1.EncDecAttention.o.weight]
Loading weights:   9%|▉         | 23/252 [00:00<00:00, 3021.45it/s, Materializing param=decoder.block.1.layer.1.EncDecAttention.q.weight]
Loading weights:   9%|▉         | 23/252 [00:00<00:00, 3002.93it/s, Materializing param=decoder.block.1.layer.1.EncDecAttention.q.weight]
Loading weights:  10%|▉         | 24/252 [00:00<00:00, 3085.56it/s, Materializing param=decoder.block.1.layer.1.EncDecAttention.v.weight]
Loading weights:  10%|▉         | 24/252 [00:00<00:00, 3065.73it/s, Materializing param=decoder.block.1.layer.1.EncDecAttention.v.weight]
Loading weights:  10%|▉         | 25/252 [00:00<00:00, 3150.01it/s, Materializing param=decoder.block.1.layer.1.layer_norm.weight]
Loading weights:  10%|▉         | 25/252 [00:00<00:00, 3132.23it/s, Materializing param=decoder.block.1.layer.1.layer_norm.weight]
Loading weights:  10%|█         | 26/252 [00:00<00:00, 3214.12it/s, Materializing param=decoder.block.1.layer.2.DenseReluDense.wi_0.weight]
Loading weights:  10%|█         | 26/252 [00:00<00:00, 3195.75it/s, Materializing param=decoder.block.1.layer.2.DenseReluDense.wi_0.weight]
Loading weights:  11%|█         | 27/252 [00:00<00:00, 3033.90it/s, Materializing param=decoder.block.1.layer.2.DenseReluDense.wi_1.weight]
Loading weights:  11%|█         | 27/252 [00:00<00:00, 3017.08it/s, Materializing param=decoder.block.1.layer.2.DenseReluDense.wi_1.weight]
Loading weights:  11%|█         | 28/252 [00:00<00:00, 3089.97it/s, Materializing param=decoder.block.1.layer.2.DenseReluDense.wo.weight]
Loading weights:  11%|█         | 28/252 [00:00<00:00, 3074.28it/s, Materializing param=decoder.block.1.layer.2.DenseReluDense.wo.weight]
Loading weights:  12%|█▏        | 29/252 [00:00<00:00, 3148.88it/s, Materializing param=decoder.block.1.layer.2.layer_norm.weight]
Loading weights:  12%|█▏        | 29/252 [00:00<00:00, 3100.79it/s, Materializing param=decoder.block.1.layer.2.layer_norm.weight]
Loading weights:  12%|█▏        | 30/252 [00:00<00:00, 3174.22it/s, Materializing param=decoder.block.2.layer.0.SelfAttention.k.weight]
Loading weights:  12%|█▏        | 30/252 [00:00<00:00, 3159.79it/s, Materializing param=decoder.block.2.layer.0.SelfAttention.k.weight]
Loading weights:  12%|█▏        | 31/252 [00:00<00:00, 3229.19it/s, Materializing param=decoder.block.2.layer.0.SelfAttention.o.weight]
Loading weights:  12%|█▏        | 31/252 [00:00<00:00, 3214.26it/s, Materializing param=decoder.block.2.layer.0.SelfAttention.o.weight]
Loading weights:  13%|█▎        | 32/252 [00:00<00:00, 3126.58it/s, Materializing param=decoder.block.2.layer.0.SelfAttention.q.weight]
Loading weights:  13%|█▎        | 32/252 [00:00<00:00, 3112.30it/s, Materializing param=decoder.block.2.layer.0.SelfAttention.q.weight]
Loading weights:  13%|█▎        | 33/252 [00:00<00:00, 3177.72it/s, Materializing param=decoder.block.2.layer.0.SelfAttention.v.weight]
Loading weights:  13%|█▎        | 33/252 [00:00<00:00, 3163.99it/s, Materializing param=decoder.block.2.layer.0.SelfAttention.v.weight]
Loading weights:  13%|█▎        | 34/252 [00:00<00:00, 3033.02it/s, Materializing param=decoder.block.2.layer.0.layer_norm.weight]
Loading weights:  13%|█▎        | 34/252 [00:00<00:00, 3020.17it/s, Materializing param=decoder.block.2.layer.0.layer_norm.weight]
Loading weights:  14%|█▍        | 35/252 [00:00<00:00, 3081.00it/s, Materializing param=decoder.block.2.layer.1.EncDecAttention.k.weight]
Loading weights:  14%|█▍        | 35/252 [00:00<00:00, 3068.90it/s, Materializing param=decoder.block.2.layer.1.EncDecAttention.k.weight]
Loading weights:  14%|█▍        | 36/252 [00:00<00:00, 3127.48it/s, Materializing param=decoder.block.2.layer.1.EncDecAttention.o.weight]
Loading weights:  14%|█▍        | 36/252 [00:00<00:00, 3115.03it/s, Materializing param=decoder.block.2.layer.1.EncDecAttention.o.weight]
Loading weights:  15%|█▍        | 37/252 [00:00<00:00, 3174.06it/s, Materializing param=decoder.block.2.layer.1.EncDecAttention.q.weight]
Loading weights:  15%|█▍        | 37/252 [00:00<00:00, 3158.62it/s, Materializing param=decoder.block.2.layer.1.EncDecAttention.q.weight]
Loading weights:  15%|█▌        | 38/252 [00:00<00:00, 3213.38it/s, Materializing param=decoder.block.2.layer.1.EncDecAttention.v.weight]
Loading weights:  15%|█▌        | 38/252 [00:00<00:00, 3201.12it/s, Materializing param=decoder.block.2.layer.1.EncDecAttention.v.weight]
Loading weights:  15%|█▌        | 39/252 [00:00<00:00, 3103.00it/s, Materializing param=decoder.block.2.layer.1.layer_norm.weight]
Loading weights:  15%|█▌        | 39/252 [00:00<00:00, 3091.22it/s, Materializing param=decoder.block.2.layer.1.layer_norm.weight]
Loading weights:  16%|█▌        | 40/252 [00:00<00:00, 3144.21it/s, Materializing param=decoder.block.2.layer.2.DenseReluDense.wi_0.weight]
Loading weights:  16%|█▌        | 40/252 [00:00<00:00, 3132.59it/s, Materializing param=decoder.block.2.layer.2.DenseReluDense.wi_0.weight]
Loading weights:  16%|█▋        | 41/252 [00:00<00:00, 3184.92it/s, Materializing param=decoder.block.2.layer.2.DenseReluDense.wi_1.weight]
Loading weights:  16%|█▋        | 41/252 [00:00<00:00, 3173.57it/s, Materializing param=decoder.block.2.layer.2.DenseReluDense.wi_1.weight]
Loading weights:  17%|█▋        | 42/252 [00:00<00:00, 3093.69it/s, Materializing param=decoder.block.2.layer.2.DenseReluDense.wo.weight]
Loading weights:  17%|█▋        | 42/252 [00:00<00:00, 3082.81it/s, Materializing param=decoder.block.2.layer.2.DenseReluDense.wo.weight]
Loading weights:  17%|█▋        | 43/252 [00:00<00:00, 3132.36it/s, Materializing param=decoder.block.2.layer.2.layer_norm.weight]
Loading weights:  17%|█▋        | 43/252 [00:00<00:00, 3121.95it/s, Materializing param=decoder.block.2.layer.2.layer_norm.weight]
Loading weights:  17%|█▋        | 44/252 [00:00<00:00, 3140.46it/s, Materializing param=decoder.block.3.layer.0.SelfAttention.k.weight]
Loading weights:  17%|█▋        | 44/252 [00:00<00:00, 3130.02it/s, Materializing param=decoder.block.3.layer.0.SelfAttention.k.weight]
Loading weights:  18%|█▊        | 45/252 [00:00<00:00, 3177.56it/s, Materializing param=decoder.block.3.layer.0.SelfAttention.o.weight]
Loading weights:  18%|█▊        | 45/252 [00:00<00:00, 3167.53it/s, Materializing param=decoder.block.3.layer.0.SelfAttention.o.weight]
Loading weights:  18%|█▊        | 46/252 [00:00<00:00, 2769.91it/s, Materializing param=decoder.block.3.layer.0.SelfAttention.q.weight]
Loading weights:  18%|█▊        | 46/252 [00:00<00:00, 2737.14it/s, Materializing param=decoder.block.3.layer.0.SelfAttention.q.weight]
Loading weights:  19%|█▊        | 47/252 [00:00<00:00, 2776.75it/s, Materializing param=decoder.block.3.layer.0.SelfAttention.v.weight]
Loading weights:  19%|█▊        | 47/252 [00:00<00:00, 2769.18it/s, Materializing param=decoder.block.3.layer.0.SelfAttention.v.weight]
Loading weights:  19%|█▉        | 48/252 [00:00<00:00, 2810.57it/s, Materializing param=decoder.block.3.layer.0.layer_norm.weight]
Loading weights:  19%|█▉        | 48/252 [00:00<00:00, 2803.17it/s, Materializing param=decoder.block.3.layer.0.layer_norm.weight]
Loading weights:  19%|█▉        | 49/252 [00:00<00:00, 2844.38it/s, Materializing param=decoder.block.3.layer.1.EncDecAttention.k.weight]
Loading weights:  19%|█▉        | 49/252 [00:00<00:00, 2836.81it/s, Materializing param=decoder.block.3.layer.1.EncDecAttention.k.weight]
Loading weights:  20%|█▉        | 50/252 [00:00<00:00, 2877.34it/s, Materializing param=decoder.block.3.layer.1.EncDecAttention.o.weight]
Loading weights:  20%|█▉        | 50/252 [00:00<00:00, 2869.90it/s, Materializing param=decoder.block.3.layer.1.EncDecAttention.o.weight]
Loading weights:  20%|██        | 51/252 [00:00<00:00, 2908.99it/s, Materializing param=decoder.block.3.layer.1.EncDecAttention.q.weight]
Loading weights:  20%|██        | 51/252 [00:00<00:00, 2901.49it/s, Materializing param=decoder.block.3.layer.1.EncDecAttention.q.weight]
Loading weights:  21%|██        | 52/252 [00:00<00:00, 2941.47it/s, Materializing param=decoder.block.3.layer.1.EncDecAttention.v.weight]
Loading weights:  21%|██        | 52/252 [00:00<00:00, 2933.99it/s, Materializing param=decoder.block.3.layer.1.EncDecAttention.v.weight]
Loading weights:  21%|██        | 53/252 [00:00<00:00, 2973.41it/s, Materializing param=decoder.block.3.layer.1.layer_norm.weight]
Loading weights:  21%|██        | 53/252 [00:00<00:00, 2966.11it/s, Materializing param=decoder.block.3.layer.1.layer_norm.weight]
Loading weights:  21%|██▏       | 54/252 [00:00<00:00, 3005.35it/s, Materializing param=decoder.block.3.layer.2.DenseReluDense.wi_0.weight]
Loading weights:  21%|██▏       | 54/252 [00:00<00:00, 2997.68it/s, Materializing param=decoder.block.3.layer.2.DenseReluDense.wi_0.weight]
Loading weights:  22%|██▏       | 55/252 [00:00<00:00, 3036.39it/s, Materializing param=decoder.block.3.layer.2.DenseReluDense.wi_1.weight]
Loading weights:  22%|██▏       | 55/252 [00:00<00:00, 3028.82it/s, Materializing param=decoder.block.3.layer.2.DenseReluDense.wi_1.weight]
Loading weights:  22%|██▏       | 56/252 [00:00<00:00, 3066.65it/s, Materializing param=decoder.block.3.layer.2.DenseReluDense.wo.weight]
Loading weights:  22%|██▏       | 56/252 [00:00<00:00, 3059.22it/s, Materializing param=decoder.block.3.layer.2.DenseReluDense.wo.weight]
Loading weights:  23%|██▎       | 57/252 [00:00<00:00, 3096.31it/s, Materializing param=decoder.block.3.layer.2.layer_norm.weight]
Loading weights:  23%|██▎       | 57/252 [00:00<00:00, 3088.59it/s, Materializing param=decoder.block.3.layer.2.layer_norm.weight]
Loading weights:  23%|██▎       | 58/252 [00:00<00:00, 3125.65it/s, Materializing param=decoder.block.4.layer.0.SelfAttention.k.weight]
Loading weights:  23%|██▎       | 58/252 [00:00<00:00, 3116.48it/s, Materializing param=decoder.block.4.layer.0.SelfAttention.k.weight]
Loading weights:  23%|██▎       | 59/252 [00:00<00:00, 3154.66it/s, Materializing param=decoder.block.4.layer.0.SelfAttention.o.weight]
Loading weights:  23%|██▎       | 59/252 [00:00<00:00, 3147.44it/s, Materializing param=decoder.block.4.layer.0.SelfAttention.o.weight]
Loading weights:  24%|██▍       | 60/252 [00:00<00:00, 3183.69it/s, Materializing param=decoder.block.4.layer.0.SelfAttention.q.weight]
Loading weights:  24%|██▍       | 60/252 [00:00<00:00, 3176.06it/s, Materializing param=decoder.block.4.layer.0.SelfAttention.q.weight]
Loading weights:  24%|██▍       | 61/252 [00:00<00:00, 3128.66it/s, Materializing param=decoder.block.4.layer.0.SelfAttention.v.weight]
Loading weights:  24%|██▍       | 61/252 [00:00<00:00, 3121.07it/s, Materializing param=decoder.block.4.layer.0.SelfAttention.v.weight]
Loading weights:  25%|██▍       | 62/252 [00:00<00:00, 3155.26it/s, Materializing param=decoder.block.4.layer.0.layer_norm.weight]
Loading weights:  25%|██▍       | 62/252 [00:00<00:00, 3146.78it/s, Materializing param=decoder.block.4.layer.0.layer_norm.weight]
Loading weights:  25%|██▌       | 63/252 [00:00<00:00, 3179.26it/s, Materializing param=decoder.block.4.layer.1.EncDecAttention.k.weight]
Loading weights:  25%|██▌       | 63/252 [00:00<00:00, 3171.78it/s, Materializing param=decoder.block.4.layer.1.EncDecAttention.k.weight]
Loading weights:  25%|██▌       | 64/252 [00:00<00:00, 3205.31it/s, Materializing param=decoder.block.4.layer.1.EncDecAttention.o.weight]
Loading weights:  25%|██▌       | 64/252 [00:00<00:00, 3198.13it/s, Materializing param=decoder.block.4.layer.1.EncDecAttention.o.weight]
Loading weights:  26%|██▌       | 65/252 [00:00<00:00, 3155.22it/s, Materializing param=decoder.block.4.layer.1.EncDecAttention.q.weight]
Loading weights:  26%|██▌       | 65/252 [00:00<00:00, 3148.00it/s, Materializing param=decoder.block.4.layer.1.EncDecAttention.q.weight]
Loading weights:  26%|██▌       | 66/252 [00:00<00:00, 3077.09it/s, Materializing param=decoder.block.4.layer.1.EncDecAttention.v.weight]
Loading weights:  26%|██▌       | 66/252 [00:00<00:00, 3070.19it/s, Materializing param=decoder.block.4.layer.1.EncDecAttention.v.weight]
Loading weights:  27%|██▋       | 67/252 [00:00<00:00, 3101.61it/s, Materializing param=decoder.block.4.layer.1.layer_norm.weight]
Loading weights:  27%|██▋       | 67/252 [00:00<00:00, 3094.58it/s, Materializing param=decoder.block.4.layer.1.layer_norm.weight]
Loading weights:  27%|██▋       | 68/252 [00:00<00:00, 3125.93it/s, Materializing param=decoder.block.4.layer.2.DenseReluDense.wi_0.weight]
Loading weights:  27%|██▋       | 68/252 [00:00<00:00, 3119.43it/s, Materializing param=decoder.block.4.layer.2.DenseReluDense.wi_0.weight]
Loading weights:  27%|██▋       | 69/252 [00:00<00:00, 3150.49it/s, Materializing param=decoder.block.4.layer.2.DenseReluDense.wi_1.weight]
Loading weights:  27%|██▋       | 69/252 [00:00<00:00, 3144.05it/s, Materializing param=decoder.block.4.layer.2.DenseReluDense.wi_1.weight]
Loading weights:  28%|██▊       | 70/252 [00:00<00:00, 3175.17it/s, Materializing param=decoder.block.4.layer.2.DenseReluDense.wo.weight]
Loading weights:  28%|██▊       | 70/252 [00:00<00:00, 3168.76it/s, Materializing param=decoder.block.4.layer.2.DenseReluDense.wo.weight]
Loading weights:  28%|██▊       | 71/252 [00:00<00:00, 3199.56it/s, Materializing param=decoder.block.4.layer.2.layer_norm.weight]
Loading weights:  28%|██▊       | 71/252 [00:00<00:00, 3193.21it/s, Materializing param=decoder.block.4.layer.2.layer_norm.weight]
Loading weights:  29%|██▊       | 72/252 [00:00<00:00, 3168.67it/s, Materializing param=decoder.block.5.layer.0.SelfAttention.k.weight]
Loading weights:  29%|██▊       | 72/252 [00:00<00:00, 3116.99it/s, Materializing param=decoder.block.5.layer.0.SelfAttention.k.weight]
Loading weights:  29%|██▉       | 73/252 [00:00<00:00, 3145.38it/s, Materializing param=decoder.block.5.layer.0.SelfAttention.o.weight]
Loading weights:  29%|██▉       | 73/252 [00:00<00:00, 3139.51it/s, Materializing param=decoder.block.5.layer.0.SelfAttention.o.weight]
Loading weights:  29%|██▉       | 74/252 [00:00<00:00, 3168.71it/s, Materializing param=decoder.block.5.layer.0.SelfAttention.q.weight]
Loading weights:  29%|██▉       | 74/252 [00:00<00:00, 3162.71it/s, Materializing param=decoder.block.5.layer.0.SelfAttention.q.weight]
Loading weights:  30%|██▉       | 75/252 [00:00<00:00, 3094.85it/s, Materializing param=decoder.block.5.layer.0.SelfAttention.v.weight]
Loading weights:  30%|██▉       | 75/252 [00:00<00:00, 3036.50it/s, Materializing param=decoder.block.5.layer.0.SelfAttention.v.weight]
Loading weights:  30%|███       | 76/252 [00:00<00:00, 3062.30it/s, Materializing param=decoder.block.5.layer.0.layer_norm.weight]
Loading weights:  30%|███       | 76/252 [00:00<00:00, 3056.49it/s, Materializing param=decoder.block.5.layer.0.layer_norm.weight]
Loading weights:  31%|███       | 77/252 [00:00<00:00, 3080.14it/s, Materializing param=decoder.block.5.layer.1.EncDecAttention.k.weight]
Loading weights:  31%|███       | 77/252 [00:00<00:00, 3074.53it/s, Materializing param=decoder.block.5.layer.1.EncDecAttention.k.weight]
Loading weights:  31%|███       | 78/252 [00:00<00:00, 3100.53it/s, Materializing param=decoder.block.5.layer.1.EncDecAttention.o.weight]
Loading weights:  31%|███       | 78/252 [00:00<00:00, 3095.02it/s, Materializing param=decoder.block.5.layer.1.EncDecAttention.o.weight]
Loading weights:  31%|███▏      | 79/252 [00:00<00:00, 3120.97it/s, Materializing param=decoder.block.5.layer.1.EncDecAttention.q.weight]
Loading weights:  31%|███▏      | 79/252 [00:00<00:00, 3115.57it/s, Materializing param=decoder.block.5.layer.1.EncDecAttention.q.weight]
Loading weights:  32%|███▏      | 80/252 [00:00<00:00, 3141.36it/s, Materializing param=decoder.block.5.layer.1.EncDecAttention.v.weight]
Loading weights:  32%|███▏      | 80/252 [00:00<00:00, 3135.96it/s, Materializing param=decoder.block.5.layer.1.EncDecAttention.v.weight]
Loading weights:  32%|███▏      | 81/252 [00:00<00:00, 3088.06it/s, Materializing param=decoder.block.5.layer.1.layer_norm.weight]
Loading weights:  32%|███▏      | 81/252 [00:00<00:00, 3082.37it/s, Materializing param=decoder.block.5.layer.1.layer_norm.weight]
Loading weights:  33%|███▎      | 82/252 [00:00<00:00, 3108.13it/s, Materializing param=decoder.block.5.layer.2.DenseReluDense.wi_0.weight]
Loading weights:  33%|███▎      | 82/252 [00:00<00:00, 3102.80it/s, Materializing param=decoder.block.5.layer.2.DenseReluDense.wi_0.weight]
Loading weights:  33%|███▎      | 83/252 [00:00<00:00, 3127.97it/s, Materializing param=decoder.block.5.layer.2.DenseReluDense.wi_1.weight]
Loading weights:  33%|███▎      | 83/252 [00:00<00:00, 3122.61it/s, Materializing param=decoder.block.5.layer.2.DenseReluDense.wi_1.weight]
Loading weights:  33%|███▎      | 84/252 [00:00<00:00, 3148.03it/s, Materializing param=decoder.block.5.layer.2.DenseReluDense.wo.weight]
Loading weights:  33%|███▎      | 84/252 [00:00<00:00, 3142.73it/s, Materializing param=decoder.block.5.layer.2.DenseReluDense.wo.weight]
Loading weights:  34%|███▎      | 85/252 [00:00<00:00, 3167.99it/s, Materializing param=decoder.block.5.layer.2.layer_norm.weight]
Loading weights:  34%|███▎      | 85/252 [00:00<00:00, 3162.68it/s, Materializing param=decoder.block.5.layer.2.layer_norm.weight]
Loading weights:  34%|███▍      | 86/252 [00:00<00:00, 3134.18it/s, Materializing param=decoder.final_layer_norm.weight]
Loading weights:  34%|███▍      | 86/252 [00:00<00:00, 3128.99it/s, Materializing param=decoder.final_layer_norm.weight]
Loading weights:  35%|███▍      | 87/252 [00:00<00:00, 3131.18it/s, Materializing param=encoder.block.0.layer.0.SelfAttention.k.weight]
Loading weights:  35%|███▍      | 87/252 [00:00<00:00, 2996.10it/s, Materializing param=encoder.block.0.layer.0.SelfAttention.k.weight]
Loading weights:  35%|███▍      | 88/252 [00:00<00:00, 3019.11it/s, Materializing param=encoder.block.0.layer.0.SelfAttention.o.weight]
Loading weights:  35%|███▍      | 88/252 [00:00<00:00, 3014.36it/s, Materializing param=encoder.block.0.layer.0.SelfAttention.o.weight]
Loading weights:  35%|███▌      | 89/252 [00:00<00:00, 3038.95it/s, Materializing param=encoder.block.0.layer.0.SelfAttention.q.weight]
Loading weights:  35%|███▌      | 89/252 [00:00<00:00, 3034.46it/s, Materializing param=encoder.block.0.layer.0.SelfAttention.q.weight]
Loading weights:  36%|███▌      | 90/252 [00:00<00:00, 3057.87it/s, Materializing param=encoder.block.0.layer.0.SelfAttention.relative_attention_bias.weight]
Loading weights:  36%|███▌      | 90/252 [00:00<00:00, 3052.99it/s, Materializing param=encoder.block.0.layer.0.SelfAttention.relative_attention_bias.weight]
Loading weights:  36%|███▌      | 91/252 [00:00<00:00, 3075.97it/s, Materializing param=encoder.block.0.layer.0.SelfAttention.v.weight]
Loading weights:  36%|███▌      | 91/252 [00:00<00:00, 3071.19it/s, Materializing param=encoder.block.0.layer.0.SelfAttention.v.weight]
Loading weights:  37%|███▋      | 92/252 [00:00<00:00, 3094.38it/s, Materializing param=encoder.block.0.layer.0.layer_norm.weight]
Loading weights:  37%|███▋      | 92/252 [00:00<00:00, 3089.73it/s, Materializing param=encoder.block.0.layer.0.layer_norm.weight]
Loading weights:  37%|███▋      | 93/252 [00:00<00:00, 3112.89it/s, Materializing param=encoder.block.0.layer.1.DenseReluDense.wi_0.weight]
Loading weights:  37%|███▋      | 93/252 [00:00<00:00, 3108.18it/s, Materializing param=encoder.block.0.layer.1.DenseReluDense.wi_0.weight]
Loading weights:  37%|███▋      | 94/252 [00:00<00:00, 3130.72it/s, Materializing param=encoder.block.0.layer.1.DenseReluDense.wi_1.weight]
Loading weights:  37%|███▋      | 94/252 [00:00<00:00, 3126.03it/s, Materializing param=encoder.block.0.layer.1.DenseReluDense.wi_1.weight]
Loading weights:  38%|███▊      | 95/252 [00:00<00:00, 3148.58it/s, Materializing param=encoder.block.0.layer.1.DenseReluDense.wo.weight]
Loading weights:  38%|███▊      | 95/252 [00:00<00:00, 3143.91it/s, Materializing param=encoder.block.0.layer.1.DenseReluDense.wo.weight]
Loading weights:  38%|███▊      | 96/252 [00:00<00:00, 3166.04it/s, Materializing param=encoder.block.0.layer.1.layer_norm.weight]
Loading weights:  38%|███▊      | 96/252 [00:00<00:00, 3161.36it/s, Materializing param=encoder.block.0.layer.1.layer_norm.weight]
Loading weights:  38%|███▊      | 97/252 [00:00<00:00, 3150.97it/s, Materializing param=encoder.block.1.layer.0.SelfAttention.k.weight]
Loading weights:  38%|███▊      | 97/252 [00:00<00:00, 3146.13it/s, Materializing param=encoder.block.1.layer.0.SelfAttention.k.weight]
Loading weights:  39%|███▉      | 98/252 [00:00<00:00, 3167.78it/s, Materializing param=encoder.block.1.layer.0.SelfAttention.o.weight]
Loading weights:  39%|███▉      | 98/252 [00:00<00:00, 3163.27it/s, Materializing param=encoder.block.1.layer.0.SelfAttention.o.weight]
Loading weights:  39%|███▉      | 99/252 [00:00<00:00, 3185.13it/s, Materializing param=encoder.block.1.layer.0.SelfAttention.q.weight]
Loading weights:  39%|███▉      | 99/252 [00:00<00:00, 3180.59it/s, Materializing param=encoder.block.1.layer.0.SelfAttention.q.weight]
Loading weights:  40%|███▉      | 100/252 [00:00<00:00, 3121.64it/s, Materializing param=encoder.block.1.layer.0.SelfAttention.v.weight]
Loading weights:  40%|███▉      | 100/252 [00:00<00:00, 3116.52it/s, Materializing param=encoder.block.1.layer.0.SelfAttention.v.weight]
Loading weights:  40%|████      | 101/252 [00:00<00:00, 3117.52it/s, Materializing param=encoder.block.1.layer.0.layer_norm.weight]
Loading weights:  40%|████      | 101/252 [00:00<00:00, 3113.03it/s, Materializing param=encoder.block.1.layer.0.layer_norm.weight]
Loading weights:  40%|████      | 102/252 [00:00<00:00, 3133.91it/s, Materializing param=encoder.block.1.layer.1.DenseReluDense.wi_0.weight]
Loading weights:  40%|████      | 102/252 [00:00<00:00, 3129.55it/s, Materializing param=encoder.block.1.layer.1.DenseReluDense.wi_0.weight]
Loading weights:  41%|████      | 103/252 [00:00<00:00, 3150.42it/s, Materializing param=encoder.block.1.layer.1.DenseReluDense.wi_1.weight]
Loading weights:  41%|████      | 103/252 [00:00<00:00, 3146.10it/s, Materializing param=encoder.block.1.layer.1.DenseReluDense.wi_1.weight]
Loading weights:  41%|████▏     | 104/252 [00:00<00:00, 3166.59it/s, Materializing param=encoder.block.1.layer.1.DenseReluDense.wo.weight]
Loading weights:  41%|████▏     | 104/252 [00:00<00:00, 3162.19it/s, Materializing param=encoder.block.1.layer.1.DenseReluDense.wo.weight]
Loading weights:  42%|████▏     | 105/252 [00:00<00:00, 3085.97it/s, Materializing param=encoder.block.1.layer.1.layer_norm.weight]
Loading weights:  42%|████▏     | 105/252 [00:00<00:00, 3081.65it/s, Materializing param=encoder.block.1.layer.1.layer_norm.weight]
Loading weights:  42%|████▏     | 106/252 [00:00<00:00, 3101.62it/s, Materializing param=encoder.block.2.layer.0.SelfAttention.k.weight]
Loading weights:  42%|████▏     | 106/252 [00:00<00:00, 3097.52it/s, Materializing param=encoder.block.2.layer.0.SelfAttention.k.weight]
Loading weights:  42%|████▏     | 107/252 [00:00<00:00, 3117.58it/s, Materializing param=encoder.block.2.layer.0.SelfAttention.o.weight]
Loading weights:  42%|████▏     | 107/252 [00:00<00:00, 3113.53it/s, Materializing param=encoder.block.2.layer.0.SelfAttention.o.weight]
Loading weights:  43%|████▎     | 108/252 [00:00<00:00, 3133.30it/s, Materializing param=encoder.block.2.layer.0.SelfAttention.q.weight]
Loading weights:  43%|████▎     | 108/252 [00:00<00:00, 3129.26it/s, Materializing param=encoder.block.2.layer.0.SelfAttention.q.weight]
Loading weights:  43%|████▎     | 109/252 [00:00<00:00, 3149.16it/s, Materializing param=encoder.block.2.layer.0.SelfAttention.v.weight]
Loading weights:  43%|████▎     | 109/252 [00:00<00:00, 3145.19it/s, Materializing param=encoder.block.2.layer.0.SelfAttention.v.weight]
Loading weights:  44%|████▎     | 110/252 [00:00<00:00, 3165.01it/s, Materializing param=encoder.block.2.layer.0.layer_norm.weight]
Loading weights:  44%|████▎     | 110/252 [00:00<00:00, 3160.98it/s, Materializing param=encoder.block.2.layer.0.layer_norm.weight]
Loading weights:  44%|████▍     | 111/252 [00:00<00:00, 3142.35it/s, Materializing param=encoder.block.2.layer.1.DenseReluDense.wi_0.weight]
Loading weights:  44%|████▍     | 111/252 [00:00<00:00, 3138.07it/s, Materializing param=encoder.block.2.layer.1.DenseReluDense.wi_0.weight]
Loading weights:  44%|████▍     | 112/252 [00:00<00:00, 3157.02it/s, Materializing param=encoder.block.2.layer.1.DenseReluDense.wi_1.weight]
Loading weights:  44%|████▍     | 112/252 [00:00<00:00, 3153.04it/s, Materializing param=encoder.block.2.layer.1.DenseReluDense.wi_1.weight]
Loading weights:  45%|████▍     | 113/252 [00:00<00:00, 3172.02it/s, Materializing param=encoder.block.2.layer.1.DenseReluDense.wo.weight]
Loading weights:  45%|████▍     | 113/252 [00:00<00:00, 3167.95it/s, Materializing param=encoder.block.2.layer.1.DenseReluDense.wo.weight]
Loading weights:  45%|████▌     | 114/252 [00:00<00:00, 3096.63it/s, Materializing param=encoder.block.2.layer.1.layer_norm.weight]
Loading weights:  45%|████▌     | 114/252 [00:00<00:00, 3092.54it/s, Materializing param=encoder.block.2.layer.1.layer_norm.weight]
Loading weights:  46%|████▌     | 115/252 [00:00<00:00, 3110.34it/s, Materializing param=encoder.block.3.layer.0.SelfAttention.k.weight]
Loading weights:  46%|████▌     | 115/252 [00:00<00:00, 3106.41it/s, Materializing param=encoder.block.3.layer.0.SelfAttention.k.weight]
Loading weights:  46%|████▌     | 116/252 [00:00<00:00, 3124.51it/s, Materializing param=encoder.block.3.layer.0.SelfAttention.o.weight]
Loading weights:  46%|████▌     | 116/252 [00:00<00:00, 3120.84it/s, Materializing param=encoder.block.3.layer.0.SelfAttention.o.weight]
Loading weights:  46%|████▋     | 117/252 [00:00<00:00, 3139.13it/s, Materializing param=encoder.block.3.layer.0.SelfAttention.q.weight]
Loading weights:  46%|████▋     | 117/252 [00:00<00:00, 3135.42it/s, Materializing param=encoder.block.3.layer.0.SelfAttention.q.weight]
Loading weights:  47%|████▋     | 118/252 [00:00<00:00, 3153.71it/s, Materializing param=encoder.block.3.layer.0.SelfAttention.v.weight]
Loading weights:  47%|████▋     | 118/252 [00:00<00:00, 3150.00it/s, Materializing param=encoder.block.3.layer.0.SelfAttention.v.weight]
Loading weights:  47%|████▋     | 119/252 [00:00<00:00, 3168.04it/s, Materializing param=encoder.block.3.layer.0.layer_norm.weight]
Loading weights:  47%|████▋     | 119/252 [00:00<00:00, 3164.33it/s, Materializing param=encoder.block.3.layer.0.layer_norm.weight]
Loading weights:  48%|████▊     | 120/252 [00:00<00:00, 3141.60it/s, Materializing param=encoder.block.3.layer.1.DenseReluDense.wi_0.weight]
Loading weights:  48%|████▊     | 120/252 [00:00<00:00, 3137.69it/s, Materializing param=encoder.block.3.layer.1.DenseReluDense.wi_0.weight]
Loading weights:  48%|████▊     | 121/252 [00:00<00:00, 3155.10it/s, Materializing param=encoder.block.3.layer.1.DenseReluDense.wi_1.weight]
Loading weights:  48%|████▊     | 121/252 [00:00<00:00, 3151.36it/s, Materializing param=encoder.block.3.layer.1.DenseReluDense.wi_1.weight]
Loading weights:  48%|████▊     | 122/252 [00:00<00:00, 3169.00it/s, Materializing param=encoder.block.3.layer.1.DenseReluDense.wo.weight]
Loading weights:  48%|████▊     | 122/252 [00:00<00:00, 3165.26it/s, Materializing param=encoder.block.3.layer.1.DenseReluDense.wo.weight]
Loading weights:  49%|████▉     | 123/252 [00:00<00:00, 3182.93it/s, Materializing param=encoder.block.3.layer.1.layer_norm.weight]
Loading weights:  49%|████▉     | 123/252 [00:00<00:00, 3179.32it/s, Materializing param=encoder.block.3.layer.1.layer_norm.weight]
Loading weights:  49%|████▉     | 124/252 [00:00<00:00, 3177.66it/s, Materializing param=encoder.block.4.layer.0.SelfAttention.k.weight]
Loading weights:  49%|████▉     | 124/252 [00:00<00:00, 3173.92it/s, Materializing param=encoder.block.4.layer.0.SelfAttention.k.weight]
Loading weights:  50%|████▉     | 125/252 [00:00<00:00, 3152.11it/s, Materializing param=encoder.block.4.layer.0.SelfAttention.o.weight]
Loading weights:  50%|████▉     | 125/252 [00:00<00:00, 3147.44it/s, Materializing param=encoder.block.4.layer.0.SelfAttention.o.weight]
Loading weights:  50%|█████     | 126/252 [00:00<00:00, 3114.62it/s, Materializing param=encoder.block.4.layer.0.SelfAttention.q.weight]
Loading weights:  50%|█████     | 126/252 [00:00<00:00, 3110.97it/s, Materializing param=encoder.block.4.layer.0.SelfAttention.q.weight]
Loading weights:  50%|█████     | 127/252 [00:00<00:00, 3127.32it/s, Materializing param=encoder.block.4.layer.0.SelfAttention.v.weight]
Loading weights:  50%|█████     | 127/252 [00:00<00:00, 3123.80it/s, Materializing param=encoder.block.4.layer.0.SelfAttention.v.weight]
Loading weights:  51%|█████     | 128/252 [00:00<00:00, 3140.57it/s, Materializing param=encoder.block.4.layer.0.layer_norm.weight]
Loading weights:  51%|█████     | 128/252 [00:00<00:00, 3128.93it/s, Materializing param=encoder.block.4.layer.0.layer_norm.weight]
Loading weights:  51%|█████     | 129/252 [00:00<00:00, 3145.58it/s, Materializing param=encoder.block.4.layer.1.DenseReluDense.wi_0.weight]
Loading weights:  51%|█████     | 129/252 [00:00<00:00, 3142.20it/s, Materializing param=encoder.block.4.layer.1.DenseReluDense.wi_0.weight]
Loading weights:  52%|█████▏    | 130/252 [00:00<00:00, 3076.23it/s, Materializing param=encoder.block.4.layer.1.DenseReluDense.wi_1.weight]
Loading weights:  52%|█████▏    | 130/252 [00:00<00:00, 3072.66it/s, Materializing param=encoder.block.4.layer.1.DenseReluDense.wi_1.weight]
Loading weights:  52%|█████▏    | 131/252 [00:00<00:00, 3088.73it/s, Materializing param=encoder.block.4.layer.1.DenseReluDense.wo.weight]
Loading weights:  52%|█████▏    | 131/252 [00:00<00:00, 3085.40it/s, Materializing param=encoder.block.4.layer.1.DenseReluDense.wo.weight]
Loading weights:  52%|█████▏    | 132/252 [00:00<00:00, 3101.39it/s, Materializing param=encoder.block.4.layer.1.layer_norm.weight]
Loading weights:  52%|█████▏    | 132/252 [00:00<00:00, 3098.16it/s, Materializing param=encoder.block.4.layer.1.layer_norm.weight]
Loading weights:  53%|█████▎    | 133/252 [00:00<00:00, 3114.18it/s, Materializing param=encoder.block.5.layer.0.SelfAttention.k.weight]
Loading weights:  53%|█████▎    | 133/252 [00:00<00:00, 3110.86it/s, Materializing param=encoder.block.5.layer.0.SelfAttention.k.weight]
Loading weights:  53%|█████▎    | 134/252 [00:00<00:00, 3126.87it/s, Materializing param=encoder.block.5.layer.0.SelfAttention.o.weight]
Loading weights:  53%|█████▎    | 134/252 [00:00<00:00, 3123.54it/s, Materializing param=encoder.block.5.layer.0.SelfAttention.o.weight]
Loading weights:  54%|█████▎    | 135/252 [00:00<00:00, 3139.34it/s, Materializing param=encoder.block.5.layer.0.SelfAttention.q.weight]
Loading weights:  54%|█████▎    | 135/252 [00:00<00:00, 3136.06it/s, Materializing param=encoder.block.5.layer.0.SelfAttention.q.weight]
Loading weights:  54%|█████▍    | 136/252 [00:00<00:00, 3151.89it/s, Materializing param=encoder.block.5.layer.0.SelfAttention.v.weight]
Loading weights:  54%|█████▍    | 136/252 [00:00<00:00, 3148.63it/s, Materializing param=encoder.block.5.layer.0.SelfAttention.v.weight]
Loading weights:  54%|█████▍    | 137/252 [00:00<00:00, 3164.48it/s, Materializing param=encoder.block.5.layer.0.layer_norm.weight]
Loading weights:  54%|█████▍    | 137/252 [00:00<00:00, 3161.25it/s, Materializing param=encoder.block.5.layer.0.layer_norm.weight]
Loading weights:  55%|█████▍    | 138/252 [00:00<00:00, 3143.81it/s, Materializing param=encoder.block.5.layer.1.DenseReluDense.wi_0.weight]
Loading weights:  55%|█████▍    | 138/252 [00:00<00:00, 3136.30it/s, Materializing param=encoder.block.5.layer.1.DenseReluDense.wi_0.weight]
Loading weights:  55%|█████▌    | 139/252 [00:00<00:00, 3151.70it/s, Materializing param=encoder.block.5.layer.1.DenseReluDense.wi_1.weight]
Loading weights:  55%|█████▌    | 139/252 [00:00<00:00, 3148.49it/s, Materializing param=encoder.block.5.layer.1.DenseReluDense.wi_1.weight]
Loading weights:  56%|█████▌    | 140/252 [00:00<00:00, 3164.88it/s, Materializing param=encoder.block.5.layer.1.DenseReluDense.wo.weight]
Loading weights:  56%|█████▌    | 140/252 [00:00<00:00, 3161.78it/s, Materializing param=encoder.block.5.layer.1.DenseReluDense.wo.weight]
Loading weights:  56%|█████▌    | 141/252 [00:00<00:00, 3110.59it/s, Materializing param=encoder.block.5.layer.1.layer_norm.weight]
Loading weights:  56%|█████▌    | 141/252 [00:00<00:00, 3107.27it/s, Materializing param=encoder.block.5.layer.1.layer_norm.weight]
Loading weights:  56%|█████▋    | 142/252 [00:00<00:00, 3122.10it/s, Materializing param=encoder.block.6.layer.0.SelfAttention.k.weight]
Loading weights:  56%|█████▋    | 142/252 [00:00<00:00, 3107.57it/s, Materializing param=encoder.block.6.layer.0.SelfAttention.k.weight]
Loading weights:  57%|█████▋    | 143/252 [00:00<00:00, 3122.31it/s, Materializing param=encoder.block.6.layer.0.SelfAttention.o.weight]
Loading weights:  57%|█████▋    | 143/252 [00:00<00:00, 3119.32it/s, Materializing param=encoder.block.6.layer.0.SelfAttention.o.weight]
Loading weights:  57%|█████▋    | 144/252 [00:00<00:00, 3135.10it/s, Materializing param=encoder.block.6.layer.0.SelfAttention.q.weight]
Loading weights:  57%|█████▋    | 144/252 [00:00<00:00, 3132.16it/s, Materializing param=encoder.block.6.layer.0.SelfAttention.q.weight]
Loading weights:  58%|█████▊    | 145/252 [00:00<00:00, 3146.78it/s, Materializing param=encoder.block.6.layer.0.SelfAttention.v.weight]
Loading weights:  58%|█████▊    | 145/252 [00:00<00:00, 3143.70it/s, Materializing param=encoder.block.6.layer.0.SelfAttention.v.weight]
Loading weights:  58%|█████▊    | 146/252 [00:00<00:00, 3158.49it/s, Materializing param=encoder.block.6.layer.0.layer_norm.weight]
Loading weights:  58%|█████▊    | 146/252 [00:00<00:00, 3155.50it/s, Materializing param=encoder.block.6.layer.0.layer_norm.weight]
Loading weights:  58%|█████▊    | 147/252 [00:00<00:00, 3170.30it/s, Materializing param=encoder.block.6.layer.1.DenseReluDense.wi_0.weight]
Loading weights:  58%|█████▊    | 147/252 [00:00<00:00, 3167.19it/s, Materializing param=encoder.block.6.layer.1.DenseReluDense.wi_0.weight]
Loading weights:  59%|█████▊    | 148/252 [00:00<00:00, 3181.70it/s, Materializing param=encoder.block.6.layer.1.DenseReluDense.wi_1.weight]
Loading weights:  59%|█████▊    | 148/252 [00:00<00:00, 3178.61it/s, Materializing param=encoder.block.6.layer.1.DenseReluDense.wi_1.weight]
Loading weights:  59%|█████▉    | 149/252 [00:00<00:00, 3113.00it/s, Materializing param=encoder.block.6.layer.1.DenseReluDense.wo.weight]
Loading weights:  59%|█████▉    | 149/252 [00:00<00:00, 3109.47it/s, Materializing param=encoder.block.6.layer.1.DenseReluDense.wo.weight]
Loading weights:  60%|█████▉    | 150/252 [00:00<00:00, 3123.46it/s, Materializing param=encoder.block.6.layer.1.layer_norm.weight]
Loading weights:  60%|█████▉    | 150/252 [00:00<00:00, 3120.56it/s, Materializing param=encoder.block.6.layer.1.layer_norm.weight]
Loading weights:  60%|█████▉    | 151/252 [00:00<00:00, 3134.77it/s, Materializing param=encoder.block.7.layer.0.SelfAttention.k.weight]
Loading weights:  60%|█████▉    | 151/252 [00:00<00:00, 3131.87it/s, Materializing param=encoder.block.7.layer.0.SelfAttention.k.weight]
Loading weights:  60%|██████    | 152/252 [00:00<00:00, 3145.97it/s, Materializing param=encoder.block.7.layer.0.SelfAttention.o.weight]
Loading weights:  60%|██████    | 152/252 [00:00<00:00, 3143.04it/s, Materializing param=encoder.block.7.layer.0.SelfAttention.o.weight]
Loading weights:  61%|██████    | 153/252 [00:00<00:00, 3157.09it/s, Materializing param=encoder.block.7.layer.0.SelfAttention.q.weight]
Loading weights:  61%|██████    | 153/252 [00:00<00:00, 3154.20it/s, Materializing param=encoder.block.7.layer.0.SelfAttention.q.weight]
Loading weights:  61%|██████    | 154/252 [00:00<00:00, 3168.42it/s, Materializing param=encoder.block.7.layer.0.SelfAttention.v.weight]
Loading weights:  61%|██████    | 154/252 [00:00<00:00, 3165.57it/s, Materializing param=encoder.block.7.layer.0.SelfAttention.v.weight]
Loading weights:  62%|██████▏   | 155/252 [00:00<00:00, 3156.58it/s, Materializing param=encoder.block.7.layer.0.layer_norm.weight]
Loading weights:  62%|██████▏   | 155/252 [00:00<00:00, 3153.61it/s, Materializing param=encoder.block.7.layer.0.layer_norm.weight]
Loading weights:  62%|██████▏   | 156/252 [00:00<00:00, 3158.35it/s, Materializing param=encoder.block.7.layer.1.DenseReluDense.wi_0.weight]
Loading weights:  62%|██████▏   | 156/252 [00:00<00:00, 3155.35it/s, Materializing param=encoder.block.7.layer.1.DenseReluDense.wi_0.weight]
Loading weights:  62%|██████▏   | 157/252 [00:00<00:00, 3169.00it/s, Materializing param=encoder.block.7.layer.1.DenseReluDense.wi_1.weight]
Loading weights:  62%|██████▏   | 157/252 [00:00<00:00, 3166.15it/s, Materializing param=encoder.block.7.layer.1.DenseReluDense.wi_1.weight]
Loading weights:  63%|██████▎   | 158/252 [00:00<00:00, 3146.59it/s, Materializing param=encoder.block.7.layer.1.DenseReluDense.wo.weight]
Loading weights:  63%|██████▎   | 158/252 [00:00<00:00, 3143.66it/s, Materializing param=encoder.block.7.layer.1.DenseReluDense.wo.weight]
Loading weights:  63%|██████▎   | 159/252 [00:00<00:00, 3157.11it/s, Materializing param=encoder.block.7.layer.1.layer_norm.weight]
Loading weights:  63%|██████▎   | 159/252 [00:00<00:00, 3154.36it/s, Materializing param=encoder.block.7.layer.1.layer_norm.weight]
Loading weights:  63%|██████▎   | 160/252 [00:00<00:00, 3167.92it/s, Materializing param=encoder.block.8.layer.0.SelfAttention.k.weight]
Loading weights:  63%|██████▎   | 160/252 [00:00<00:00, 3165.12it/s, Materializing param=encoder.block.8.layer.0.SelfAttention.k.weight]
Loading weights:  64%|██████▍   | 161/252 [00:00<00:00, 3178.64it/s, Materializing param=encoder.block.8.layer.0.SelfAttention.o.weight]
Loading weights:  64%|██████▍   | 161/252 [00:00<00:00, 3175.86it/s, Materializing param=encoder.block.8.layer.0.SelfAttention.o.weight]
Loading weights:  64%|██████▍   | 162/252 [00:00<00:00, 3189.35it/s, Materializing param=encoder.block.8.layer.0.SelfAttention.q.weight]
Loading weights:  64%|██████▍   | 162/252 [00:00<00:00, 3186.59it/s, Materializing param=encoder.block.8.layer.0.SelfAttention.q.weight]
Loading weights:  65%|██████▍   | 163/252 [00:00<00:00, 3173.43it/s, Materializing param=encoder.block.8.layer.0.SelfAttention.v.weight]
Loading weights:  65%|██████▍   | 163/252 [00:00<00:00, 3170.53it/s, Materializing param=encoder.block.8.layer.0.SelfAttention.v.weight]
Loading weights:  65%|██████▌   | 164/252 [00:00<00:00, 3183.55it/s, Materializing param=encoder.block.8.layer.0.layer_norm.weight]
Loading weights:  65%|██████▌   | 164/252 [00:00<00:00, 3180.84it/s, Materializing param=encoder.block.8.layer.0.layer_norm.weight]
Loading weights:  65%|██████▌   | 165/252 [00:00<00:00, 3180.54it/s, Materializing param=encoder.block.8.layer.1.DenseReluDense.wi_0.weight]
Loading weights:  65%|██████▌   | 165/252 [00:00<00:00, 3160.73it/s, Materializing param=encoder.block.8.layer.1.DenseReluDense.wi_0.weight]
Loading weights:  66%|██████▌   | 166/252 [00:00<00:00, 3173.52it/s, Materializing param=encoder.block.8.layer.1.DenseReluDense.wi_1.weight]
Loading weights:  66%|██████▌   | 166/252 [00:00<00:00, 3170.79it/s, Materializing param=encoder.block.8.layer.1.DenseReluDense.wi_1.weight]
Loading weights:  66%|██████▋   | 167/252 [00:00<00:00, 3143.89it/s, Materializing param=encoder.block.8.layer.1.DenseReluDense.wo.weight]
Loading weights:  66%|██████▋   | 167/252 [00:00<00:00, 3141.07it/s, Materializing param=encoder.block.8.layer.1.DenseReluDense.wo.weight]
Loading weights:  67%|██████▋   | 168/252 [00:00<00:00, 3153.61it/s, Materializing param=encoder.block.8.layer.1.layer_norm.weight]
Loading weights:  67%|██████▋   | 168/252 [00:00<00:00, 3151.00it/s, Materializing param=encoder.block.8.layer.1.layer_norm.weight]
Loading weights:  67%|██████▋   | 169/252 [00:00<00:00, 3163.69it/s, Materializing param=encoder.block.9.layer.0.SelfAttention.k.weight]
Loading weights:  67%|██████▋   | 169/252 [00:00<00:00, 3151.41it/s, Materializing param=encoder.block.9.layer.0.SelfAttention.k.weight]
Loading weights:  67%|██████▋   | 170/252 [00:00<00:00, 3139.50it/s, Materializing param=encoder.block.9.layer.0.SelfAttention.o.weight]
Loading weights:  67%|██████▋   | 170/252 [00:00<00:00, 3136.76it/s, Materializing param=encoder.block.9.layer.0.SelfAttention.o.weight]
Loading weights:  68%|██████▊   | 171/252 [00:00<00:00, 3148.90it/s, Materializing param=encoder.block.9.layer.0.SelfAttention.q.weight]
Loading weights:  68%|██████▊   | 171/252 [00:00<00:00, 3146.28it/s, Materializing param=encoder.block.9.layer.0.SelfAttention.q.weight]
Loading weights:  68%|██████▊   | 172/252 [00:00<00:00, 3158.76it/s, Materializing param=encoder.block.9.layer.0.SelfAttention.v.weight]
Loading weights:  68%|██████▊   | 172/252 [00:00<00:00, 3156.23it/s, Materializing param=encoder.block.9.layer.0.SelfAttention.v.weight]
Loading weights:  69%|██████▊   | 173/252 [00:00<00:00, 3168.65it/s, Materializing param=encoder.block.9.layer.0.layer_norm.weight]
Loading weights:  69%|██████▊   | 173/252 [00:00<00:00, 3166.08it/s, Materializing param=encoder.block.9.layer.0.layer_norm.weight]
Loading weights:  69%|██████▉   | 174/252 [00:00<00:00, 3178.55it/s, Materializing param=encoder.block.9.layer.1.DenseReluDense.wi_0.weight]
Loading weights:  69%|██████▉   | 174/252 [00:00<00:00, 3175.97it/s, Materializing param=encoder.block.9.layer.1.DenseReluDense.wi_0.weight]
Loading weights:  69%|██████▉   | 175/252 [00:00<00:00, 3151.96it/s, Materializing param=encoder.block.9.layer.1.DenseReluDense.wi_1.weight]
Loading weights:  69%|██████▉   | 175/252 [00:00<00:00, 3149.21it/s, Materializing param=encoder.block.9.layer.1.DenseReluDense.wi_1.weight]
Loading weights:  70%|██████▉   | 176/252 [00:00<00:00, 3162.24it/s, Materializing param=encoder.block.9.layer.1.DenseReluDense.wo.weight]
Loading weights:  70%|██████▉   | 176/252 [00:00<00:00, 3159.15it/s, Materializing param=encoder.block.9.layer.1.DenseReluDense.wo.weight]
Loading weights:  70%|███████   | 177/252 [00:00<00:00, 3170.80it/s, Materializing param=encoder.block.9.layer.1.layer_norm.weight]
Loading weights:  70%|███████   | 177/252 [00:00<00:00, 3168.28it/s, Materializing param=encoder.block.9.layer.1.layer_norm.weight]
Loading weights:  71%|███████   | 178/252 [00:00<00:00, 3180.22it/s, Materializing param=encoder.block.10.layer.0.SelfAttention.k.weight]
Loading weights:  71%|███████   | 178/252 [00:00<00:00, 3177.68it/s, Materializing param=encoder.block.10.layer.0.SelfAttention.k.weight]
Loading weights:  71%|███████   | 179/252 [00:00<00:00, 3162.99it/s, Materializing param=encoder.block.10.layer.0.SelfAttention.o.weight]
Loading weights:  71%|███████   | 179/252 [00:00<00:00, 3160.37it/s, Materializing param=encoder.block.10.layer.0.SelfAttention.o.weight]
Loading weights:  71%|███████▏  | 180/252 [00:00<00:00, 3172.27it/s, Materializing param=encoder.block.10.layer.0.SelfAttention.q.weight]
Loading weights:  71%|███████▏  | 180/252 [00:00<00:00, 3169.78it/s, Materializing param=encoder.block.10.layer.0.SelfAttention.q.weight]
Loading weights:  72%|███████▏  | 181/252 [00:00<00:00, 3181.70it/s, Materializing param=encoder.block.10.layer.0.SelfAttention.v.weight]
Loading weights:  72%|███████▏  | 181/252 [00:00<00:00, 3179.17it/s, Materializing param=encoder.block.10.layer.0.SelfAttention.v.weight]
Loading weights:  72%|███████▏  | 182/252 [00:00<00:00, 3142.64it/s, Materializing param=encoder.block.10.layer.0.layer_norm.weight]
Loading weights:  72%|███████▏  | 182/252 [00:00<00:00, 3140.02it/s, Materializing param=encoder.block.10.layer.0.layer_norm.weight]
Loading weights:  73%|███████▎  | 183/252 [00:00<00:00, 3141.41it/s, Materializing param=encoder.block.10.layer.1.DenseReluDense.wi_0.weight]
Loading weights:  73%|███████▎  | 183/252 [00:00<00:00, 3138.83it/s, Materializing param=encoder.block.10.layer.1.DenseReluDense.wi_0.weight]
Loading weights:  73%|███████▎  | 184/252 [00:00<00:00, 3150.27it/s, Materializing param=encoder.block.10.layer.1.DenseReluDense.wi_1.weight]
Loading weights:  73%|███████▎  | 184/252 [00:00<00:00, 3147.85it/s, Materializing param=encoder.block.10.layer.1.DenseReluDense.wi_1.weight]
Loading weights:  73%|███████▎  | 185/252 [00:00<00:00, 3159.40it/s, Materializing param=encoder.block.10.layer.1.DenseReluDense.wo.weight]
Loading weights:  73%|███████▎  | 185/252 [00:00<00:00, 3157.01it/s, Materializing param=encoder.block.10.layer.1.DenseReluDense.wo.weight]
Loading weights:  74%|███████▍  | 186/252 [00:00<00:00, 3168.66it/s, Materializing param=encoder.block.10.layer.1.layer_norm.weight]
Loading weights:  74%|███████▍  | 186/252 [00:00<00:00, 3166.28it/s, Materializing param=encoder.block.10.layer.1.layer_norm.weight]
Loading weights:  74%|███████▍  | 187/252 [00:00<00:00, 3177.92it/s, Materializing param=encoder.block.11.layer.0.SelfAttention.k.weight]
Loading weights:  74%|███████▍  | 187/252 [00:00<00:00, 3175.55it/s, Materializing param=encoder.block.11.layer.0.SelfAttention.k.weight]
Loading weights:  75%|███████▍  | 188/252 [00:00<00:00, 3155.34it/s, Materializing param=encoder.block.11.layer.0.SelfAttention.o.weight]
Loading weights:  75%|███████▍  | 188/252 [00:00<00:00, 3152.82it/s, Materializing param=encoder.block.11.layer.0.SelfAttention.o.weight]
Loading weights:  75%|███████▌  | 189/252 [00:00<00:00, 3163.72it/s, Materializing param=encoder.block.11.layer.0.SelfAttention.q.weight]
Loading weights:  75%|███████▌  | 189/252 [00:00<00:00, 3140.98it/s, Materializing param=encoder.block.11.layer.0.SelfAttention.q.weight]
Loading weights:  75%|███████▌  | 190/252 [00:00<00:00, 3151.24it/s, Materializing param=encoder.block.11.layer.0.SelfAttention.v.weight]
Loading weights:  75%|███████▌  | 190/252 [00:00<00:00, 3148.74it/s, Materializing param=encoder.block.11.layer.0.SelfAttention.v.weight]
Loading weights:  76%|███████▌  | 191/252 [00:00<00:00, 3159.91it/s, Materializing param=encoder.block.11.layer.0.layer_norm.weight]
Loading weights:  76%|███████▌  | 191/252 [00:00<00:00, 3157.54it/s, Materializing param=encoder.block.11.layer.0.layer_norm.weight]
Loading weights:  76%|███████▌  | 192/252 [00:00<00:00, 3168.68it/s, Materializing param=encoder.block.11.layer.1.DenseReluDense.wi_0.weight]
Loading weights:  76%|███████▌  | 192/252 [00:00<00:00, 3166.32it/s, Materializing param=encoder.block.11.layer.1.DenseReluDense.wi_0.weight]
Loading weights:  77%|███████▋  | 193/252 [00:00<00:00, 3177.52it/s, Materializing param=encoder.block.11.layer.1.DenseReluDense.wi_1.weight]
Loading weights:  77%|███████▋  | 193/252 [00:00<00:00, 3175.21it/s, Materializing param=encoder.block.11.layer.1.DenseReluDense.wi_1.weight]
Loading weights:  77%|███████▋  | 194/252 [00:00<00:00, 3148.63it/s, Materializing param=encoder.block.11.layer.1.DenseReluDense.wo.weight]
Loading weights:  77%|███████▋  | 194/252 [00:00<00:00, 3146.15it/s, Materializing param=encoder.block.11.layer.1.DenseReluDense.wo.weight]
Loading weights:  77%|███████▋  | 195/252 [00:00<00:00, 3157.04it/s, Materializing param=encoder.block.11.layer.1.layer_norm.weight]
Loading weights:  77%|███████▋  | 195/252 [00:00<00:00, 3154.80it/s, Materializing param=encoder.block.11.layer.1.layer_norm.weight]
Loading weights:  78%|███████▊  | 196/252 [00:00<00:00, 3162.10it/s, Materializing param=encoder.block.12.layer.0.SelfAttention.k.weight]
Loading weights:  78%|███████▊  | 196/252 [00:00<00:00, 3159.76it/s, Materializing param=encoder.block.12.layer.0.SelfAttention.k.weight]
Loading weights:  78%|███████▊  | 197/252 [00:00<00:00, 3170.69it/s, Materializing param=encoder.block.12.layer.0.SelfAttention.o.weight]
Loading weights:  78%|███████▊  | 197/252 [00:00<00:00, 3168.47it/s, Materializing param=encoder.block.12.layer.0.SelfAttention.o.weight]
Loading weights:  79%|███████▊  | 198/252 [00:00<00:00, 3179.51it/s, Materializing param=encoder.block.12.layer.0.SelfAttention.q.weight]
Loading weights:  79%|███████▊  | 198/252 [00:00<00:00, 3177.28it/s, Materializing param=encoder.block.12.layer.0.SelfAttention.q.weight]
Loading weights:  79%|███████▉  | 199/252 [00:00<00:00, 3166.57it/s, Materializing param=encoder.block.12.layer.0.SelfAttention.v.weight]
Loading weights:  79%|███████▉  | 199/252 [00:00<00:00, 3164.23it/s, Materializing param=encoder.block.12.layer.0.SelfAttention.v.weight]
Loading weights:  79%|███████▉  | 200/252 [00:00<00:00, 3128.57it/s, Materializing param=encoder.block.12.layer.0.layer_norm.weight]
Loading weights:  79%|███████▉  | 200/252 [00:00<00:00, 3109.28it/s, Materializing param=encoder.block.12.layer.0.layer_norm.weight]
Loading weights:  80%|███████▉  | 201/252 [00:00<00:00, 3119.10it/s, Materializing param=encoder.block.12.layer.1.DenseReluDense.wi_0.weight]
Loading weights:  80%|███████▉  | 201/252 [00:00<00:00, 3116.83it/s, Materializing param=encoder.block.12.layer.1.DenseReluDense.wi_0.weight]
Loading weights:  80%|████████  | 202/252 [00:00<00:00, 3127.04it/s, Materializing param=encoder.block.12.layer.1.DenseReluDense.wi_1.weight]
Loading weights:  80%|████████  | 202/252 [00:00<00:00, 3124.77it/s, Materializing param=encoder.block.12.layer.1.DenseReluDense.wi_1.weight]
Loading weights:  81%|████████  | 203/252 [00:00<00:00, 3135.24it/s, Materializing param=encoder.block.12.layer.1.DenseReluDense.wo.weight]
Loading weights:  81%|████████  | 203/252 [00:00<00:00, 3133.03it/s, Materializing param=encoder.block.12.layer.1.DenseReluDense.wo.weight]
Loading weights:  81%|████████  | 204/252 [00:00<00:00, 3143.36it/s, Materializing param=encoder.block.12.layer.1.layer_norm.weight]
Loading weights:  81%|████████  | 204/252 [00:00<00:00, 3141.25it/s, Materializing param=encoder.block.12.layer.1.layer_norm.weight]
Loading weights:  81%|████████▏ | 205/252 [00:00<00:00, 3151.66it/s, Materializing param=encoder.block.13.layer.0.SelfAttention.k.weight]
Loading weights:  81%|████████▏ | 205/252 [00:00<00:00, 3149.51it/s, Materializing param=encoder.block.13.layer.0.SelfAttention.k.weight]
Loading weights:  82%|████████▏ | 206/252 [00:00<00:00, 3159.94it/s, Materializing param=encoder.block.13.layer.0.SelfAttention.o.weight]
Loading weights:  82%|████████▏ | 206/252 [00:00<00:00, 3157.76it/s, Materializing param=encoder.block.13.layer.0.SelfAttention.o.weight]
Loading weights:  82%|████████▏ | 207/252 [00:00<00:00, 3136.55it/s, Materializing param=encoder.block.13.layer.0.SelfAttention.q.weight]
Loading weights:  82%|████████▏ | 207/252 [00:00<00:00, 3134.30it/s, Materializing param=encoder.block.13.layer.0.SelfAttention.q.weight]
Loading weights:  83%|████████▎ | 208/252 [00:00<00:00, 3145.36it/s, Materializing param=encoder.block.13.layer.0.SelfAttention.v.weight]
Loading weights:  83%|████████▎ | 208/252 [00:00<00:00, 3143.34it/s, Materializing param=encoder.block.13.layer.0.SelfAttention.v.weight]
Loading weights:  83%|████████▎ | 209/252 [00:00<00:00, 3153.70it/s, Materializing param=encoder.block.13.layer.0.layer_norm.weight]
Loading weights:  83%|████████▎ | 209/252 [00:00<00:00, 3139.20it/s, Materializing param=encoder.block.13.layer.0.layer_norm.weight]
Loading weights:  83%|████████▎ | 210/252 [00:00<00:00, 3149.39it/s, Materializing param=encoder.block.13.layer.1.DenseReluDense.wi_0.weight]
Loading weights:  83%|████████▎ | 210/252 [00:00<00:00, 3147.34it/s, Materializing param=encoder.block.13.layer.1.DenseReluDense.wi_0.weight]
Loading weights:  84%|████████▎ | 211/252 [00:00<00:00, 3157.48it/s, Materializing param=encoder.block.13.layer.1.DenseReluDense.wi_1.weight]
Loading weights:  84%|████████▎ | 211/252 [00:00<00:00, 3155.37it/s, Materializing param=encoder.block.13.layer.1.DenseReluDense.wi_1.weight]
Loading weights:  84%|████████▍ | 212/252 [00:00<00:00, 3142.76it/s, Materializing param=encoder.block.13.layer.1.DenseReluDense.wo.weight]
Loading weights:  84%|████████▍ | 212/252 [00:00<00:00, 3140.56it/s, Materializing param=encoder.block.13.layer.1.DenseReluDense.wo.weight]
Loading weights:  85%|████████▍ | 213/252 [00:00<00:00, 3150.56it/s, Materializing param=encoder.block.13.layer.1.layer_norm.weight]
Loading weights:  85%|████████▍ | 213/252 [00:00<00:00, 3148.51it/s, Materializing param=encoder.block.13.layer.1.layer_norm.weight]
Loading weights:  85%|████████▍ | 214/252 [00:00<00:00, 3158.21it/s, Materializing param=encoder.block.14.layer.0.SelfAttention.k.weight]
Loading weights:  85%|████████▍ | 214/252 [00:00<00:00, 3154.12it/s, Materializing param=encoder.block.14.layer.0.SelfAttention.k.weight]
Loading weights:  85%|████████▌ | 215/252 [00:00<00:00, 3139.37it/s, Materializing param=encoder.block.14.layer.0.SelfAttention.o.weight]
Loading weights:  85%|████████▌ | 215/252 [00:00<00:00, 3137.17it/s, Materializing param=encoder.block.14.layer.0.SelfAttention.o.weight]
Loading weights:  86%|████████▌ | 216/252 [00:00<00:00, 3147.00it/s, Materializing param=encoder.block.14.layer.0.SelfAttention.q.weight]
Loading weights:  86%|████████▌ | 216/252 [00:00<00:00, 3145.00it/s, Materializing param=encoder.block.14.layer.0.SelfAttention.q.weight]
Loading weights:  86%|████████▌ | 217/252 [00:00<00:00, 3154.84it/s, Materializing param=encoder.block.14.layer.0.SelfAttention.v.weight]
Loading weights:  86%|████████▌ | 217/252 [00:00<00:00, 3152.81it/s, Materializing param=encoder.block.14.layer.0.SelfAttention.v.weight]
Loading weights:  87%|████████▋ | 218/252 [00:00<00:00, 3162.64it/s, Materializing param=encoder.block.14.layer.0.layer_norm.weight]
Loading weights:  87%|████████▋ | 218/252 [00:00<00:00, 3160.67it/s, Materializing param=encoder.block.14.layer.0.layer_norm.weight]
Loading weights:  87%|████████▋ | 219/252 [00:00<00:00, 3170.62it/s, Materializing param=encoder.block.14.layer.1.DenseReluDense.wi_0.weight]
Loading weights:  87%|████████▋ | 219/252 [00:00<00:00, 3168.54it/s, Materializing param=encoder.block.14.layer.1.DenseReluDense.wi_0.weight]
Loading weights:  87%|████████▋ | 220/252 [00:00<00:00, 3178.33it/s, Materializing param=encoder.block.14.layer.1.DenseReluDense.wi_1.weight]
Loading weights:  87%|████████▋ | 220/252 [00:00<00:00, 3176.32it/s, Materializing param=encoder.block.14.layer.1.DenseReluDense.wi_1.weight]
Loading weights:  88%|████████▊ | 221/252 [00:00<00:00, 3170.21it/s, Materializing param=encoder.block.14.layer.1.DenseReluDense.wo.weight]
Loading weights:  88%|████████▊ | 221/252 [00:00<00:00, 3168.04it/s, Materializing param=encoder.block.14.layer.1.DenseReluDense.wo.weight]
Loading weights:  88%|████████▊ | 222/252 [00:00<00:00, 3153.39it/s, Materializing param=encoder.block.14.layer.1.layer_norm.weight]
Loading weights:  88%|████████▊ | 222/252 [00:00<00:00, 3149.04it/s, Materializing param=encoder.block.14.layer.1.layer_norm.weight]
Loading weights:  88%|████████▊ | 223/252 [00:00<00:00, 3158.87it/s, Materializing param=encoder.block.15.layer.0.SelfAttention.k.weight]
Loading weights:  88%|████████▊ | 223/252 [00:00<00:00, 3156.95it/s, Materializing param=encoder.block.15.layer.0.SelfAttention.k.weight]
Loading weights:  89%|████████▉ | 224/252 [00:00<00:00, 3167.23it/s, Materializing param=encoder.block.15.layer.0.SelfAttention.o.weight]
Loading weights:  89%|████████▉ | 224/252 [00:00<00:00, 3165.35it/s, Materializing param=encoder.block.15.layer.0.SelfAttention.o.weight]
Loading weights:  89%|████████▉ | 225/252 [00:00<00:00, 3174.93it/s, Materializing param=encoder.block.15.layer.0.SelfAttention.q.weight]
Loading weights:  89%|████████▉ | 225/252 [00:00<00:00, 3172.92it/s, Materializing param=encoder.block.15.layer.0.SelfAttention.q.weight]
Loading weights:  90%|████████▉ | 226/252 [00:00<00:00, 3149.00it/s, Materializing param=encoder.block.15.layer.0.SelfAttention.v.weight]
Loading weights:  90%|████████▉ | 226/252 [00:00<00:00, 3146.64it/s, Materializing param=encoder.block.15.layer.0.SelfAttention.v.weight]
Loading weights:  90%|█████████ | 227/252 [00:00<00:00, 3156.46it/s, Materializing param=encoder.block.15.layer.0.layer_norm.weight]
Loading weights:  90%|█████████ | 227/252 [00:00<00:00, 3154.53it/s, Materializing param=encoder.block.15.layer.0.layer_norm.weight]
Loading weights:  90%|█████████ | 228/252 [00:00<00:00, 3163.85it/s, Materializing param=encoder.block.15.layer.1.DenseReluDense.wi_0.weight]
Loading weights:  90%|█████████ | 228/252 [00:00<00:00, 3161.88it/s, Materializing param=encoder.block.15.layer.1.DenseReluDense.wi_0.weight]
Loading weights:  91%|█████████ | 229/252 [00:00<00:00, 3171.05it/s, Materializing param=encoder.block.15.layer.1.DenseReluDense.wi_1.weight]
Loading weights:  91%|█████████ | 229/252 [00:00<00:00, 3169.12it/s, Materializing param=encoder.block.15.layer.1.DenseReluDense.wi_1.weight]
Loading weights:  91%|█████████▏| 230/252 [00:00<00:00, 3178.52it/s, Materializing param=encoder.block.15.layer.1.DenseReluDense.wo.weight]
Loading weights:  91%|█████████▏| 230/252 [00:00<00:00, 3176.60it/s, Materializing param=encoder.block.15.layer.1.DenseReluDense.wo.weight]
Loading weights:  92%|█████████▏| 231/252 [00:00<00:00, 3140.86it/s, Materializing param=encoder.block.15.layer.1.layer_norm.weight]
Loading weights:  92%|█████████▏| 231/252 [00:00<00:00, 3138.82it/s, Materializing param=encoder.block.15.layer.1.layer_norm.weight]
Loading weights:  92%|█████████▏| 232/252 [00:00<00:00, 3148.03it/s, Materializing param=encoder.block.16.layer.0.SelfAttention.k.weight]
Loading weights:  92%|█████████▏| 232/252 [00:00<00:00, 3146.14it/s, Materializing param=encoder.block.16.layer.0.SelfAttention.k.weight]
Loading weights:  92%|█████████▏| 233/252 [00:00<00:00, 3155.27it/s, Materializing param=encoder.block.16.layer.0.SelfAttention.o.weight]
Loading weights:  92%|█████████▏| 233/252 [00:00<00:00, 3153.38it/s, Materializing param=encoder.block.16.layer.0.SelfAttention.o.weight]
Loading weights:  93%|█████████▎| 234/252 [00:00<00:00, 3162.50it/s, Materializing param=encoder.block.16.layer.0.SelfAttention.q.weight]
Loading weights:  93%|█████████▎| 234/252 [00:00<00:00, 3160.63it/s, Materializing param=encoder.block.16.layer.0.SelfAttention.q.weight]
Loading weights:  93%|█████████▎| 235/252 [00:00<00:00, 3169.81it/s, Materializing param=encoder.block.16.layer.0.SelfAttention.v.weight]
Loading weights:  93%|█████████▎| 235/252 [00:00<00:00, 3167.77it/s, Materializing param=encoder.block.16.layer.0.SelfAttention.v.weight]
Loading weights:  94%|█████████▎| 236/252 [00:00<00:00, 3176.90it/s, Materializing param=encoder.block.16.layer.0.layer_norm.weight]
Loading weights:  94%|█████████▎| 236/252 [00:00<00:00, 3175.01it/s, Materializing param=encoder.block.16.layer.0.layer_norm.weight]
Loading weights:  94%|█████████▍| 237/252 [00:00<00:00, 3156.31it/s, Materializing param=encoder.block.16.layer.1.DenseReluDense.wi_0.weight]
Loading weights:  94%|█████████▍| 237/252 [00:00<00:00, 3154.31it/s, Materializing param=encoder.block.16.layer.1.DenseReluDense.wi_0.weight]
Loading weights:  94%|█████████▍| 238/252 [00:00<00:00, 3163.27it/s, Materializing param=encoder.block.16.layer.1.DenseReluDense.wi_1.weight]
Loading weights:  94%|█████████▍| 238/252 [00:00<00:00, 3161.38it/s, Materializing param=encoder.block.16.layer.1.DenseReluDense.wi_1.weight]
Loading weights:  95%|█████████▍| 239/252 [00:00<00:00, 3170.31it/s, Materializing param=encoder.block.16.layer.1.DenseReluDense.wo.weight]
Loading weights:  95%|█████████▍| 239/252 [00:00<00:00, 3168.41it/s, Materializing param=encoder.block.16.layer.1.DenseReluDense.wo.weight]
Loading weights:  95%|█████████▌| 240/252 [00:00<00:00, 3177.35it/s, Materializing param=encoder.block.16.layer.1.layer_norm.weight]
Loading weights:  95%|█████████▌| 240/252 [00:00<00:00, 3175.51it/s, Materializing param=encoder.block.16.layer.1.layer_norm.weight]
Loading weights:  96%|█████████▌| 241/252 [00:00<00:00, 3169.56it/s, Materializing param=encoder.block.17.layer.0.SelfAttention.k.weight]
Loading weights:  96%|█████████▌| 241/252 [00:00<00:00, 3160.09it/s, Materializing param=encoder.block.17.layer.0.SelfAttention.k.weight]
Loading weights:  96%|█████████▌| 242/252 [00:00<00:00, 3168.84it/s, Materializing param=encoder.block.17.layer.0.SelfAttention.o.weight]
Loading weights:  96%|█████████▌| 242/252 [00:00<00:00, 3166.97it/s, Materializing param=encoder.block.17.layer.0.SelfAttention.o.weight]
Loading weights:  96%|█████████▋| 243/252 [00:00<00:00, 3175.64it/s, Materializing param=encoder.block.17.layer.0.SelfAttention.q.weight]
Loading weights:  96%|█████████▋| 243/252 [00:00<00:00, 3173.72it/s, Materializing param=encoder.block.17.layer.0.SelfAttention.q.weight]
Loading weights:  97%|█████████▋| 244/252 [00:00<00:00, 3160.08it/s, Materializing param=encoder.block.17.layer.0.SelfAttention.v.weight]
Loading weights:  97%|█████████▋| 244/252 [00:00<00:00, 3158.11it/s, Materializing param=encoder.block.17.layer.0.SelfAttention.v.weight]
Loading weights:  97%|█████████▋| 245/252 [00:00<00:00, 3166.84it/s, Materializing param=encoder.block.17.layer.0.layer_norm.weight]
Loading weights:  97%|█████████▋| 245/252 [00:00<00:00, 3165.02it/s, Materializing param=encoder.block.17.layer.0.layer_norm.weight]
Loading weights:  98%|█████████▊| 246/252 [00:00<00:00, 3148.94it/s, Materializing param=encoder.block.17.layer.1.DenseReluDense.wi_0.weight]
Loading weights:  98%|█████████▊| 246/252 [00:00<00:00, 3147.04it/s, Materializing param=encoder.block.17.layer.1.DenseReluDense.wi_0.weight]
Loading weights:  98%|█████████▊| 247/252 [00:00<00:00, 3156.68it/s, Materializing param=encoder.block.17.layer.1.DenseReluDense.wi_1.weight]
Loading weights:  98%|█████████▊| 247/252 [00:00<00:00, 3155.03it/s, Materializing param=encoder.block.17.layer.1.DenseReluDense.wi_1.weight]
Loading weights:  98%|█████████▊| 248/252 [00:00<00:00, 3164.76it/s, Materializing param=encoder.block.17.layer.1.DenseReluDense.wo.weight]
Loading weights:  98%|█████████▊| 248/252 [00:00<00:00, 3162.89it/s, Materializing param=encoder.block.17.layer.1.DenseReluDense.wo.weight]
Loading weights:  99%|█████████▉| 249/252 [00:00<00:00, 3172.45it/s, Materializing param=encoder.block.17.layer.1.layer_norm.weight]
Loading weights:  99%|█████████▉| 249/252 [00:00<00:00, 3170.84it/s, Materializing param=encoder.block.17.layer.1.layer_norm.weight]
Loading weights:  99%|█████████▉| 250/252 [00:00<00:00, 3180.61it/s, Materializing param=encoder.final_layer_norm.weight]
Loading weights:  99%|█████████▉| 250/252 [00:00<00:00, 3179.07it/s, Materializing param=encoder.final_layer_norm.weight]
Loading weights: 100%|█████████▉| 251/252 [00:00<00:00, 3189.10it/s, Materializing param=lm_head.weight]
Loading weights: 100%|█████████▉| 251/252 [00:00<00:00, 3187.55it/s, Materializing param=lm_head.weight]
Loading weights: 100%|██████████| 252/252 [00:00<00:00, 3197.65it/s, Materializing param=shared.weight]
Loading weights: 100%|██████████| 252/252 [00:00<00:00, 3196.14it/s, Materializing param=shared.weight]
Loading weights: 100%|██████████| 252/252 [00:00<00:00, 3192.99it/s, Materializing param=shared.weight]
The tied weights mapping and config for this model specifies to tie shared.weight to lm_head.weight, but both are present in the checkpoints, so we will NOT tie them. You should update the config with `tie_word_embeddings=False` to silence this warning
[MODEL] Gradient checkpointing enabled
[RANK 1] Model download complete, continuing...
[MODEL] Loading from: /dev/shm/hf_cache/byt5-leetspeak-v2
[MODEL] Continuing training from v2 model (fine-tuning mode)

Loading weights:   0%|          | 0/252 [00:00<?, ?it/s]
Loading weights:   0%|          | 1/252 [00:00<00:00, 11125.47it/s, Materializing param=decoder.block.0.layer.0.SelfAttention.k.weight]
Loading weights:   0%|          | 1/252 [00:00<00:00, 2086.72it/s, Materializing param=decoder.block.0.layer.0.SelfAttention.k.weight]
Loading weights:   1%|          | 2/252 [00:00<00:00, 1885.93it/s, Materializing param=decoder.block.0.layer.0.SelfAttention.o.weight]
Loading weights:   1%|          | 2/252 [00:00<00:00, 1622.55it/s, Materializing param=decoder.block.0.layer.0.SelfAttention.o.weight]
Loading weights:   1%|          | 3/252 [00:00<00:00, 1691.48it/s, Materializing param=decoder.block.0.layer.0.SelfAttention.q.weight]
Loading weights:   1%|          | 3/252 [00:00<00:00, 975.04it/s, Materializing param=decoder.block.0.layer.0.SelfAttention.q.weight]
Loading weights:   2%|▏         | 4/252 [00:00<00:00, 1134.75it/s, Materializing param=decoder.block.0.layer.0.SelfAttention.relative_attention_bias.weight]
Loading weights:   2%|▏         | 4/252 [00:00<00:00, 982.16it/s, Materializing param=decoder.block.0.layer.0.SelfAttention.relative_attention_bias.weight]
Loading weights:   2%|▏         | 5/252 [00:00<00:00, 1107.14it/s, Materializing param=decoder.block.0.layer.0.SelfAttention.v.weight]
Loading weights:   2%|▏         | 5/252 [00:00<00:00, 1037.94it/s, Materializing param=decoder.block.0.layer.0.SelfAttention.v.weight]
Loading weights:   2%|▏         | 6/252 [00:00<00:00, 1181.55it/s, Materializing param=decoder.block.0.layer.0.layer_norm.weight]
Loading weights:   2%|▏         | 6/252 [00:00<00:00, 1035.08it/s, Materializing param=decoder.block.0.layer.0.layer_norm.weight]
Loading weights:   3%|▎         | 7/252 [00:00<00:00, 1072.52it/s, Materializing param=decoder.block.0.layer.1.EncDecAttention.k.weight]
Loading weights:   3%|▎         | 7/252 [00:00<00:00, 1024.89it/s, Materializing param=decoder.block.0.layer.1.EncDecAttention.k.weight]
Loading weights:   3%|▎         | 8/252 [00:00<00:00, 1104.64it/s, Materializing param=decoder.block.0.layer.1.EncDecAttention.o.weight]
Loading weights:   3%|▎         | 8/252 [00:00<00:00, 986.17it/s, Materializing param=decoder.block.0.layer.1.EncDecAttention.o.weight]
Loading weights:   4%|▎         | 9/252 [00:00<00:00, 1013.25it/s, Materializing param=decoder.block.0.layer.1.EncDecAttention.q.weight]
Loading weights:   4%|▎         | 9/252 [00:00<00:00, 966.03it/s, Materializing param=decoder.block.0.layer.1.EncDecAttention.q.weight]
Loading weights:   4%|▍         | 10/252 [00:00<00:00, 1045.15it/s, Materializing param=decoder.block.0.layer.1.EncDecAttention.v.weight]
Loading weights:   4%|▍         | 10/252 [00:00<00:00, 988.24it/s, Materializing param=decoder.block.0.layer.1.EncDecAttention.v.weight]
Loading weights:   4%|▍         | 11/252 [00:00<00:00, 1051.04it/s, Materializing param=decoder.block.0.layer.1.layer_norm.weight]
Loading weights:   4%|▍         | 11/252 [00:00<00:00, 1015.23it/s, Materializing param=decoder.block.0.layer.1.layer_norm.weight]
Loading weights:   5%|▍         | 12/252 [00:00<00:00, 1085.30it/s, Materializing param=decoder.block.0.layer.2.DenseReluDense.wi_0.weight]
Loading weights:   5%|▍         | 12/252 [00:00<00:00, 1074.48it/s, Materializing param=decoder.block.0.layer.2.DenseReluDense.wi_0.weight]
Loading weights:   5%|▌         | 13/252 [00:00<00:00, 1139.49it/s, Materializing param=decoder.block.0.layer.2.DenseReluDense.wi_1.weight]
Loading weights:   5%|▌         | 13/252 [00:00<00:00, 1094.37it/s, Materializing param=decoder.block.0.layer.2.DenseReluDense.wi_1.weight]
Loading weights:   6%|▌         | 14/252 [00:00<00:00, 1150.07it/s, Materializing param=decoder.block.0.layer.2.DenseReluDense.wo.weight]
Loading weights:   6%|▌         | 14/252 [00:00<00:00, 1134.25it/s, Materializing param=decoder.block.0.layer.2.DenseReluDense.wo.weight]
Loading weights:   6%|▌         | 15/252 [00:00<00:00, 1193.10it/s, Materializing param=decoder.block.0.layer.2.layer_norm.weight]
Loading weights:   6%|▌         | 15/252 [00:00<00:00, 1148.24it/s, Materializing param=decoder.block.0.layer.2.layer_norm.weight]
Loading weights:   6%|▋         | 16/252 [00:00<00:00, 1183.56it/s, Materializing param=decoder.block.1.layer.0.SelfAttention.k.weight]
Loading weights:   6%|▋         | 16/252 [00:00<00:00, 1159.17it/s, Materializing param=decoder.block.1.layer.0.SelfAttention.k.weight]
Loading weights:   7%|▋         | 17/252 [00:00<00:00, 1180.57it/s, Materializing param=decoder.block.1.layer.0.SelfAttention.o.weight]
Loading weights:   7%|▋         | 17/252 [00:00<00:00, 1168.92it/s, Materializing param=decoder.block.1.layer.0.SelfAttention.o.weight]
Loading weights:   7%|▋         | 18/252 [00:00<00:00, 1219.25it/s, Materializing param=decoder.block.1.layer.0.SelfAttention.q.weight]
Loading weights:   7%|▋         | 18/252 [00:00<00:00, 1210.63it/s, Materializing param=decoder.block.1.layer.0.SelfAttention.q.weight]
Loading weights:   8%|▊         | 19/252 [00:00<00:00, 1260.93it/s, Materializing param=decoder.block.1.layer.0.SelfAttention.v.weight]
Loading weights:   8%|▊         | 19/252 [00:00<00:00, 1252.56it/s, Materializing param=decoder.block.1.layer.0.SelfAttention.v.weight]
Loading weights:   8%|▊         | 20/252 [00:00<00:00, 1298.79it/s, Materializing param=decoder.block.1.layer.0.layer_norm.weight]
Loading weights:   8%|▊         | 20/252 [00:00<00:00, 1241.49it/s, Materializing param=decoder.block.1.layer.0.layer_norm.weight]
Loading weights:   8%|▊         | 21/252 [00:00<00:00, 1262.29it/s, Materializing param=decoder.block.1.layer.1.EncDecAttention.k.weight]
Loading weights:   8%|▊         | 21/252 [00:00<00:00, 1246.20it/s, Materializing param=decoder.block.1.layer.1.EncDecAttention.k.weight]
Loading weights:   9%|▊         | 22/252 [00:00<00:00, 1278.06it/s, Materializing param=decoder.block.1.layer.1.EncDecAttention.o.weight]
Loading weights:   9%|▊         | 22/252 [00:00<00:00, 1175.37it/s, Materializing param=decoder.block.1.layer.1.EncDecAttention.o.weight]
Loading weights:   9%|▉         | 23/252 [00:00<00:00, 1170.33it/s, Materializing param=decoder.block.1.layer.1.EncDecAttention.q.weight]
Loading weights:   9%|▉         | 23/252 [00:00<00:00, 1116.93it/s, Materializing param=decoder.block.1.layer.1.EncDecAttention.q.weight]
Loading weights:  10%|▉         | 24/252 [00:00<00:00, 1096.72it/s, Materializing param=decoder.block.1.layer.1.EncDecAttention.v.weight]
Loading weights:  10%|▉         | 24/252 [00:00<00:00, 1069.79it/s, Materializing param=decoder.block.1.layer.1.EncDecAttention.v.weight]
Loading weights:  10%|▉         | 25/252 [00:00<00:00, 1089.18it/s, Materializing param=decoder.block.1.layer.1.layer_norm.weight]
Loading weights:  10%|▉         | 25/252 [00:00<00:00, 1074.68it/s, Materializing param=decoder.block.1.layer.1.layer_norm.weight]
Loading weights:  10%|█         | 26/252 [00:00<00:00, 1106.42it/s, Materializing param=decoder.block.1.layer.2.DenseReluDense.wi_0.weight]
Loading weights:  10%|█         | 26/252 [00:00<00:00, 1077.28it/s, Materializing param=decoder.block.1.layer.2.DenseReluDense.wi_0.weight]
Loading weights:  11%|█         | 27/252 [00:00<00:00, 1041.24it/s, Materializing param=decoder.block.1.layer.2.DenseReluDense.wi_1.weight]
Loading weights:  11%|█         | 27/252 [00:00<00:00, 1030.86it/s, Materializing param=decoder.block.1.layer.2.DenseReluDense.wi_1.weight]
Loading weights:  11%|█         | 28/252 [00:00<00:00, 1050.62it/s, Materializing param=decoder.block.1.layer.2.DenseReluDense.wo.weight]
Loading weights:  11%|█         | 28/252 [00:00<00:00, 1037.02it/s, Materializing param=decoder.block.1.layer.2.DenseReluDense.wo.weight]
Loading weights:  12%|█▏        | 29/252 [00:00<00:00, 1052.15it/s, Materializing param=decoder.block.1.layer.2.layer_norm.weight]
Loading weights:  12%|█▏        | 29/252 [00:00<00:00, 1046.18it/s, Materializing param=decoder.block.1.layer.2.layer_norm.weight]
Loading weights:  12%|█▏        | 30/252 [00:00<00:00, 1058.27it/s, Materializing param=decoder.block.2.layer.0.SelfAttention.k.weight]
Loading weights:  12%|█▏        | 30/252 [00:00<00:00, 1026.21it/s, Materializing param=decoder.block.2.layer.0.SelfAttention.k.weight]
Loading weights:  12%|█▏        | 31/252 [00:00<00:00, 1040.62it/s, Materializing param=decoder.block.2.layer.0.SelfAttention.o.weight]
Loading weights:  12%|█▏        | 31/252 [00:00<00:00, 1026.25it/s, Materializing param=decoder.block.2.layer.0.SelfAttention.o.weight]
Loading weights:  13%|█▎        | 32/252 [00:00<00:00, 1024.02it/s, Materializing param=decoder.block.2.layer.0.SelfAttention.q.weight]
Loading weights:  13%|█▎        | 32/252 [00:00<00:00, 985.74it/s, Materializing param=decoder.block.2.layer.0.SelfAttention.q.weight]
Loading weights:  13%|█▎        | 33/252 [00:00<00:00, 1003.79it/s, Materializing param=decoder.block.2.layer.0.SelfAttention.v.weight]
Loading weights:  13%|█▎        | 33/252 [00:00<00:00, 989.95it/s, Materializing param=decoder.block.2.layer.0.SelfAttention.v.weight]
Loading weights:  13%|█▎        | 34/252 [00:00<00:00, 1012.99it/s, Materializing param=decoder.block.2.layer.0.layer_norm.weight]
Loading weights:  13%|█▎        | 34/252 [00:00<00:00, 1009.86it/s, Materializing param=decoder.block.2.layer.0.layer_norm.weight]
Loading weights:  14%|█▍        | 35/252 [00:00<00:00, 1026.87it/s, Materializing param=decoder.block.2.layer.1.EncDecAttention.k.weight]
Loading weights:  14%|█▍        | 35/252 [00:00<00:00, 1023.51it/s, Materializing param=decoder.block.2.layer.1.EncDecAttention.k.weight]
Loading weights:  14%|█▍        | 36/252 [00:00<00:00, 1045.39it/s, Materializing param=decoder.block.2.layer.1.EncDecAttention.o.weight]
Loading weights:  14%|█▍        | 36/252 [00:00<00:00, 985.16it/s, Materializing param=decoder.block.2.layer.1.EncDecAttention.o.weight]
Loading weights:  15%|█▍        | 37/252 [00:00<00:00, 993.11it/s, Materializing param=decoder.block.2.layer.1.EncDecAttention.q.weight]
Loading weights:  15%|█▍        | 37/252 [00:00<00:00, 990.11it/s, Materializing param=decoder.block.2.layer.1.EncDecAttention.q.weight]
Loading weights:  15%|█▌        | 38/252 [00:00<00:00, 985.54it/s, Materializing param=decoder.block.2.layer.1.EncDecAttention.v.weight]
Loading weights:  15%|█▌        | 38/252 [00:00<00:00, 982.55it/s, Materializing param=decoder.block.2.layer.1.EncDecAttention.v.weight]
Loading weights:  15%|█▌        | 39/252 [00:00<00:00, 1001.06it/s, Materializing param=decoder.block.2.layer.1.layer_norm.weight]
Loading weights:  15%|█▌        | 39/252 [00:00<00:00, 992.83it/s, Materializing param=decoder.block.2.layer.1.layer_norm.weight]
Loading weights:  16%|█▌        | 40/252 [00:00<00:00, 1012.60it/s, Materializing param=decoder.block.2.layer.2.DenseReluDense.wi_0.weight]
Loading weights:  16%|█▌        | 40/252 [00:00<00:00, 1009.88it/s, Materializing param=decoder.block.2.layer.2.DenseReluDense.wi_0.weight]
Loading weights:  16%|█▋        | 41/252 [00:00<00:00, 1029.26it/s, Materializing param=decoder.block.2.layer.2.DenseReluDense.wi_1.weight]
Loading weights:  16%|█▋        | 41/252 [00:00<00:00, 1010.34it/s, Materializing param=decoder.block.2.layer.2.DenseReluDense.wi_1.weight]
Loading weights:  17%|█▋        | 42/252 [00:00<00:00, 1019.89it/s, Materializing param=decoder.block.2.layer.2.DenseReluDense.wo.weight]
Loading weights:  17%|█▋        | 42/252 [00:00<00:00, 1013.64it/s, Materializing param=decoder.block.2.layer.2.DenseReluDense.wo.weight]
Loading weights:  17%|█▋        | 43/252 [00:00<00:00, 1032.20it/s, Materializing param=decoder.block.2.layer.2.layer_norm.weight]
Loading weights:  17%|█▋        | 43/252 [00:00<00:00, 1029.62it/s, Materializing param=decoder.block.2.layer.2.layer_norm.weight]
Loading weights:  17%|█▋        | 44/252 [00:00<00:00, 1048.08it/s, Materializing param=decoder.block.3.layer.0.SelfAttention.k.weight]
Loading weights:  17%|█▋        | 44/252 [00:00<00:00, 1043.55it/s, Materializing param=decoder.block.3.layer.0.SelfAttention.k.weight]
Loading weights:  18%|█▊        | 45/252 [00:00<00:00, 1060.79it/s, Materializing param=decoder.block.3.layer.0.SelfAttention.o.weight]
Loading weights:  18%|█▊        | 45/252 [00:00<00:00, 1055.44it/s, Materializing param=decoder.block.3.layer.0.SelfAttention.o.weight]
Loading weights:  18%|█▊        | 46/252 [00:00<00:00, 1072.86it/s, Materializing param=decoder.block.3.layer.0.SelfAttention.q.weight]
Loading weights:  18%|█▊        | 46/252 [00:00<00:00, 1063.81it/s, Materializing param=decoder.block.3.layer.0.SelfAttention.q.weight]
Loading weights:  19%|█▊        | 47/252 [00:00<00:00, 1077.67it/s, Materializing param=decoder.block.3.layer.0.SelfAttention.v.weight]
Loading weights:  19%|█▊        | 47/252 [00:00<00:00, 1074.93it/s, Materializing param=decoder.block.3.layer.0.SelfAttention.v.weight]
Loading weights:  19%|█▉        | 48/252 [00:00<00:00, 1092.15it/s, Materializing param=decoder.block.3.layer.0.layer_norm.weight]
Loading weights:  19%|█▉        | 48/252 [00:00<00:00, 1081.02it/s, Materializing param=decoder.block.3.layer.0.layer_norm.weight]
Loading weights:  19%|█▉        | 49/252 [00:00<00:00, 1073.99it/s, Materializing param=decoder.block.3.layer.1.EncDecAttention.k.weight]
Loading weights:  19%|█▉        | 49/252 [00:00<00:00, 1070.86it/s, Materializing param=decoder.block.3.layer.1.EncDecAttention.k.weight]
Loading weights:  20%|█▉        | 50/252 [00:00<00:00, 1087.37it/s, Materializing param=decoder.block.3.layer.1.EncDecAttention.o.weight]
Loading weights:  20%|█▉        | 50/252 [00:00<00:00, 1084.74it/s, Materializing param=decoder.block.3.layer.1.EncDecAttention.o.weight]
Loading weights:  20%|██        | 51/252 [00:00<00:00, 1101.57it/s, Materializing param=decoder.block.3.layer.1.EncDecAttention.q.weight]
Loading weights:  20%|██        | 51/252 [00:00<00:00, 1099.10it/s, Materializing param=decoder.block.3.layer.1.EncDecAttention.q.weight]
Loading weights:  21%|██        | 52/252 [00:00<00:00, 1114.82it/s, Materializing param=decoder.block.3.layer.1.EncDecAttention.v.weight]
Loading weights:  21%|██        | 52/252 [00:00<00:00, 1102.09it/s, Materializing param=decoder.block.3.layer.1.EncDecAttention.v.weight]
Loading weights:  21%|██        | 53/252 [00:00<00:00, 1105.74it/s, Materializing param=decoder.block.3.layer.1.layer_norm.weight]
Loading weights:  21%|██        | 53/252 [00:00<00:00, 1092.50it/s, Materializing param=decoder.block.3.layer.1.layer_norm.weight]
Loading weights:  21%|██▏       | 54/252 [00:00<00:00, 1104.27it/s, Materializing param=decoder.block.3.layer.2.DenseReluDense.wi_0.weight]
Loading weights:  21%|██▏       | 54/252 [00:00<00:00, 1094.28it/s, Materializing param=decoder.block.3.layer.2.DenseReluDense.wi_0.weight]
Loading weights:  22%|██▏       | 55/252 [00:00<00:00, 1104.58it/s, Materializing param=decoder.block.3.layer.2.DenseReluDense.wi_1.weight]
Loading weights:  22%|██▏       | 55/252 [00:00<00:00, 1102.13it/s, Materializing param=decoder.block.3.layer.2.DenseReluDense.wi_1.weight]
Loading weights:  22%|██▏       | 56/252 [00:00<00:00, 1117.06it/s, Materializing param=decoder.block.3.layer.2.DenseReluDense.wo.weight]
Loading weights:  22%|██▏       | 56/252 [00:00<00:00, 1106.28it/s, Materializing param=decoder.block.3.layer.2.DenseReluDense.wo.weight]
Loading weights:  23%|██▎       | 57/252 [00:00<00:00, 1120.51it/s, Materializing param=decoder.block.3.layer.2.layer_norm.weight]
Loading weights:  23%|██▎       | 57/252 [00:00<00:00, 1113.95it/s, Materializing param=decoder.block.3.layer.2.layer_norm.weight]
Loading weights:  23%|██▎       | 58/252 [00:00<00:00, 1117.73it/s, Materializing param=decoder.block.4.layer.0.SelfAttention.k.weight]
Loading weights:  23%|██▎       | 58/252 [00:00<00:00, 1109.29it/s, Materializing param=decoder.block.4.layer.0.SelfAttention.k.weight]
Loading weights:  23%|██▎       | 59/252 [00:00<00:00, 1095.85it/s, Materializing param=decoder.block.4.layer.0.SelfAttention.o.weight]
Loading weights:  23%|██▎       | 59/252 [00:00<00:00, 1093.36it/s, Materializing param=decoder.block.4.layer.0.SelfAttention.o.weight]
Loading weights:  24%|██▍       | 60/252 [00:00<00:00, 1107.53it/s, Materializing param=decoder.block.4.layer.0.SelfAttention.q.weight]
Loading weights:  24%|██▍       | 60/252 [00:00<00:00, 1105.31it/s, Materializing param=decoder.block.4.layer.0.SelfAttention.q.weight]
Loading weights:  24%|██▍       | 61/252 [00:00<00:00, 1119.01it/s, Materializing param=decoder.block.4.layer.0.SelfAttention.v.weight]
Loading weights:  24%|██▍       | 61/252 [00:00<00:00, 1112.41it/s, Materializing param=decoder.block.4.layer.0.SelfAttention.v.weight]
Loading weights:  25%|██▍       | 62/252 [00:00<00:00, 1118.26it/s, Materializing param=decoder.block.4.layer.0.layer_norm.weight]
Loading weights:  25%|██▍       | 62/252 [00:00<00:00, 1115.99it/s, Materializing param=decoder.block.4.layer.0.layer_norm.weight]
Loading weights:  25%|██▌       | 63/252 [00:00<00:00, 1093.32it/s, Materializing param=decoder.block.4.layer.1.EncDecAttention.k.weight]
Loading weights:  25%|██▌       | 63/252 [00:00<00:00, 1090.97it/s, Materializing param=decoder.block.4.layer.1.EncDecAttention.k.weight]
Loading weights:  25%|██▌       | 64/252 [00:00<00:00, 1104.35it/s, Materializing param=decoder.block.4.layer.1.EncDecAttention.o.weight]
Loading weights:  25%|██▌       | 64/252 [00:00<00:00, 1100.46it/s, Materializing param=decoder.block.4.layer.1.EncDecAttention.o.weight]
Loading weights:  26%|██▌       | 65/252 [00:00<00:00, 1112.84it/s, Materializing param=decoder.block.4.layer.1.EncDecAttention.q.weight]
Loading weights:  26%|██▌       | 65/252 [00:00<00:00, 1103.69it/s, Materializing param=decoder.block.4.layer.1.EncDecAttention.q.weight]
Loading weights:  26%|██▌       | 66/252 [00:00<00:00, 1116.04it/s, Materializing param=decoder.block.4.layer.1.EncDecAttention.v.weight]
Loading weights:  26%|██▌       | 66/252 [00:00<00:00, 1101.44it/s, Materializing param=decoder.block.4.layer.1.EncDecAttention.v.weight]
Loading weights:  27%|██▋       | 67/252 [00:00<00:00, 1105.23it/s, Materializing param=decoder.block.4.layer.1.layer_norm.weight]
Loading weights:  27%|██▋       | 67/252 [00:00<00:00, 1100.26it/s, Materializing param=decoder.block.4.layer.1.layer_norm.weight]
Loading weights:  27%|██▋       | 68/252 [00:00<00:00, 1112.51it/s, Materializing param=decoder.block.4.layer.2.DenseReluDense.wi_0.weight]
Loading weights:  27%|██▋       | 68/252 [00:00<00:00, 1102.36it/s, Materializing param=decoder.block.4.layer.2.DenseReluDense.wi_0.weight]
Loading weights:  27%|██▋       | 69/252 [00:00<00:00, 1104.83it/s, Materializing param=decoder.block.4.layer.2.DenseReluDense.wi_1.weight]
Loading weights:  27%|██▋       | 69/252 [00:00<00:00, 1102.84it/s, Materializing param=decoder.block.4.layer.2.DenseReluDense.wi_1.weight]
Loading weights:  28%|██▊       | 70/252 [00:00<00:00, 1111.75it/s, Materializing param=decoder.block.4.layer.2.DenseReluDense.wo.weight]
Loading weights:  28%|██▊       | 70/252 [00:00<00:00, 1105.86it/s, Materializing param=decoder.block.4.layer.2.DenseReluDense.wo.weight]
Loading weights:  28%|██▊       | 71/252 [00:00<00:00, 1112.44it/s, Materializing param=decoder.block.4.layer.2.layer_norm.weight]
Loading weights:  28%|██▊       | 71/252 [00:00<00:00, 1106.01it/s, Materializing param=decoder.block.4.layer.2.layer_norm.weight]
Loading weights:  29%|██▊       | 72/252 [00:00<00:00, 1109.99it/s, Materializing param=decoder.block.5.layer.0.SelfAttention.k.weight]
Loading weights:  29%|██▊       | 72/252 [00:00<00:00, 1106.04it/s, Materializing param=decoder.block.5.layer.0.SelfAttention.k.weight]
Loading weights:  29%|██▉       | 73/252 [00:00<00:00, 1107.42it/s, Materializing param=decoder.block.5.layer.0.SelfAttention.o.weight]
Loading weights:  29%|██▉       | 73/252 [00:00<00:00, 1102.85it/s, Materializing param=decoder.block.5.layer.0.SelfAttention.o.weight]
Loading weights:  29%|██▉       | 74/252 [00:00<00:00, 1108.02it/s, Materializing param=decoder.block.5.layer.0.SelfAttention.q.weight]
Loading weights:  29%|██▉       | 74/252 [00:00<00:00, 1104.84it/s, Materializing param=decoder.block.5.layer.0.SelfAttention.q.weight]
Loading weights:  30%|██▉       | 75/252 [00:00<00:00, 1115.56it/s, Materializing param=decoder.block.5.layer.0.SelfAttention.v.weight]
Loading weights:  30%|██▉       | 75/252 [00:00<00:00, 1113.84it/s, Materializing param=decoder.block.5.layer.0.SelfAttention.v.weight]
Loading weights:  30%|███       | 76/252 [00:00<00:00, 1125.73it/s, Materializing param=decoder.block.5.layer.0.layer_norm.weight]
Loading weights:  30%|███       | 76/252 [00:00<00:00, 1124.11it/s, Materializing param=decoder.block.5.layer.0.layer_norm.weight]
Loading weights:  31%|███       | 77/252 [00:00<00:00, 1136.07it/s, Materializing param=decoder.block.5.layer.1.EncDecAttention.k.weight]
Loading weights:  31%|███       | 77/252 [00:00<00:00, 1134.42it/s, Materializing param=decoder.block.5.layer.1.EncDecAttention.k.weight]
Loading weights:  31%|███       | 78/252 [00:00<00:00, 1146.21it/s, Materializing param=decoder.block.5.layer.1.EncDecAttention.o.weight]
Loading weights:  31%|███       | 78/252 [00:00<00:00, 1144.60it/s, Materializing param=decoder.block.5.layer.1.EncDecAttention.o.weight]
Loading weights:  31%|███▏      | 79/252 [00:00<00:00, 1155.71it/s, Materializing param=decoder.block.5.layer.1.EncDecAttention.q.weight]
Loading weights:  31%|███▏      | 79/252 [00:00<00:00, 1154.06it/s, Materializing param=decoder.block.5.layer.1.EncDecAttention.q.weight]
Loading weights:  32%|███▏      | 80/252 [00:00<00:00, 1165.57it/s, Materializing param=decoder.block.5.layer.1.EncDecAttention.v.weight]
Loading weights:  32%|███▏      | 80/252 [00:00<00:00, 1163.88it/s, Materializing param=decoder.block.5.layer.1.EncDecAttention.v.weight]
Loading weights:  32%|███▏      | 81/252 [00:00<00:00, 1175.32it/s, Materializing param=decoder.block.5.layer.1.layer_norm.weight]
Loading weights:  32%|███▏      | 81/252 [00:00<00:00, 1173.65it/s, Materializing param=decoder.block.5.layer.1.layer_norm.weight]
Loading weights:  33%|███▎      | 82/252 [00:00<00:00, 1185.28it/s, Materializing param=decoder.block.5.layer.2.DenseReluDense.wi_0.weight]
Loading weights:  33%|███▎      | 82/252 [00:00<00:00, 1183.61it/s, Materializing param=decoder.block.5.layer.2.DenseReluDense.wi_0.weight]
Loading weights:  33%|███▎      | 83/252 [00:00<00:00, 1195.05it/s, Materializing param=decoder.block.5.layer.2.DenseReluDense.wi_1.weight]
Loading weights:  33%|███▎      | 83/252 [00:00<00:00, 1193.41it/s, Materializing param=decoder.block.5.layer.2.DenseReluDense.wi_1.weight]
Loading weights:  33%|███▎      | 84/252 [00:00<00:00, 1204.86it/s, Materializing param=decoder.block.5.layer.2.DenseReluDense.wo.weight]
Loading weights:  33%|███▎      | 84/252 [00:00<00:00, 1203.22it/s, Materializing param=decoder.block.5.layer.2.DenseReluDense.wo.weight]
Loading weights:  34%|███▎      | 85/252 [00:00<00:00, 1214.56it/s, Materializing param=decoder.block.5.layer.2.layer_norm.weight]
Loading weights:  34%|███▎      | 85/252 [00:00<00:00, 1212.87it/s, Materializing param=decoder.block.5.layer.2.layer_norm.weight]
Loading weights:  34%|███▍      | 86/252 [00:00<00:00, 1224.20it/s, Materializing param=decoder.final_layer_norm.weight]
Loading weights:  34%|███▍      | 86/252 [00:00<00:00, 1222.57it/s, Materializing param=decoder.final_layer_norm.weight]
Loading weights:  35%|███▍      | 87/252 [00:00<00:00, 1234.10it/s, Materializing param=encoder.block.0.layer.0.SelfAttention.k.weight]
Loading weights:  35%|███▍      | 87/252 [00:00<00:00, 1232.46it/s, Materializing param=encoder.block.0.layer.0.SelfAttention.k.weight]
Loading weights:  35%|███▍      | 88/252 [00:00<00:00, 1243.61it/s, Materializing param=encoder.block.0.layer.0.SelfAttention.o.weight]
Loading weights:  35%|███▍      | 88/252 [00:00<00:00, 1241.93it/s, Materializing param=encoder.block.0.layer.0.SelfAttention.o.weight]
Loading weights:  35%|███▌      | 89/252 [00:00<00:00, 1253.07it/s, Materializing param=encoder.block.0.layer.0.SelfAttention.q.weight]
Loading weights:  35%|███▌      | 89/252 [00:00<00:00, 1251.37it/s, Materializing param=encoder.block.0.layer.0.SelfAttention.q.weight]
Loading weights:  36%|███▌      | 90/252 [00:00<00:00, 1262.40it/s, Materializing param=encoder.block.0.layer.0.SelfAttention.relative_attention_bias.weight]
Loading weights:  36%|███▌      | 90/252 [00:00<00:00, 1260.65it/s, Materializing param=encoder.block.0.layer.0.SelfAttention.relative_attention_bias.weight]
Loading weights:  36%|███▌      | 91/252 [00:00<00:00, 1271.56it/s, Materializing param=encoder.block.0.layer.0.SelfAttention.v.weight]
Loading weights:  36%|███▌      | 91/252 [00:00<00:00, 1269.84it/s, Materializing param=encoder.block.0.layer.0.SelfAttention.v.weight]
Loading weights:  37%|███▋      | 92/252 [00:00<00:00, 1280.76it/s, Materializing param=encoder.block.0.layer.0.layer_norm.weight]
Loading weights:  37%|███▋      | 92/252 [00:00<00:00, 1279.09it/s, Materializing param=encoder.block.0.layer.0.layer_norm.weight]
Loading weights:  37%|███▋      | 93/252 [00:00<00:00, 1289.98it/s, Materializing param=encoder.block.0.layer.1.DenseReluDense.wi_0.weight]
Loading weights:  37%|███▋      | 93/252 [00:00<00:00, 1287.84it/s, Materializing param=encoder.block.0.layer.1.DenseReluDense.wi_0.weight]
Loading weights:  37%|███▋      | 94/252 [00:00<00:00, 1298.35it/s, Materializing param=encoder.block.0.layer.1.DenseReluDense.wi_1.weight]
Loading weights:  37%|███▋      | 94/252 [00:00<00:00, 1296.59it/s, Materializing param=encoder.block.0.layer.1.DenseReluDense.wi_1.weight]
Loading weights:  38%|███▊      | 95/252 [00:00<00:00, 1306.97it/s, Materializing param=encoder.block.0.layer.1.DenseReluDense.wo.weight]
Loading weights:  38%|███▊      | 95/252 [00:00<00:00, 1305.20it/s, Materializing param=encoder.block.0.layer.1.DenseReluDense.wo.weight]
Loading weights:  38%|███▊      | 96/252 [00:00<00:00, 1315.84it/s, Materializing param=encoder.block.0.layer.1.layer_norm.weight]
Loading weights:  38%|███▊      | 96/252 [00:00<00:00, 1314.13it/s, Materializing param=encoder.block.0.layer.1.layer_norm.weight]
Loading weights:  38%|███▊      | 97/252 [00:00<00:00, 1324.80it/s, Materializing param=encoder.block.1.layer.0.SelfAttention.k.weight]
Loading weights:  38%|███▊      | 97/252 [00:00<00:00, 1323.06it/s, Materializing param=encoder.block.1.layer.0.SelfAttention.k.weight]
Loading weights:  39%|███▉      | 98/252 [00:00<00:00, 1333.63it/s, Materializing param=encoder.block.1.layer.0.SelfAttention.o.weight]
Loading weights:  39%|███▉      | 98/252 [00:00<00:00, 1331.88it/s, Materializing param=encoder.block.1.layer.0.SelfAttention.o.weight]
Loading weights:  39%|███▉      | 99/252 [00:00<00:00, 1342.38it/s, Materializing param=encoder.block.1.layer.0.SelfAttention.q.weight]
Loading weights:  39%|███▉      | 99/252 [00:00<00:00, 1340.63it/s, Materializing param=encoder.block.1.layer.0.SelfAttention.q.weight]
Loading weights:  40%|███▉      | 100/252 [00:00<00:00, 1351.03it/s, Materializing param=encoder.block.1.layer.0.SelfAttention.v.weight]
Loading weights:  40%|███▉      | 100/252 [00:00<00:00, 1349.25it/s, Materializing param=encoder.block.1.layer.0.SelfAttention.v.weight]
Loading weights:  40%|████      | 101/252 [00:00<00:00, 1359.64it/s, Materializing param=encoder.block.1.layer.0.layer_norm.weight]
Loading weights:  40%|████      | 101/252 [00:00<00:00, 1357.91it/s, Materializing param=encoder.block.1.layer.0.layer_norm.weight]
Loading weights:  40%|████      | 102/252 [00:00<00:00, 1368.32it/s, Materializing param=encoder.block.1.layer.1.DenseReluDense.wi_0.weight]
Loading weights:  40%|████      | 102/252 [00:00<00:00, 1366.57it/s, Materializing param=encoder.block.1.layer.1.DenseReluDense.wi_0.weight]
Loading weights:  41%|████      | 103/252 [00:00<00:00, 1376.83it/s, Materializing param=encoder.block.1.layer.1.DenseReluDense.wi_1.weight]
Loading weights:  41%|████      | 103/252 [00:00<00:00, 1375.05it/s, Materializing param=encoder.block.1.layer.1.DenseReluDense.wi_1.weight]
Loading weights:  41%|████▏     | 104/252 [00:00<00:00, 1385.14it/s, Materializing param=encoder.block.1.layer.1.DenseReluDense.wo.weight]
Loading weights:  41%|████▏     | 104/252 [00:00<00:00, 1383.36it/s, Materializing param=encoder.block.1.layer.1.DenseReluDense.wo.weight]
Loading weights:  42%|████▏     | 105/252 [00:00<00:00, 1393.51it/s, Materializing param=encoder.block.1.layer.1.layer_norm.weight]
Loading weights:  42%|████▏     | 105/252 [00:00<00:00, 1391.77it/s, Materializing param=encoder.block.1.layer.1.layer_norm.weight]
Loading weights:  42%|████▏     | 106/252 [00:00<00:00, 1401.91it/s, Materializing param=encoder.block.2.layer.0.SelfAttention.k.weight]
Loading weights:  42%|████▏     | 106/252 [00:00<00:00, 1400.11it/s, Materializing param=encoder.block.2.layer.0.SelfAttention.k.weight]
Loading weights:  42%|████▏     | 107/252 [00:00<00:00, 1410.11it/s, Materializing param=encoder.block.2.layer.0.SelfAttention.o.weight]
Loading weights:  42%|████▏     | 107/252 [00:00<00:00, 1408.30it/s, Materializing param=encoder.block.2.layer.0.SelfAttention.o.weight]
Loading weights:  43%|████▎     | 108/252 [00:00<00:00, 1418.31it/s, Materializing param=encoder.block.2.layer.0.SelfAttention.q.weight]
Loading weights:  43%|████▎     | 108/252 [00:00<00:00, 1416.09it/s, Materializing param=encoder.block.2.layer.0.SelfAttention.q.weight]
Loading weights:  43%|████▎     | 109/252 [00:00<00:00, 1425.71it/s, Materializing param=encoder.block.2.layer.0.SelfAttention.v.weight]
Loading weights:  43%|████▎     | 109/252 [00:00<00:00, 1423.89it/s, Materializing param=encoder.block.2.layer.0.SelfAttention.v.weight]
Loading weights:  44%|████▎     | 110/252 [00:00<00:00, 1433.75it/s, Materializing param=encoder.block.2.layer.0.layer_norm.weight]
Loading weights:  44%|████▎     | 110/252 [00:00<00:00, 1432.01it/s, Materializing param=encoder.block.2.layer.0.layer_norm.weight]
Loading weights:  44%|████▍     | 111/252 [00:00<00:00, 1441.92it/s, Materializing param=encoder.block.2.layer.1.DenseReluDense.wi_0.weight]
Loading weights:  44%|████▍     | 111/252 [00:00<00:00, 1440.12it/s, Materializing param=encoder.block.2.layer.1.DenseReluDense.wi_0.weight]
Loading weights:  44%|████▍     | 112/252 [00:00<00:00, 1449.82it/s, Materializing param=encoder.block.2.layer.1.DenseReluDense.wi_1.weight]
Loading weights:  44%|████▍     | 112/252 [00:00<00:00, 1448.00it/s, Materializing param=encoder.block.2.layer.1.DenseReluDense.wi_1.weight]
Loading weights:  45%|████▍     | 113/252 [00:00<00:00, 1457.69it/s, Materializing param=encoder.block.2.layer.1.DenseReluDense.wo.weight]
Loading weights:  45%|████▍     | 113/252 [00:00<00:00, 1455.85it/s, Materializing param=encoder.block.2.layer.1.DenseReluDense.wo.weight]
Loading weights:  45%|████▌     | 114/252 [00:00<00:00, 1465.52it/s, Materializing param=encoder.block.2.layer.1.layer_norm.weight]
Loading weights:  45%|████▌     | 114/252 [00:00<00:00, 1463.72it/s, Materializing param=encoder.block.2.layer.1.layer_norm.weight]
Loading weights:  46%|████▌     | 115/252 [00:00<00:00, 1473.38it/s, Materializing param=encoder.block.3.layer.0.SelfAttention.k.weight]
Loading weights:  46%|████▌     | 115/252 [00:00<00:00, 1471.56it/s, Materializing param=encoder.block.3.layer.0.SelfAttention.k.weight]
Loading weights:  46%|████▌     | 116/252 [00:00<00:00, 1481.14it/s, Materializing param=encoder.block.3.layer.0.SelfAttention.o.weight]
Loading weights:  46%|████▌     | 116/252 [00:00<00:00, 1479.33it/s, Materializing param=encoder.block.3.layer.0.SelfAttention.o.weight]
Loading weights:  46%|████▋     | 117/252 [00:00<00:00, 1488.92it/s, Materializing param=encoder.block.3.layer.0.SelfAttention.q.weight]
Loading weights:  46%|████▋     | 117/252 [00:00<00:00, 1487.14it/s, Materializing param=encoder.block.3.layer.0.SelfAttention.q.weight]
Loading weights:  47%|████▋     | 118/252 [00:00<00:00, 1496.70it/s, Materializing param=encoder.block.3.layer.0.SelfAttention.v.weight]
Loading weights:  47%|████▋     | 118/252 [00:00<00:00, 1494.91it/s, Materializing param=encoder.block.3.layer.0.SelfAttention.v.weight]
Loading weights:  47%|████▋     | 119/252 [00:00<00:00, 1504.35it/s, Materializing param=encoder.block.3.layer.0.layer_norm.weight]
Loading weights:  47%|████▋     | 119/252 [00:00<00:00, 1502.55it/s, Materializing param=encoder.block.3.layer.0.layer_norm.weight]
Loading weights:  48%|████▊     | 120/252 [00:00<00:00, 1512.02it/s, Materializing param=encoder.block.3.layer.1.DenseReluDense.wi_0.weight]
Loading weights:  48%|████▊     | 120/252 [00:00<00:00, 1510.16it/s, Materializing param=encoder.block.3.layer.1.DenseReluDense.wi_0.weight]
Loading weights:  48%|████▊     | 121/252 [00:00<00:00, 1519.45it/s, Materializing param=encoder.block.3.layer.1.DenseReluDense.wi_1.weight]
Loading weights:  48%|████▊     | 121/252 [00:00<00:00, 1517.60it/s, Materializing param=encoder.block.3.layer.1.DenseReluDense.wi_1.weight]
Loading weights:  48%|████▊     | 122/252 [00:00<00:00, 1526.86it/s, Materializing param=encoder.block.3.layer.1.DenseReluDense.wo.weight]
Loading weights:  48%|████▊     | 122/252 [00:00<00:00, 1525.01it/s, Materializing param=encoder.block.3.layer.1.DenseReluDense.wo.weight]
Loading weights:  49%|████▉     | 123/252 [00:00<00:00, 1533.63it/s, Materializing param=encoder.block.3.layer.1.layer_norm.weight]
Loading weights:  49%|████▉     | 123/252 [00:00<00:00, 1531.55it/s, Materializing param=encoder.block.3.layer.1.layer_norm.weight]
Loading weights:  49%|████▉     | 124/252 [00:00<00:00, 1540.53it/s, Materializing param=encoder.block.4.layer.0.SelfAttention.k.weight]
Loading weights:  49%|████▉     | 124/252 [00:00<00:00, 1538.67it/s, Materializing param=encoder.block.4.layer.0.SelfAttention.k.weight]
Loading weights:  50%|████▉     | 125/252 [00:00<00:00, 1547.76it/s, Materializing param=encoder.block.4.layer.0.SelfAttention.o.weight]
Loading weights:  50%|████▉     | 125/252 [00:00<00:00, 1545.90it/s, Materializing param=encoder.block.4.layer.0.SelfAttention.o.weight]
Loading weights:  50%|█████     | 126/252 [00:00<00:00, 1554.97it/s, Materializing param=encoder.block.4.layer.0.SelfAttention.q.weight]
Loading weights:  50%|█████     | 126/252 [00:00<00:00, 1553.08it/s, Materializing param=encoder.block.4.layer.0.SelfAttention.q.weight]
Loading weights:  50%|█████     | 127/252 [00:00<00:00, 1562.16it/s, Materializing param=encoder.block.4.layer.0.SelfAttention.v.weight]
Loading weights:  50%|█████     | 127/252 [00:00<00:00, 1560.32it/s, Materializing param=encoder.block.4.layer.0.SelfAttention.v.weight]
Loading weights:  51%|█████     | 128/252 [00:00<00:00, 1569.35it/s, Materializing param=encoder.block.4.layer.0.layer_norm.weight]
Loading weights:  51%|█████     | 128/252 [00:00<00:00, 1567.52it/s, Materializing param=encoder.block.4.layer.0.layer_norm.weight]
Loading weights:  51%|█████     | 129/252 [00:00<00:00, 1576.59it/s, Materializing param=encoder.block.4.layer.1.DenseReluDense.wi_0.weight]
Loading weights:  51%|█████     | 129/252 [00:00<00:00, 1574.70it/s, Materializing param=encoder.block.4.layer.1.DenseReluDense.wi_0.weight]
Loading weights:  52%|█████▏    | 130/252 [00:00<00:00, 1583.63it/s, Materializing param=encoder.block.4.layer.1.DenseReluDense.wi_1.weight]
Loading weights:  52%|█████▏    | 130/252 [00:00<00:00, 1581.78it/s, Materializing param=encoder.block.4.layer.1.DenseReluDense.wi_1.weight]
Loading weights:  52%|█████▏    | 131/252 [00:00<00:00, 1590.67it/s, Materializing param=encoder.block.4.layer.1.DenseReluDense.wo.weight]
Loading weights:  52%|█████▏    | 131/252 [00:00<00:00, 1588.80it/s, Materializing param=encoder.block.4.layer.1.DenseReluDense.wo.weight]
Loading weights:  52%|█████▏    | 132/252 [00:00<00:00, 1597.65it/s, Materializing param=encoder.block.4.layer.1.layer_norm.weight]
Loading weights:  52%|█████▏    | 132/252 [00:00<00:00, 1595.83it/s, Materializing param=encoder.block.4.layer.1.layer_norm.weight]
Loading weights:  53%|█████▎    | 133/252 [00:00<00:00, 1604.69it/s, Materializing param=encoder.block.5.layer.0.SelfAttention.k.weight]
Loading weights:  53%|█████▎    | 133/252 [00:00<00:00, 1602.84it/s, Materializing param=encoder.block.5.layer.0.SelfAttention.k.weight]
Loading weights:  53%|█████▎    | 134/252 [00:00<00:00, 1611.61it/s, Materializing param=encoder.block.5.layer.0.SelfAttention.o.weight]
Loading weights:  53%|█████▎    | 134/252 [00:00<00:00, 1609.78it/s, Materializing param=encoder.block.5.layer.0.SelfAttention.o.weight]
Loading weights:  54%|█████▎    | 135/252 [00:00<00:00, 1618.52it/s, Materializing param=encoder.block.5.layer.0.SelfAttention.q.weight]
Loading weights:  54%|█████▎    | 135/252 [00:00<00:00, 1616.69it/s, Materializing param=encoder.block.5.layer.0.SelfAttention.q.weight]
Loading weights:  54%|█████▍    | 136/252 [00:00<00:00, 1625.40it/s, Materializing param=encoder.block.5.layer.0.SelfAttention.v.weight]
Loading weights:  54%|█████▍    | 136/252 [00:00<00:00, 1623.41it/s, Materializing param=encoder.block.5.layer.0.SelfAttention.v.weight]
Loading weights:  54%|█████▍    | 137/252 [00:00<00:00, 1631.96it/s, Materializing param=encoder.block.5.layer.0.layer_norm.weight]
Loading weights:  54%|█████▍    | 137/252 [00:00<00:00, 1630.11it/s, Materializing param=encoder.block.5.layer.0.layer_norm.weight]
Loading weights:  55%|█████▍    | 138/252 [00:00<00:00, 1638.44it/s, Materializing param=encoder.block.5.layer.1.DenseReluDense.wi_0.weight]
Loading weights:  55%|█████▍    | 138/252 [00:00<00:00, 1636.33it/s, Materializing param=encoder.block.5.layer.1.DenseReluDense.wi_0.weight]
Loading weights:  55%|█████▌    | 139/252 [00:00<00:00, 1644.70it/s, Materializing param=encoder.block.5.layer.1.DenseReluDense.wi_1.weight]
Loading weights:  55%|█████▌    | 139/252 [00:00<00:00, 1642.81it/s, Materializing param=encoder.block.5.layer.1.DenseReluDense.wi_1.weight]
Loading weights:  56%|█████▌    | 140/252 [00:00<00:00, 1651.33it/s, Materializing param=encoder.block.5.layer.1.DenseReluDense.wo.weight]
Loading weights:  56%|█████▌    | 140/252 [00:00<00:00, 1649.49it/s, Materializing param=encoder.block.5.layer.1.DenseReluDense.wo.weight]
Loading weights:  56%|█████▌    | 141/252 [00:00<00:00, 1657.93it/s, Materializing param=encoder.block.5.layer.1.layer_norm.weight]
Loading weights:  56%|█████▌    | 141/252 [00:00<00:00, 1656.11it/s, Materializing param=encoder.block.5.layer.1.layer_norm.weight]
Loading weights:  56%|█████▋    | 142/252 [00:00<00:00, 1664.59it/s, Materializing param=encoder.block.6.layer.0.SelfAttention.k.weight]
Loading weights:  56%|█████▋    | 142/252 [00:00<00:00, 1662.75it/s, Materializing param=encoder.block.6.layer.0.SelfAttention.k.weight]
Loading weights:  57%|█████▋    | 143/252 [00:00<00:00, 1671.17it/s, Materializing param=encoder.block.6.layer.0.SelfAttention.o.weight]
Loading weights:  57%|█████▋    | 143/252 [00:00<00:00, 1669.33it/s, Materializing param=encoder.block.6.layer.0.SelfAttention.o.weight]
Loading weights:  57%|█████▋    | 144/252 [00:00<00:00, 1677.75it/s, Materializing param=encoder.block.6.layer.0.SelfAttention.q.weight]
Loading weights:  57%|█████▋    | 144/252 [00:00<00:00, 1675.91it/s, Materializing param=encoder.block.6.layer.0.SelfAttention.q.weight]
Loading weights:  58%|█████▊    | 145/252 [00:00<00:00, 1684.27it/s, Materializing param=encoder.block.6.layer.0.SelfAttention.v.weight]
Loading weights:  58%|█████▊    | 145/252 [00:00<00:00, 1682.44it/s, Materializing param=encoder.block.6.layer.0.SelfAttention.v.weight]
Loading weights:  58%|█████▊    | 146/252 [00:00<00:00, 1690.77it/s, Materializing param=encoder.block.6.layer.0.layer_norm.weight]
Loading weights:  58%|█████▊    | 146/252 [00:00<00:00, 1688.96it/s, Materializing param=encoder.block.6.layer.0.layer_norm.weight]
Loading weights:  58%|█████▊    | 147/252 [00:00<00:00, 1697.32it/s, Materializing param=encoder.block.6.layer.1.DenseReluDense.wi_0.weight]
Loading weights:  58%|█████▊    | 147/252 [00:00<00:00, 1695.46it/s, Materializing param=encoder.block.6.layer.1.DenseReluDense.wi_0.weight]
Loading weights:  59%|█████▊    | 148/252 [00:00<00:00, 1703.74it/s, Materializing param=encoder.block.6.layer.1.DenseReluDense.wi_1.weight]
Loading weights:  59%|█████▊    | 148/252 [00:00<00:00, 1701.90it/s, Materializing param=encoder.block.6.layer.1.DenseReluDense.wi_1.weight]
Loading weights:  59%|█████▉    | 149/252 [00:00<00:00, 1710.12it/s, Materializing param=encoder.block.6.layer.1.DenseReluDense.wo.weight]
Loading weights:  59%|█████▉    | 149/252 [00:00<00:00, 1708.26it/s, Materializing param=encoder.block.6.layer.1.DenseReluDense.wo.weight]
Loading weights:  60%|█████▉    | 150/252 [00:00<00:00, 1716.38it/s, Materializing param=encoder.block.6.layer.1.layer_norm.weight]
Loading weights:  60%|█████▉    | 150/252 [00:00<00:00, 1714.03it/s, Materializing param=encoder.block.6.layer.1.layer_norm.weight]
Loading weights:  60%|█████▉    | 151/252 [00:00<00:00, 1722.07it/s, Materializing param=encoder.block.7.layer.0.SelfAttention.k.weight]
Loading weights:  60%|█████▉    | 151/252 [00:00<00:00, 1720.21it/s, Materializing param=encoder.block.7.layer.0.SelfAttention.k.weight]
Loading weights:  60%|██████    | 152/252 [00:00<00:00, 1728.25it/s, Materializing param=encoder.block.7.layer.0.SelfAttention.o.weight]
Loading weights:  60%|██████    | 152/252 [00:00<00:00, 1726.37it/s, Materializing param=encoder.block.7.layer.0.SelfAttention.o.weight]
Loading weights:  61%|██████    | 153/252 [00:00<00:00, 1734.09it/s, Materializing param=encoder.block.7.layer.0.SelfAttention.q.weight]
Loading weights:  61%|██████    | 153/252 [00:00<00:00, 1731.99it/s, Materializing param=encoder.block.7.layer.0.SelfAttention.q.weight]
Loading weights:  61%|██████    | 154/252 [00:00<00:00, 1739.82it/s, Materializing param=encoder.block.7.layer.0.SelfAttention.v.weight]
Loading weights:  61%|██████    | 154/252 [00:00<00:00, 1737.95it/s, Materializing param=encoder.block.7.layer.0.SelfAttention.v.weight]
Loading weights:  62%|██████▏   | 155/252 [00:00<00:00, 1745.91it/s, Materializing param=encoder.block.7.layer.0.layer_norm.weight]
Loading weights:  62%|██████▏   | 155/252 [00:00<00:00, 1744.04it/s, Materializing param=encoder.block.7.layer.0.layer_norm.weight]
Loading weights:  62%|██████▏   | 156/252 [00:00<00:00, 1752.05it/s, Materializing param=encoder.block.7.layer.1.DenseReluDense.wi_0.weight]
Loading weights:  62%|██████▏   | 156/252 [00:00<00:00, 1750.16it/s, Materializing param=encoder.block.7.layer.1.DenseReluDense.wi_0.weight]
Loading weights:  62%|██████▏   | 157/252 [00:00<00:00, 1758.03it/s, Materializing param=encoder.block.7.layer.1.DenseReluDense.wi_1.weight]
Loading weights:  62%|██████▏   | 157/252 [00:00<00:00, 1756.18it/s, Materializing param=encoder.block.7.layer.1.DenseReluDense.wi_1.weight]
Loading weights:  63%|██████▎   | 158/252 [00:00<00:00, 1763.98it/s, Materializing param=encoder.block.7.layer.1.DenseReluDense.wo.weight]
Loading weights:  63%|██████▎   | 158/252 [00:00<00:00, 1762.11it/s, Materializing param=encoder.block.7.layer.1.DenseReluDense.wo.weight]
Loading weights:  63%|██████▎   | 159/252 [00:00<00:00, 1769.90it/s, Materializing param=encoder.block.7.layer.1.layer_norm.weight]
Loading weights:  63%|██████▎   | 159/252 [00:00<00:00, 1768.05it/s, Materializing param=encoder.block.7.layer.1.layer_norm.weight]
Loading weights:  63%|██████▎   | 160/252 [00:00<00:00, 1775.84it/s, Materializing param=encoder.block.8.layer.0.SelfAttention.k.weight]
Loading weights:  63%|██████▎   | 160/252 [00:00<00:00, 1773.97it/s, Materializing param=encoder.block.8.layer.0.SelfAttention.k.weight]
Loading weights:  64%|██████▍   | 161/252 [00:00<00:00, 1781.74it/s, Materializing param=encoder.block.8.layer.0.SelfAttention.o.weight]
Loading weights:  64%|██████▍   | 161/252 [00:00<00:00, 1779.90it/s, Materializing param=encoder.block.8.layer.0.SelfAttention.o.weight]
Loading weights:  64%|██████▍   | 162/252 [00:00<00:00, 1787.64it/s, Materializing param=encoder.block.8.layer.0.SelfAttention.q.weight]
Loading weights:  64%|██████▍   | 162/252 [00:00<00:00, 1785.77it/s, Materializing param=encoder.block.8.layer.0.SelfAttention.q.weight]
Loading weights:  65%|██████▍   | 163/252 [00:00<00:00, 1793.50it/s, Materializing param=encoder.block.8.layer.0.SelfAttention.v.weight]
Loading weights:  65%|██████▍   | 163/252 [00:00<00:00, 1791.59it/s, Materializing param=encoder.block.8.layer.0.SelfAttention.v.weight]
Loading weights:  65%|██████▌   | 164/252 [00:00<00:00, 1799.05it/s, Materializing param=encoder.block.8.layer.0.layer_norm.weight]
Loading weights:  65%|██████▌   | 164/252 [00:00<00:00, 1797.14it/s, Materializing param=encoder.block.8.layer.0.layer_norm.weight]
Loading weights:  65%|██████▌   | 165/252 [00:00<00:00, 1804.83it/s, Materializing param=encoder.block.8.layer.1.DenseReluDense.wi_0.weight]
Loading weights:  65%|██████▌   | 165/252 [00:00<00:00, 1802.94it/s, Materializing param=encoder.block.8.layer.1.DenseReluDense.wi_0.weight]
Loading weights:  66%|██████▌   | 166/252 [00:00<00:00, 1810.49it/s, Materializing param=encoder.block.8.layer.1.DenseReluDense.wi_1.weight]
Loading weights:  66%|██████▌   | 166/252 [00:00<00:00, 1808.65it/s, Materializing param=encoder.block.8.layer.1.DenseReluDense.wi_1.weight]
Loading weights:  66%|██████▋   | 167/252 [00:00<00:00, 1816.20it/s, Materializing param=encoder.block.8.layer.1.DenseReluDense.wo.weight]
Loading weights:  66%|██████▋   | 167/252 [00:00<00:00, 1814.33it/s, Materializing param=encoder.block.8.layer.1.DenseReluDense.wo.weight]
Loading weights:  67%|██████▋   | 168/252 [00:00<00:00, 1821.55it/s, Materializing param=encoder.block.8.layer.1.layer_norm.weight]
Loading weights:  67%|██████▋   | 168/252 [00:00<00:00, 1819.45it/s, Materializing param=encoder.block.8.layer.1.layer_norm.weight]
Loading weights:  67%|██████▋   | 169/252 [00:00<00:00, 1826.84it/s, Materializing param=encoder.block.9.layer.0.SelfAttention.k.weight]
Loading weights:  67%|██████▋   | 169/252 [00:00<00:00, 1824.97it/s, Materializing param=encoder.block.9.layer.0.SelfAttention.k.weight]
Loading weights:  67%|██████▋   | 170/252 [00:00<00:00, 1832.47it/s, Materializing param=encoder.block.9.layer.0.SelfAttention.o.weight]
Loading weights:  67%|██████▋   | 170/252 [00:00<00:00, 1830.57it/s, Materializing param=encoder.block.9.layer.0.SelfAttention.o.weight]
Loading weights:  68%|██████▊   | 171/252 [00:00<00:00, 1837.98it/s, Materializing param=encoder.block.9.layer.0.SelfAttention.q.weight]
Loading weights:  68%|██████▊   | 171/252 [00:00<00:00, 1836.11it/s, Materializing param=encoder.block.9.layer.0.SelfAttention.q.weight]
Loading weights:  68%|██████▊   | 172/252 [00:00<00:00, 1843.54it/s, Materializing param=encoder.block.9.layer.0.SelfAttention.v.weight]
Loading weights:  68%|██████▊   | 172/252 [00:00<00:00, 1841.68it/s, Materializing param=encoder.block.9.layer.0.SelfAttention.v.weight]
Loading weights:  69%|██████▊   | 173/252 [00:00<00:00, 1849.11it/s, Materializing param=encoder.block.9.layer.0.layer_norm.weight]
Loading weights:  69%|██████▊   | 173/252 [00:00<00:00, 1847.26it/s, Materializing param=encoder.block.9.layer.0.layer_norm.weight]
Loading weights:  69%|██████▉   | 174/252 [00:00<00:00, 1854.71it/s, Materializing param=encoder.block.9.layer.1.DenseReluDense.wi_0.weight]
Loading weights:  69%|██████▉   | 174/252 [00:00<00:00, 1852.85it/s, Materializing param=encoder.block.9.layer.1.DenseReluDense.wi_0.weight]
Loading weights:  69%|██████▉   | 175/252 [00:00<00:00, 1860.14it/s, Materializing param=encoder.block.9.layer.1.DenseReluDense.wi_1.weight]
Loading weights:  69%|██████▉   | 175/252 [00:00<00:00, 1858.29it/s, Materializing param=encoder.block.9.layer.1.DenseReluDense.wi_1.weight]
Loading weights:  70%|██████▉   | 176/252 [00:00<00:00, 1865.56it/s, Materializing param=encoder.block.9.layer.1.DenseReluDense.wo.weight]
Loading weights:  70%|██████▉   | 176/252 [00:00<00:00, 1863.66it/s, Materializing param=encoder.block.9.layer.1.DenseReluDense.wo.weight]
Loading weights:  70%|███████   | 177/252 [00:00<00:00, 1870.42it/s, Materializing param=encoder.block.9.layer.1.layer_norm.weight]
Loading weights:  70%|███████   | 177/252 [00:00<00:00, 1868.27it/s, Materializing param=encoder.block.9.layer.1.layer_norm.weight]
Loading weights:  71%|███████   | 178/252 [00:00<00:00, 1875.39it/s, Materializing param=encoder.block.10.layer.0.SelfAttention.k.weight]
Loading weights:  71%|███████   | 178/252 [00:00<00:00, 1873.49it/s, Materializing param=encoder.block.10.layer.0.SelfAttention.k.weight]
Loading weights:  71%|███████   | 179/252 [00:00<00:00, 1880.61it/s, Materializing param=encoder.block.10.layer.0.SelfAttention.o.weight]
Loading weights:  71%|███████   | 179/252 [00:00<00:00, 1878.76it/s, Materializing param=encoder.block.10.layer.0.SelfAttention.o.weight]
Loading weights:  71%|███████▏  | 180/252 [00:00<00:00, 1885.89it/s, Materializing param=encoder.block.10.layer.0.SelfAttention.q.weight]
Loading weights:  71%|███████▏  | 180/252 [00:00<00:00, 1884.03it/s, Materializing param=encoder.block.10.layer.0.SelfAttention.q.weight]
Loading weights:  72%|███████▏  | 181/252 [00:00<00:00, 1891.14it/s, Materializing param=encoder.block.10.layer.0.SelfAttention.v.weight]
Loading weights:  72%|███████▏  | 181/252 [00:00<00:00, 1889.27it/s, Materializing param=encoder.block.10.layer.0.SelfAttention.v.weight]
Loading weights:  72%|███████▏  | 182/252 [00:00<00:00, 1896.36it/s, Materializing param=encoder.block.10.layer.0.layer_norm.weight]
Loading weights:  72%|███████▏  | 182/252 [00:00<00:00, 1894.49it/s, Materializing param=encoder.block.10.layer.0.layer_norm.weight]
Loading weights:  73%|███████▎  | 183/252 [00:00<00:00, 1901.24it/s, Materializing param=encoder.block.10.layer.1.DenseReluDense.wi_0.weight]
Loading weights:  73%|███████▎  | 183/252 [00:00<00:00, 1899.13it/s, Materializing param=encoder.block.10.layer.1.DenseReluDense.wi_0.weight]
Loading weights:  73%|███████▎  | 184/252 [00:00<00:00, 1905.98it/s, Materializing param=encoder.block.10.layer.1.DenseReluDense.wi_1.weight]
Loading weights:  73%|███████▎  | 184/252 [00:00<00:00, 1904.09it/s, Materializing param=encoder.block.10.layer.1.DenseReluDense.wi_1.weight]
Loading weights:  73%|███████▎  | 185/252 [00:00<00:00, 1911.10it/s, Materializing param=encoder.block.10.layer.1.DenseReluDense.wo.weight]
Loading weights:  73%|███████▎  | 185/252 [00:00<00:00, 1909.18it/s, Materializing param=encoder.block.10.layer.1.DenseReluDense.wo.weight]
Loading weights:  74%|███████▍  | 186/252 [00:00<00:00, 1916.14it/s, Materializing param=encoder.block.10.layer.1.layer_norm.weight]
Loading weights:  74%|███████▍  | 186/252 [00:00<00:00, 1914.29it/s, Materializing param=encoder.block.10.layer.1.layer_norm.weight]
Loading weights:  74%|███████▍  | 187/252 [00:00<00:00, 1921.31it/s, Materializing param=encoder.block.11.layer.0.SelfAttention.k.weight]
Loading weights:  74%|███████▍  | 187/252 [00:00<00:00, 1919.44it/s, Materializing param=encoder.block.11.layer.0.SelfAttention.k.weight]
Loading weights:  75%|███████▍  | 188/252 [00:00<00:00, 1926.39it/s, Materializing param=encoder.block.11.layer.0.SelfAttention.o.weight]
Loading weights:  75%|███████▍  | 188/252 [00:00<00:00, 1924.53it/s, Materializing param=encoder.block.11.layer.0.SelfAttention.o.weight]
Loading weights:  75%|███████▌  | 189/252 [00:00<00:00, 1931.45it/s, Materializing param=encoder.block.11.layer.0.SelfAttention.q.weight]
Loading weights:  75%|███████▌  | 189/252 [00:00<00:00, 1929.56it/s, Materializing param=encoder.block.11.layer.0.SelfAttention.q.weight]
Loading weights:  75%|███████▌  | 190/252 [00:00<00:00, 1936.41it/s, Materializing param=encoder.block.11.layer.0.SelfAttention.v.weight]
Loading weights:  75%|███████▌  | 190/252 [00:00<00:00, 1934.39it/s, Materializing param=encoder.block.11.layer.0.SelfAttention.v.weight]
Loading weights:  76%|███████▌  | 191/252 [00:00<00:00, 1941.15it/s, Materializing param=encoder.block.11.layer.0.layer_norm.weight]
Loading weights:  76%|███████▌  | 191/252 [00:00<00:00, 1939.26it/s, Materializing param=encoder.block.11.layer.0.layer_norm.weight]
Loading weights:  76%|███████▌  | 192/252 [00:00<00:00, 1946.18it/s, Materializing param=encoder.block.11.layer.1.DenseReluDense.wi_0.weight]
Loading weights:  76%|███████▌  | 192/252 [00:00<00:00, 1944.29it/s, Materializing param=encoder.block.11.layer.1.DenseReluDense.wi_0.weight]
Loading weights:  77%|███████▋  | 193/252 [00:00<00:00, 1951.06it/s, Materializing param=encoder.block.11.layer.1.DenseReluDense.wi_1.weight]
Loading weights:  77%|███████▋  | 193/252 [00:00<00:00, 1949.18it/s, Materializing param=encoder.block.11.layer.1.DenseReluDense.wi_1.weight]
Loading weights:  77%|███████▋  | 194/252 [00:00<00:00, 1955.91it/s, Materializing param=encoder.block.11.layer.1.DenseReluDense.wo.weight]
Loading weights:  77%|███████▋  | 194/252 [00:00<00:00, 1954.02it/s, Materializing param=encoder.block.11.layer.1.DenseReluDense.wo.weight]
Loading weights:  77%|███████▋  | 195/252 [00:00<00:00, 1960.71it/s, Materializing param=encoder.block.11.layer.1.layer_norm.weight]
Loading weights:  77%|███████▋  | 195/252 [00:00<00:00, 1958.84it/s, Materializing param=encoder.block.11.layer.1.layer_norm.weight]
Loading weights:  78%|███████▊  | 196/252 [00:00<00:00, 1965.61it/s, Materializing param=encoder.block.12.layer.0.SelfAttention.k.weight]
Loading weights:  78%|███████▊  | 196/252 [00:00<00:00, 1963.77it/s, Materializing param=encoder.block.12.layer.0.SelfAttention.k.weight]
Loading weights:  78%|███████▊  | 197/252 [00:00<00:00, 1970.46it/s, Materializing param=encoder.block.12.layer.0.SelfAttention.o.weight]
Loading weights:  78%|███████▊  | 197/252 [00:00<00:00, 1968.59it/s, Materializing param=encoder.block.12.layer.0.SelfAttention.o.weight]
Loading weights:  79%|███████▊  | 198/252 [00:00<00:00, 1975.22it/s, Materializing param=encoder.block.12.layer.0.SelfAttention.o.weight]
Loading weights:  79%|███████▊  | 198/252 [00:00<00:00, 1975.22it/s, Materializing param=encoder.block.12.layer.0.SelfAttention.q.weight]
Loading weights:  79%|███████▊  | 198/252 [00:00<00:00, 1975.22it/s, Materializing param=encoder.block.12.layer.0.SelfAttention.q.weight]
Loading weights:  79%|███████▉  | 199/252 [00:00<00:00, 1975.22it/s, Materializing param=encoder.block.12.layer.0.SelfAttention.v.weight]
Loading weights:  79%|███████▉  | 199/252 [00:00<00:00, 1975.22it/s, Materializing param=encoder.block.12.layer.0.SelfAttention.v.weight]
Loading weights:  79%|███████▉  | 200/252 [00:00<00:00, 1975.22it/s, Materializing param=encoder.block.12.layer.0.layer_norm.weight]
Loading weights:  79%|███████▉  | 200/252 [00:00<00:00, 1975.22it/s, Materializing param=encoder.block.12.layer.0.layer_norm.weight]
Loading weights:  80%|███████▉  | 201/252 [00:00<00:00, 1975.22it/s, Materializing param=encoder.block.12.layer.1.DenseReluDense.wi_0.weight]
Loading weights:  80%|███████▉  | 201/252 [00:00<00:00, 1975.22it/s, Materializing param=encoder.block.12.layer.1.DenseReluDense.wi_0.weight]
Loading weights:  80%|████████  | 202/252 [00:00<00:00, 1975.22it/s, Materializing param=encoder.block.12.layer.1.DenseReluDense.wi_1.weight]
Loading weights:  80%|████████  | 202/252 [00:00<00:00, 1975.22it/s, Materializing param=encoder.block.12.layer.1.DenseReluDense.wi_1.weight]
Loading weights:  81%|████████  | 203/252 [00:00<00:00, 1975.22it/s, Materializing param=encoder.block.12.layer.1.DenseReluDense.wo.weight]
Loading weights:  81%|████████  | 203/252 [00:00<00:00, 1975.22it/s, Materializing param=encoder.block.12.layer.1.DenseReluDense.wo.weight]
Loading weights:  81%|████████  | 204/252 [00:00<00:00, 1975.22it/s, Materializing param=encoder.block.12.layer.1.layer_norm.weight]
Loading weights:  81%|████████  | 204/252 [00:00<00:00, 1975.22it/s, Materializing param=encoder.block.12.layer.1.layer_norm.weight]
Loading weights:  81%|████████▏ | 205/252 [00:00<00:00, 1975.22it/s, Materializing param=encoder.block.13.layer.0.SelfAttention.k.weight]
Loading weights:  81%|████████▏ | 205/252 [00:00<00:00, 1975.22it/s, Materializing param=encoder.block.13.layer.0.SelfAttention.k.weight]
Loading weights:  82%|████████▏ | 206/252 [00:00<00:00, 1975.22it/s, Materializing param=encoder.block.13.layer.0.SelfAttention.o.weight]
Loading weights:  82%|████████▏ | 206/252 [00:00<00:00, 1975.22it/s, Materializing param=encoder.block.13.layer.0.SelfAttention.o.weight]
Loading weights:  82%|████████▏ | 207/252 [00:00<00:00, 1975.22it/s, Materializing param=encoder.block.13.layer.0.SelfAttention.q.weight]
Loading weights:  82%|████████▏ | 207/252 [00:00<00:00, 1975.22it/s, Materializing param=encoder.block.13.layer.0.SelfAttention.q.weight]
Loading weights:  83%|████████▎ | 208/252 [00:00<00:00, 1975.22it/s, Materializing param=encoder.block.13.layer.0.SelfAttention.v.weight]
Loading weights:  83%|████████▎ | 208/252 [00:00<00:00, 1975.22it/s, Materializing param=encoder.block.13.layer.0.SelfAttention.v.weight]
Loading weights:  83%|████████▎ | 209/252 [00:00<00:00, 1975.22it/s, Materializing param=encoder.block.13.layer.0.layer_norm.weight]
Loading weights:  83%|████████▎ | 209/252 [00:00<00:00, 1975.22it/s, Materializing param=encoder.block.13.layer.0.layer_norm.weight]
Loading weights:  83%|████████▎ | 210/252 [00:00<00:00, 1975.22it/s, Materializing param=encoder.block.13.layer.1.DenseReluDense.wi_0.weight]
Loading weights:  83%|████████▎ | 210/252 [00:00<00:00, 1975.22it/s, Materializing param=encoder.block.13.layer.1.DenseReluDense.wi_0.weight]
Loading weights:  84%|████████▎ | 211/252 [00:00<00:00, 1975.22it/s, Materializing param=encoder.block.13.layer.1.DenseReluDense.wi_1.weight]
Loading weights:  84%|████████▎ | 211/252 [00:00<00:00, 1975.22it/s, Materializing param=encoder.block.13.layer.1.DenseReluDense.wi_1.weight]
Loading weights:  84%|████████▍ | 212/252 [00:00<00:00, 1975.22it/s, Materializing param=encoder.block.13.layer.1.DenseReluDense.wo.weight]
Loading weights:  84%|████████▍ | 212/252 [00:00<00:00, 1975.22it/s, Materializing param=encoder.block.13.layer.1.DenseReluDense.wo.weight]
Loading weights:  85%|████████▍ | 213/252 [00:00<00:00, 1975.22it/s, Materializing param=encoder.block.13.layer.1.layer_norm.weight]
Loading weights:  85%|████████▍ | 213/252 [00:00<00:00, 1975.22it/s, Materializing param=encoder.block.13.layer.1.layer_norm.weight]
Loading weights:  85%|████████▍ | 214/252 [00:00<00:00, 1975.22it/s, Materializing param=encoder.block.14.layer.0.SelfAttention.k.weight]
Loading weights:  85%|████████▍ | 214/252 [00:00<00:00, 1975.22it/s, Materializing param=encoder.block.14.layer.0.SelfAttention.k.weight]
Loading weights:  85%|████████▌ | 215/252 [00:00<00:00, 1975.22it/s, Materializing param=encoder.block.14.layer.0.SelfAttention.o.weight]
Loading weights:  85%|████████▌ | 215/252 [00:00<00:00, 1975.22it/s, Materializing param=encoder.block.14.layer.0.SelfAttention.o.weight]
Loading weights:  86%|████████▌ | 216/252 [00:00<00:00, 1975.22it/s, Materializing param=encoder.block.14.layer.0.SelfAttention.q.weight]
Loading weights:  86%|████████▌ | 216/252 [00:00<00:00, 1975.22it/s, Materializing param=encoder.block.14.layer.0.SelfAttention.q.weight]
Loading weights:  86%|████████▌ | 217/252 [00:00<00:00, 1975.22it/s, Materializing param=encoder.block.14.layer.0.SelfAttention.v.weight]
Loading weights:  86%|████████▌ | 217/252 [00:00<00:00, 1975.22it/s, Materializing param=encoder.block.14.layer.0.SelfAttention.v.weight]
Loading weights:  87%|████████▋ | 218/252 [00:00<00:00, 1975.22it/s, Materializing param=encoder.block.14.layer.0.layer_norm.weight]
Loading weights:  87%|████████▋ | 218/252 [00:00<00:00, 1975.22it/s, Materializing param=encoder.block.14.layer.0.layer_norm.weight]
Loading weights:  87%|████████▋ | 219/252 [00:00<00:00, 1975.22it/s, Materializing param=encoder.block.14.layer.1.DenseReluDense.wi_0.weight]
Loading weights:  87%|████████▋ | 219/252 [00:00<00:00, 1975.22it/s, Materializing param=encoder.block.14.layer.1.DenseReluDense.wi_0.weight]
Loading weights:  87%|████████▋ | 220/252 [00:00<00:00, 1975.22it/s, Materializing param=encoder.block.14.layer.1.DenseReluDense.wi_1.weight]
Loading weights:  87%|████████▋ | 220/252 [00:00<00:00, 1975.22it/s, Materializing param=encoder.block.14.layer.1.DenseReluDense.wi_1.weight]
Loading weights:  88%|████████▊ | 221/252 [00:00<00:00, 1975.22it/s, Materializing param=encoder.block.14.layer.1.DenseReluDense.wo.weight]
Loading weights:  88%|████████▊ | 221/252 [00:00<00:00, 1975.22it/s, Materializing param=encoder.block.14.layer.1.DenseReluDense.wo.weight]
Loading weights:  88%|████████▊ | 222/252 [00:00<00:00, 1975.22it/s, Materializing param=encoder.block.14.layer.1.layer_norm.weight]
Loading weights:  88%|████████▊ | 222/252 [00:00<00:00, 1975.22it/s, Materializing param=encoder.block.14.layer.1.layer_norm.weight]
Loading weights:  88%|████████▊ | 223/252 [00:00<00:00, 1975.22it/s, Materializing param=encoder.block.15.layer.0.SelfAttention.k.weight]
Loading weights:  88%|████████▊ | 223/252 [00:00<00:00, 1975.22it/s, Materializing param=encoder.block.15.layer.0.SelfAttention.k.weight]
Loading weights:  89%|████████▉ | 224/252 [00:00<00:00, 1975.22it/s, Materializing param=encoder.block.15.layer.0.SelfAttention.o.weight]
Loading weights:  89%|████████▉ | 224/252 [00:00<00:00, 1975.22it/s, Materializing param=encoder.block.15.layer.0.SelfAttention.o.weight]
Loading weights:  89%|████████▉ | 225/252 [00:00<00:00, 1975.22it/s, Materializing param=encoder.block.15.layer.0.SelfAttention.q.weight]
Loading weights:  89%|████████▉ | 225/252 [00:00<00:00, 1975.22it/s, Materializing param=encoder.block.15.layer.0.SelfAttention.q.weight]
Loading weights:  90%|████████▉ | 226/252 [00:00<00:00, 1975.22it/s, Materializing param=encoder.block.15.layer.0.SelfAttention.v.weight]
Loading weights:  90%|████████▉ | 226/252 [00:00<00:00, 1975.22it/s, Materializing param=encoder.block.15.layer.0.SelfAttention.v.weight]
Loading weights:  90%|█████████ | 227/252 [00:00<00:00, 1975.22it/s, Materializing param=encoder.block.15.layer.0.layer_norm.weight]
Loading weights:  90%|█████████ | 227/252 [00:00<00:00, 1975.22it/s, Materializing param=encoder.block.15.layer.0.layer_norm.weight]
Loading weights:  90%|█████████ | 228/252 [00:00<00:00, 1975.22it/s, Materializing param=encoder.block.15.layer.1.DenseReluDense.wi_0.weight]
Loading weights:  90%|█████████ | 228/252 [00:00<00:00, 1975.22it/s, Materializing param=encoder.block.15.layer.1.DenseReluDense.wi_0.weight]
Loading weights:  91%|█████████ | 229/252 [00:00<00:00, 1975.22it/s, Materializing param=encoder.block.15.layer.1.DenseReluDense.wi_1.weight]
Loading weights:  91%|█████████ | 229/252 [00:00<00:00, 1975.22it/s, Materializing param=encoder.block.15.layer.1.DenseReluDense.wi_1.weight]
Loading weights:  91%|█████████▏| 230/252 [00:00<00:00, 1975.22it/s, Materializing param=encoder.block.15.layer.1.DenseReluDense.wo.weight]
Loading weights:  91%|█████████▏| 230/252 [00:00<00:00, 1975.22it/s, Materializing param=encoder.block.15.layer.1.DenseReluDense.wo.weight]
Loading weights:  92%|█████████▏| 231/252 [00:00<00:00, 1975.22it/s, Materializing param=encoder.block.15.layer.1.layer_norm.weight]
Loading weights:  92%|█████████▏| 231/252 [00:00<00:00, 1975.22it/s, Materializing param=encoder.block.15.layer.1.layer_norm.weight]
Loading weights:  92%|█████████▏| 232/252 [00:00<00:00, 1975.22it/s, Materializing param=encoder.block.16.layer.0.SelfAttention.k.weight]
Loading weights:  92%|█████████▏| 232/252 [00:00<00:00, 1975.22it/s, Materializing param=encoder.block.16.layer.0.SelfAttention.k.weight]
Loading weights:  92%|█████████▏| 233/252 [00:00<00:00, 1975.22it/s, Materializing param=encoder.block.16.layer.0.SelfAttention.o.weight]
Loading weights:  92%|█████████▏| 233/252 [00:00<00:00, 1975.22it/s, Materializing param=encoder.block.16.layer.0.SelfAttention.o.weight]
Loading weights:  93%|█████████▎| 234/252 [00:00<00:00, 1975.22it/s, Materializing param=encoder.block.16.layer.0.SelfAttention.q.weight]
Loading weights:  93%|█████████▎| 234/252 [00:00<00:00, 1975.22it/s, Materializing param=encoder.block.16.layer.0.SelfAttention.q.weight]
Loading weights:  93%|█████████▎| 235/252 [00:00<00:00, 1975.22it/s, Materializing param=encoder.block.16.layer.0.SelfAttention.v.weight]
Loading weights:  93%|█████████▎| 235/252 [00:00<00:00, 1975.22it/s, Materializing param=encoder.block.16.layer.0.SelfAttention.v.weight]
Loading weights:  94%|█████████▎| 236/252 [00:00<00:00, 1975.22it/s, Materializing param=encoder.block.16.layer.0.layer_norm.weight]
Loading weights:  94%|█████████▎| 236/252 [00:00<00:00, 1975.22it/s, Materializing param=encoder.block.16.layer.0.layer_norm.weight]
Loading weights:  94%|█████████▍| 237/252 [00:00<00:00, 1975.22it/s, Materializing param=encoder.block.16.layer.1.DenseReluDense.wi_0.weight]
Loading weights:  94%|█████████▍| 237/252 [00:00<00:00, 1975.22it/s, Materializing param=encoder.block.16.layer.1.DenseReluDense.wi_0.weight]
Loading weights:  94%|█████████▍| 238/252 [00:00<00:00, 1975.22it/s, Materializing param=encoder.block.16.layer.1.DenseReluDense.wi_1.weight]
Loading weights:  94%|█████████▍| 238/252 [00:00<00:00, 1975.22it/s, Materializing param=encoder.block.16.layer.1.DenseReluDense.wi_1.weight]
Loading weights:  95%|█████████▍| 239/252 [00:00<00:00, 1975.22it/s, Materializing param=encoder.block.16.layer.1.DenseReluDense.wo.weight]
Loading weights:  95%|█████████▍| 239/252 [00:00<00:00, 1975.22it/s, Materializing param=encoder.block.16.layer.1.DenseReluDense.wo.weight]
Loading weights:  95%|█████████▌| 240/252 [00:00<00:00, 1975.22it/s, Materializing param=encoder.block.16.layer.1.layer_norm.weight]
Loading weights:  95%|█████████▌| 240/252 [00:00<00:00, 1975.22it/s, Materializing param=encoder.block.16.layer.1.layer_norm.weight]
Loading weights:  96%|█████████▌| 241/252 [00:00<00:00, 1975.22it/s, Materializing param=encoder.block.17.layer.0.SelfAttention.k.weight]
Loading weights:  96%|█████████▌| 241/252 [00:00<00:00, 1975.22it/s, Materializing param=encoder.block.17.layer.0.SelfAttention.k.weight]
Loading weights:  96%|█████████▌| 242/252 [00:00<00:00, 1975.22it/s, Materializing param=encoder.block.17.layer.0.SelfAttention.o.weight]
Loading weights:  96%|█████████▌| 242/252 [00:00<00:00, 1975.22it/s, Materializing param=encoder.block.17.layer.0.SelfAttention.o.weight]
Loading weights:  96%|█████████▋| 243/252 [00:00<00:00, 1975.22it/s, Materializing param=encoder.block.17.layer.0.SelfAttention.q.weight]
Loading weights:  96%|█████████▋| 243/252 [00:00<00:00, 1975.22it/s, Materializing param=encoder.block.17.layer.0.SelfAttention.q.weight]
Loading weights:  97%|█████████▋| 244/252 [00:00<00:00, 1975.22it/s, Materializing param=encoder.block.17.layer.0.SelfAttention.v.weight]
Loading weights:  97%|█████████▋| 244/252 [00:00<00:00, 1975.22it/s, Materializing param=encoder.block.17.layer.0.SelfAttention.v.weight]
Loading weights:  97%|█████████▋| 245/252 [00:00<00:00, 1975.22it/s, Materializing param=encoder.block.17.layer.0.layer_norm.weight]
Loading weights:  97%|█████████▋| 245/252 [00:00<00:00, 1975.22it/s, Materializing param=encoder.block.17.layer.0.layer_norm.weight]
Loading weights:  98%|█████████▊| 246/252 [00:00<00:00, 1975.22it/s, Materializing param=encoder.block.17.layer.1.DenseReluDense.wi_0.weight]
Loading weights:  98%|█████████▊| 246/252 [00:00<00:00, 1975.22it/s, Materializing param=encoder.block.17.layer.1.DenseReluDense.wi_0.weight]
Loading weights:  98%|█████████▊| 247/252 [00:00<00:00, 1975.22it/s, Materializing param=encoder.block.17.layer.1.DenseReluDense.wi_1.weight]
Loading weights:  98%|█████████▊| 247/252 [00:00<00:00, 1975.22it/s, Materializing param=encoder.block.17.layer.1.DenseReluDense.wi_1.weight]
Loading weights:  98%|█████████▊| 248/252 [00:00<00:00, 1975.22it/s, Materializing param=encoder.block.17.layer.1.DenseReluDense.wo.weight]
Loading weights:  98%|█████████▊| 248/252 [00:00<00:00, 1975.22it/s, Materializing param=encoder.block.17.layer.1.DenseReluDense.wo.weight]
Loading weights:  99%|█████████▉| 249/252 [00:00<00:00, 1975.22it/s, Materializing param=encoder.block.17.layer.1.layer_norm.weight]
Loading weights:  99%|█████████▉| 249/252 [00:00<00:00, 1975.22it/s, Materializing param=encoder.block.17.layer.1.layer_norm.weight]
Loading weights:  99%|█████████▉| 250/252 [00:00<00:00, 1975.22it/s, Materializing param=encoder.final_layer_norm.weight]
Loading weights:  99%|█████████▉| 250/252 [00:00<00:00, 1975.22it/s, Materializing param=encoder.final_layer_norm.weight]
Loading weights: 100%|█████████▉| 251/252 [00:00<00:00, 1975.22it/s, Materializing param=lm_head.weight]
Loading weights: 100%|█████████▉| 251/252 [00:00<00:00, 1975.22it/s, Materializing param=lm_head.weight]
Loading weights: 100%|██████████| 252/252 [00:00<00:00, 1975.22it/s, Materializing param=shared.weight]
Loading weights: 100%|██████████| 252/252 [00:00<00:00, 1975.22it/s, Materializing param=shared.weight]
Loading weights: 100%|██████████| 252/252 [00:00<00:00, 2187.16it/s, Materializing param=shared.weight]
The tied weights mapping and config for this model specifies to tie shared.weight to lm_head.weight, but both are present in the checkpoints, so we will NOT tie them. You should update the config with `tie_word_embeddings=False` to silence this warning
[MODEL] Gradient checkpointing enabled
[MODEL] Total parameters: 581,653,248
[MODEL] Trainable: 581,653,248

======================================================================
PREPARING DATASET
======================================================================
[DATA] Added 19124 preservation examples
[DATA] Added 37935 edge case examples
[MODEL] Total parameters: 581,653,248
[MODEL] Trainable: 581,653,248

======================================================================
PREPARING DATASET
======================================================================
[DATA] Added 19124 preservation examples
[DATA] Added 37935 edge case examples
[DATA] Sorted by difficulty (easy -> hard)
[DATA] Train: 740,712, Validation: 35,982
[DATA] Sorted by difficulty (easy -> hard)
[DATA] Train: 740,712, Validation: 35,982
[DATA] Tokenizing train set...

Tokenizing train (num_proc=48):   0%|          | 0/740712 [00:00<?, ? examples/s][DATA] Tokenizing train set...

Tokenizing train (num_proc=48):   0%|          | 0/740712 [00:00<?, ? examples/s]
Tokenizing train (num_proc=48):   0%|          | 1000/740712 [00:04<55:13, 223.26 examples/s]
Tokenizing train (num_proc=48):   0%|          | 2000/740712 [00:04<24:00, 512.89 examples/s]
Tokenizing train (num_proc=48):   0%|          | 1000/740712 [00:04<57:52, 213.03 examples/s]
Tokenizing train (num_proc=48):   0%|          | 2000/740712 [00:04<24:40, 498.89 examples/s]
Tokenizing train (num_proc=48):   0%|          | 3000/740712 [00:05<18:29, 665.20 examples/s]
Tokenizing train (num_proc=48):   1%|          | 4000/740712 [00:06<13:04, 939.21 examples/s]
Tokenizing train (num_proc=48):   0%|          | 3000/740712 [00:05<19:17, 637.07 examples/s]
Tokenizing train (num_proc=48):   1%|          | 5000/740712 [00:06<11:07, 1102.45 examples/s]
Tokenizing train (num_proc=48):   1%|          | 4000/740712 [00:06<13:09, 932.60 examples/s]
Tokenizing train (num_proc=48):   1%|          | 7000/740712 [00:07<07:40, 1592.45 examples/s]
Tokenizing train (num_proc=48):   1%|          | 5000/740712 [00:06<11:27, 1070.60 examples/s]
Tokenizing train (num_proc=48):   1%|          | 6000/740712 [00:07<08:10, 1498.35 examples/s]
Tokenizing train (num_proc=48):   1%|          | 8000/740712 [00:07<07:15, 1683.97 examples/s]
Tokenizing train (num_proc=48):   1%|          | 7000/740712 [00:07<06:49, 1793.00 examples/s]
Tokenizing train (num_proc=48):   1%|          | 9000/740712 [00:08<07:36, 1602.93 examples/s]
Tokenizing train (num_proc=48):   1%|          | 8000/740712 [00:08<07:35, 1610.18 examples/s]
Tokenizing train (num_proc=48):   1%|▏         | 10000/740712 [00:08<06:40, 1825.05 examples/s]
Tokenizing train (num_proc=48):   1%|          | 9000/740712 [00:08<06:48, 1791.75 examples/s]
Tokenizing train (num_proc=48):   2%|▏         | 12000/740712 [00:09<06:03, 2004.70 examples/s]
Tokenizing train (num_proc=48):   1%|▏         | 10000/740712 [00:09<06:57, 1749.79 examples/s]
Tokenizing train (num_proc=48):   2%|▏         | 13000/740712 [00:09<05:00, 2421.58 examples/s]
Tokenizing train (num_proc=48):   1%|▏         | 11000/740712 [00:09<05:22, 2265.85 examples/s]
Tokenizing train (num_proc=48):   2%|▏         | 15000/740712 [00:10<03:31, 3432.03 examples/s]
Tokenizing train (num_proc=48):   2%|▏         | 12000/740712 [00:09<05:26, 2234.46 examples/s]
Tokenizing train (num_proc=48):   2%|▏         | 14000/740712 [00:10<03:47, 3188.85 examples/s]
Tokenizing train (num_proc=48):   2%|▏         | 16000/740712 [00:10<04:53, 2471.45 examples/s]
Tokenizing train (num_proc=48):   2%|▏         | 17000/740712 [00:11<04:15, 2834.89 examples/s]
Tokenizing train (num_proc=48):   2%|▏         | 15000/740712 [00:10<04:04, 2966.44 examples/s]
Tokenizing train (num_proc=48):   2%|▏         | 16000/740712 [00:11<05:12, 2318.62 examples/s]
Tokenizing train (num_proc=48):   2%|▏         | 18000/740712 [00:12<06:09, 1954.04 examples/s]
Tokenizing train (num_proc=48):   2%|▏         | 17000/740712 [00:11<05:21, 2249.77 examples/s]
Tokenizing train (num_proc=48):   3%|▎         | 20000/740712 [00:12<04:19, 2778.01 examples/s]
Tokenizing train (num_proc=48):   3%|▎         | 22000/740712 [00:12<03:54, 3063.08 examples/s]
Tokenizing train (num_proc=48):   2%|▏         | 18000/740712 [00:12<06:26, 1867.57 examples/s]
Tokenizing train (num_proc=48):   3%|▎         | 23000/740712 [00:13<03:39, 3267.42 examples/s]
Tokenizing train (num_proc=48):   3%|▎         | 19000/740712 [00:12<05:19, 2262.19 examples/s]
Tokenizing train (num_proc=48):   3%|▎         | 20000/740712 [00:12<04:28, 2680.97 examples/s]
Tokenizing train (num_proc=48):   3%|▎         | 22000/740712 [00:12<02:54, 4129.11 examples/s]
Tokenizing train (num_proc=48):   3%|▎         | 23000/740712 [00:13<02:41, 4433.46 examples/s]
Tokenizing train (num_proc=48):   3%|▎         | 25000/740712 [00:14<04:29, 2653.15 examples/s]
Tokenizing train (num_proc=48):   3%|▎         | 24000/740712 [00:13<03:23, 3514.01 examples/s]
Tokenizing train (num_proc=48):   4%|▎         | 26000/740712 [00:14<04:17, 2773.73 examples/s]
Tokenizing train (num_proc=48):   4%|▍         | 28000/740712 [00:14<03:01, 3923.89 examples/s]
Tokenizing train (num_proc=48):   4%|▍         | 29000/740712 [00:15<03:35, 3297.56 examples/s]
Tokenizing train (num_proc=48):   3%|▎         | 25000/740712 [00:14<05:05, 2340.37 examples/s]
Tokenizing train (num_proc=48):   4%|▍         | 30000/740712 [00:15<03:23, 3497.09 examples/s]
Tokenizing train (num_proc=48):   4%|▍         | 31000/740712 [00:15<03:18, 3571.90 examples/s]
Tokenizing train (num_proc=48):   4%|▎         | 26000/740712 [00:14<05:14, 2275.53 examples/s]
Tokenizing train (num_proc=48):   4%|▍         | 32000/740712 [00:15<02:46, 4262.56 examples/s]
Tokenizing train (num_proc=48):   4%|▎         | 27000/740712 [00:15<04:33, 2609.98 examples/s]
Tokenizing train (num_proc=48):   4%|▍         | 28000/740712 [00:15<03:46, 3147.41 examples/s]
Tokenizing train (num_proc=48):   5%|▍         | 34000/740712 [00:16<03:26, 3423.35 examples/s]
Tokenizing train (num_proc=48):   5%|▍         | 35000/740712 [00:16<03:00, 3900.81 examples/s]
Tokenizing train (num_proc=48):   4%|▍         | 30000/740712 [00:15<03:45, 3150.37 examples/s]
Tokenizing train (num_proc=48):   4%|▍         | 31000/740712 [00:16<03:30, 3374.85 examples/s]
Tokenizing train (num_proc=48):   5%|▍         | 37000/740712 [00:17<02:43, 4306.82 examples/s]
Tokenizing train (num_proc=48):   4%|▍         | 32000/740712 [00:16<03:23, 3490.86 examples/s]
Tokenizing train (num_proc=48):   5%|▍         | 34000/740712 [00:16<02:30, 4680.82 examples/s]
Tokenizing train (num_proc=48):   5%|▌         | 38000/740712 [00:17<03:40, 3184.86 examples/s]
Tokenizing train (num_proc=48):   5%|▌         | 39000/740712 [00:17<03:42, 3160.19 examples/s]
Tokenizing train (num_proc=48):   5%|▍         | 37000/740712 [00:17<02:32, 4601.30 examples/s]
Tokenizing train (num_proc=48):   5%|▌         | 38000/740712 [00:17<02:48, 4170.64 examples/s]
Tokenizing train (num_proc=48):   6%|▌         | 41000/740712 [00:18<03:36, 3237.01 examples/s]
Tokenizing train (num_proc=48):   6%|▌         | 42000/740712 [00:18<03:44, 3110.10 examples/s]
Tokenizing train (num_proc=48):   6%|▌         | 44000/740712 [00:19<02:45, 4200.05 examples/s]
Tokenizing train (num_proc=48):   6%|▌         | 45000/740712 [00:19<02:28, 4671.84 examples/s]
Tokenizing train (num_proc=48):   5%|▌         | 39000/740712 [00:18<04:25, 2639.85 examples/s]
Tokenizing train (num_proc=48):   5%|▌         | 40000/740712 [00:18<04:01, 2895.56 examples/s]
Tokenizing train (num_proc=48):   6%|▌         | 46000/740712 [00:19<02:51, 4055.54 examples/s]
Tokenizing train (num_proc=48):   6%|▋         | 47000/740712 [00:19<02:43, 4237.65 examples/s]
Tokenizing train (num_proc=48):   6%|▌         | 42000/740712 [00:19<03:03, 3814.17 examples/s]
Tokenizing train (num_proc=48):   6%|▋         | 48000/740712 [00:20<02:45, 4175.99 examples/s]
Tokenizing train (num_proc=48):   7%|▋         | 50000/740712 [00:20<01:49, 6315.15 examples/s]
Tokenizing train (num_proc=48):   7%|▋         | 52000/740712 [00:20<01:23, 8293.96 examples/s]
Tokenizing train (num_proc=48):   6%|▌         | 43000/740712 [00:19<03:35, 3231.02 examples/s]
Tokenizing train (num_proc=48):   6%|▌         | 44000/740712 [00:19<03:16, 3544.54 examples/s]
Tokenizing train (num_proc=48):   6%|▌         | 45000/740712 [00:19<03:10, 3653.94 examples/s]
Tokenizing train (num_proc=48):   6%|▌         | 46000/740712 [00:20<02:42, 4284.81 examples/s]
Tokenizing train (num_proc=48):   6%|▋         | 48000/740712 [00:20<02:03, 5609.93 examples/s]
Tokenizing train (num_proc=48):   7%|▋         | 54000/740712 [00:21<02:40, 4291.94 examples/s]
Tokenizing train (num_proc=48):   7%|▋         | 49000/740712 [00:20<02:21, 4898.01 examples/s]
Tokenizing train (num_proc=48):   7%|▋         | 50000/740712 [00:20<02:40, 4302.78 examples/s]
Tokenizing train (num_proc=48):   7%|▋         | 51000/740712 [00:21<02:42, 4241.37 examples/s]
Tokenizing train (num_proc=48):   7%|▋         | 55000/740712 [00:21<01:26, 7889.66 examples/s]
Tokenizing train (num_proc=48):   8%|▊         | 56000/740712 [00:22<03:46, 3020.76 examples/s]
Tokenizing train (num_proc=48):   8%|▊         | 57000/740712 [00:22<03:31, 3238.32 examples/s]
Tokenizing train (num_proc=48):   8%|▊         | 60000/740712 [00:22<02:16, 4981.40 examples/s]
Tokenizing train (num_proc=48):   8%|▊         | 61000/740712 [00:22<02:27, 4605.92 examples/s]
Tokenizing train (num_proc=48):   8%|▊         | 62000/740712 [00:23<02:17, 4943.71 examples/s]
Tokenizing train (num_proc=48):   8%|▊         | 56000/740712 [00:22<03:36, 3156.43 examples/s]
Tokenizing train (num_proc=48):   9%|▊         | 63432/740712 [00:23<02:53, 3903.81 examples/s]
Tokenizing train (num_proc=48):   8%|▊         | 57000/740712 [00:23<03:57, 2880.71 examples/s]
Tokenizing train (num_proc=48):   9%|▉         | 66432/740712 [00:23<01:58, 5707.67 examples/s]
Tokenizing train (num_proc=48):   8%|▊         | 58000/740712 [00:23<03:34, 3181.13 examples/s]
Tokenizing train (num_proc=48):   8%|▊         | 59000/740712 [00:23<03:14, 3498.65 examples/s]
Tokenizing train (num_proc=48):   9%|▉         | 68432/740712 [00:24<02:11, 5100.34 examples/s]
Tokenizing train (num_proc=48):   8%|▊         | 60432/740712 [00:23<02:34, 4411.23 examples/s]
Tokenizing train (num_proc=48):   9%|▉         | 69432/740712 [00:24<02:22, 4705.28 examples/s]
Tokenizing train (num_proc=48):   9%|▊         | 64432/740712 [00:24<01:49, 6195.22 examples/s]
Tokenizing train (num_proc=48):  10%|▉         | 70432/740712 [00:24<02:25, 4608.40 examples/s]
Tokenizing train (num_proc=48):   9%|▉         | 65432/740712 [00:24<02:13, 5048.13 examples/s]
Tokenizing train (num_proc=48):  10%|▉         | 71432/740712 [00:25<02:51, 3907.00 examples/s]
Tokenizing train (num_proc=48):   9%|▉         | 66432/740712 [00:24<02:14, 5021.27 examples/s]
Tokenizing train (num_proc=48):   9%|▉         | 67432/740712 [00:24<02:17, 4911.96 examples/s]
Tokenizing train (num_proc=48):  10%|▉         | 73432/740712 [00:25<02:56, 3771.18 examples/s]
Tokenizing train (num_proc=48):   9%|▉         | 68432/740712 [00:25<02:25, 4609.44 examples/s]
Tokenizing train (num_proc=48):  10%|█         | 74432/740712 [00:26<03:26, 3230.93 examples/s]
Tokenizing train (num_proc=48):  10%|▉         | 70432/740712 [00:25<03:19, 3362.84 examples/s]
Tokenizing train (num_proc=48):  10%|▉         | 71432/740712 [00:26<02:57, 3779.32 examples/s]
Tokenizing train (num_proc=48):  10%|█         | 75432/740712 [00:26<04:08, 2681.31 examples/s]
Tokenizing train (num_proc=48):  10%|▉         | 73432/740712 [00:26<02:07, 5250.35 examples/s]
Tokenizing train (num_proc=48):  10%|█         | 76432/740712 [00:27<03:43, 2977.75 examples/s]
Tokenizing train (num_proc=48):  10%|█         | 77432/740712 [00:27<03:16, 3375.39 examples/s]
Tokenizing train (num_proc=48):  11%|█         | 79432/740712 [00:27<02:25, 4547.88 examples/s]
Tokenizing train (num_proc=48):  11%|█▏        | 83432/740712 [00:28<02:16, 4818.24 examples/s]
Tokenizing train (num_proc=48):  10%|█         | 74432/740712 [00:27<05:02, 2205.09 examples/s]
Tokenizing train (num_proc=48):  11%|█▏        | 84432/740712 [00:28<02:11, 5008.57 examples/s]
Tokenizing train (num_proc=48):  12%|█▏        | 87432/740712 [00:28<01:34, 6941.20 examples/s]
Tokenizing train (num_proc=48):  10%|█         | 77432/740712 [00:28<03:15, 3385.65 examples/s]
Tokenizing train (num_proc=48):  11%|█         | 78432/740712 [00:28<03:06, 3548.71 examples/s]
Tokenizing train (num_proc=48):  11%|█         | 79432/740712 [00:28<03:01, 3637.10 examples/s]
Tokenizing train (num_proc=48):  12%|█▏        | 89432/740712 [00:29<02:14, 4844.24 examples/s]
Tokenizing train (num_proc=48):  12%|█▏        | 90432/740712 [00:29<02:17, 4717.92 examples/s]
Tokenizing train (num_proc=48):  12%|█▏        | 85432/740712 [00:28<01:33, 7031.70 examples/s]
Tokenizing train (num_proc=48):  12%|█▏        | 92432/740712 [00:29<01:48, 5995.47 examples/s]
Tokenizing train (num_proc=48):  12%|█▏        | 87432/740712 [00:29<01:40, 6479.73 examples/s]
Tokenizing train (num_proc=48):  12%|█▏        | 88432/740712 [00:29<01:45, 6187.45 examples/s]
Tokenizing train (num_proc=48):  12%|█▏        | 89432/740712 [00:29<02:12, 4898.62 examples/s]
Tokenizing train (num_proc=48):  12%|█▏        | 90432/740712 [00:30<02:03, 5277.48 examples/s]
Tokenizing train (num_proc=48):  13%|█▎        | 94432/740712 [00:30<03:08, 3424.45 examples/s]
Tokenizing train (num_proc=48):  13%|█▎        | 95432/740712 [00:31<03:06, 3452.39 examples/s]
Tokenizing train (num_proc=48):  12%|█▏        | 91432/740712 [00:30<03:14, 3340.75 examples/s]
Tokenizing train (num_proc=48):  12%|█▏        | 92432/740712 [00:30<02:51, 3783.98 examples/s]
Tokenizing train (num_proc=48):  13%|█▎        | 93432/740712 [00:31<02:39, 4054.41 examples/s]
Tokenizing train (num_proc=48):  13%|█▎        | 96432/740712 [00:31<04:06, 2614.65 examples/s]
Tokenizing train (num_proc=48):  13%|█▎        | 97432/740712 [00:32<03:38, 2945.54 examples/s]
Tokenizing train (num_proc=48):  14%|█▍        | 102432/740712 [00:32<01:34, 6720.43 examples/s]
Tokenizing train (num_proc=48):  14%|█▍        | 104432/740712 [00:32<01:32, 6892.77 examples/s]
Tokenizing train (num_proc=48):  13%|█▎        | 94432/740712 [00:32<04:42, 2286.89 examples/s]
Tokenizing train (num_proc=48):  15%|█▍        | 107432/740712 [00:32<01:29, 7048.45 examples/s]
Tokenizing train (num_proc=48):  13%|█▎        | 95432/740712 [00:32<03:56, 2733.68 examples/s]
Tokenizing train (num_proc=48):  13%|█▎        | 98432/740712 [00:32<02:06, 5061.42 examples/s]
Tokenizing train (num_proc=48):  15%|█▍        | 108432/740712 [00:33<01:38, 6403.31 examples/s]
Tokenizing train (num_proc=48):  13%|█▎        | 99432/740712 [00:32<02:00, 5312.05 examples/s]
Tokenizing train (num_proc=48):  15%|█▍        | 109432/740712 [00:33<01:43, 6114.93 examples/s]
Tokenizing train (num_proc=48):  15%|█▌        | 112432/740712 [00:33<01:23, 7552.15 examples/s]
Tokenizing train (num_proc=48):  14%|█▎        | 100432/740712 [00:33<02:56, 3630.24 examples/s]
Tokenizing train (num_proc=48):  14%|█▎        | 101432/740712 [00:33<02:46, 3832.58 examples/s]
Tokenizing train (num_proc=48):  14%|█▍        | 102432/740712 [00:33<02:36, 4065.49 examples/s]
Tokenizing train (num_proc=48):  15%|█▌        | 113432/740712 [00:34<02:16, 4600.34 examples/s]
Tokenizing train (num_proc=48):  15%|█▍        | 108432/740712 [00:33<01:03, 9946.58 examples/s]
Tokenizing train (num_proc=48):  15%|█▌        | 114432/740712 [00:34<02:19, 4495.04 examples/s]
Tokenizing train (num_proc=48):  15%|█▌        | 111432/740712 [00:33<00:51, 12144.47 examples/s]
Tokenizing train (num_proc=48):  16%|█▌        | 116432/740712 [00:34<01:53, 5479.67 examples/s]
Tokenizing train (num_proc=48):  16%|█▌        | 117432/740712 [00:34<01:52, 5540.33 examples/s]
Tokenizing train (num_proc=48):  16%|█▌        | 119432/740712 [00:35<02:03, 5033.80 examples/s]
Tokenizing train (num_proc=48):  16%|█▋        | 120432/740712 [00:35<02:06, 4910.71 examples/s]
Tokenizing train (num_proc=48):  15%|█▌        | 113432/740712 [00:34<01:55, 5410.28 examples/s]
Tokenizing train (num_proc=48):  16%|█▋        | 121432/740712 [00:35<02:14, 4595.63 examples/s]
Tokenizing train (num_proc=48):  16%|█▌        | 115432/740712 [00:35<02:03, 5071.80 examples/s]
Tokenizing train (num_proc=48):  17%|█▋        | 123432/740712 [00:36<01:53, 5460.19 examples/s]
Tokenizing train (num_proc=48):  17%|█▋        | 124432/740712 [00:36<01:51, 5506.92 examples/s]
Tokenizing train (num_proc=48):  16%|█▌        | 116432/740712 [00:35<02:06, 4946.34 examples/s]
Tokenizing train (num_proc=48):  17%|█▋        | 126432/740712 [00:36<01:48, 5682.98 examples/s]
Tokenizing train (num_proc=48):  16%|█▌        | 117432/740712 [00:36<02:38, 3930.04 examples/s]
Tokenizing train (num_proc=48):  17%|█▋        | 127432/740712 [00:36<01:54, 5343.48 examples/s]
Tokenizing train (num_proc=48):  16%|█▌        | 119432/740712 [00:36<02:03, 5040.82 examples/s]
Tokenizing train (num_proc=48):  17%|█▋        | 128432/740712 [00:37<02:04, 4913.63 examples/s]
Tokenizing train (num_proc=48):  16%|█▋        | 121432/740712 [00:36<01:43, 5978.51 examples/s]
Tokenizing train (num_proc=48):  18%|█▊        | 136432/740712 [00:37<00:45, 13299.94 examples/s]
Tokenizing train (num_proc=48):  17%|█▋        | 122432/740712 [00:36<01:45, 5854.90 examples/s]
Tokenizing train (num_proc=48):  17%|█▋        | 124432/740712 [00:36<01:35, 6423.75 examples/s]
Tokenizing train (num_proc=48):  17%|█▋        | 125432/740712 [00:37<01:45, 5823.31 examples/s]
Tokenizing train (num_proc=48):  19%|█▊        | 138432/740712 [00:37<01:15, 7989.52 examples/s]
Tokenizing train (num_proc=48):  17%|█▋        | 128432/740712 [00:37<01:10, 8648.80 examples/s]
Tokenizing train (num_proc=48):  18%|█▊        | 130432/740712 [00:37<01:03, 9639.14 examples/s]
Tokenizing train (num_proc=48):  19%|█▉        | 140432/740712 [00:38<01:33, 6419.59 examples/s]
Tokenizing train (num_proc=48):  19%|█▉        | 141432/740712 [00:38<01:42, 5865.35 examples/s]
Tokenizing train (num_proc=48):  18%|█▊        | 132432/740712 [00:38<01:52, 5427.72 examples/s]
Tokenizing train (num_proc=48):  19%|█▉        | 143432/740712 [00:38<01:28, 6784.40 examples/s]
Tokenizing train (num_proc=48):  18%|█▊        | 133432/740712 [00:38<01:58, 5110.84 examples/s]
Tokenizing train (num_proc=48):  18%|█▊        | 136432/740712 [00:38<01:20, 7522.84 examples/s]
Tokenizing train (num_proc=48):  19%|█▊        | 138432/740712 [00:38<01:13, 8213.35 examples/s]
Tokenizing train (num_proc=48):  19%|█▉        | 144432/740712 [00:39<02:15, 4404.40 examples/s]
Tokenizing train (num_proc=48):  20%|█▉        | 145432/740712 [00:39<02:12, 4486.91 examples/s]
Tokenizing train (num_proc=48):  19%|█▉        | 140432/740712 [00:39<01:12, 8300.72 examples/s]
Tokenizing train (num_proc=48):  19%|█▉        | 142432/740712 [00:39<01:28, 6739.29 examples/s]
Tokenizing train (num_proc=48):  20%|██        | 148432/740712 [00:40<02:02, 4850.34 examples/s]
Tokenizing train (num_proc=48):  19%|█▉        | 143432/740712 [00:39<02:03, 4834.28 examples/s]
Tokenizing train (num_proc=48):  20%|██        | 149432/740712 [00:40<02:19, 4251.92 examples/s]
Tokenizing train (num_proc=48):  19%|█▉        | 144432/740712 [00:40<02:02, 4868.61 examples/s]
Tokenizing train (num_proc=48):  20%|██        | 150432/740712 [00:40<02:18, 4267.03 examples/s]
Tokenizing train (num_proc=48):  20%|█▉        | 145432/740712 [00:40<01:55, 5174.39 examples/s]
Tokenizing train (num_proc=48):  20%|██        | 151432/740712 [00:41<02:16, 4311.47 examples/s]
Tokenizing train (num_proc=48):  21%|██        | 152432/740712 [00:41<01:59, 4923.45 examples/s]
Tokenizing train (num_proc=48):  21%|██        | 156432/740712 [00:41<01:00, 9684.83 examples/s]
Tokenizing train (num_proc=48):  20%|█▉        | 146432/740712 [00:41<03:14, 3057.95 examples/s]
Tokenizing train (num_proc=48):  20%|█▉        | 147432/740712 [00:41<02:50, 3486.22 examples/s]
Tokenizing train (num_proc=48):  21%|██▏       | 158432/740712 [00:42<01:43, 5645.07 examples/s]
Tokenizing train (num_proc=48):  20%|██        | 148432/740712 [00:41<02:50, 3479.66 examples/s]
Tokenizing train (num_proc=48):  20%|██        | 150432/740712 [00:41<02:17, 4304.17 examples/s]
Tokenizing train (num_proc=48):  22%|██▏       | 160432/740712 [00:42<01:53, 5091.51 examples/s]
Tokenizing train (num_proc=48):  21%|██        | 153432/740712 [00:42<01:29, 6590.57 examples/s]
Tokenizing train (num_proc=48):  22%|██▏       | 162432/740712 [00:42<01:35, 6034.15 examples/s]
Tokenizing train (num_proc=48):  22%|██▏       | 163432/740712 [00:42<01:31, 6325.94 examples/s]
Tokenizing train (num_proc=48):  22%|██▏       | 165432/740712 [00:43<01:12, 7919.14 examples/s]
Tokenizing train (num_proc=48):  21%|██        | 155432/740712 [00:42<02:04, 4688.88 examples/s]
Tokenizing train (num_proc=48):  23%|██▎       | 167432/740712 [00:43<01:33, 6160.36 examples/s]
Tokenizing train (num_proc=48):  23%|██▎       | 168432/740712 [00:43<01:43, 5535.67 examples/s]
Tokenizing train (num_proc=48):  21%|██        | 156432/740712 [00:43<02:33, 3799.00 examples/s]
Tokenizing train (num_proc=48):  23%|██▎       | 169432/740712 [00:44<01:56, 4922.33 examples/s]
Tokenizing train (num_proc=48):  21%|██▏       | 157432/740712 [00:43<02:15, 4308.19 examples/s]
Tokenizing train (num_proc=48):  22%|██▏       | 159432/740712 [00:43<01:36, 6034.45 examples/s]
Tokenizing train (num_proc=48):  24%|██▎       | 175432/740712 [00:44<01:03, 8835.68 examples/s]
Tokenizing train (num_proc=48):  22%|██▏       | 160432/740712 [00:43<01:49, 5310.38 examples/s]
Tokenizing train (num_proc=48):  22%|██▏       | 163432/740712 [00:43<01:19, 7239.45 examples/s]
Tokenizing train (num_proc=48):  22%|██▏       | 165432/740712 [00:44<01:10, 8203.11 examples/s]
Tokenizing train (num_proc=48):  23%|██▎       | 167432/740712 [00:44<01:35, 6011.41 examples/s]
Tokenizing train (num_proc=48):  24%|██▍       | 176432/740712 [00:45<02:25, 3869.41 examples/s]
Tokenizing train (num_proc=48):  23%|██▎       | 168432/740712 [00:44<01:50, 5167.60 examples/s]
Tokenizing train (num_proc=48):  24%|██▍       | 177432/740712 [00:45<02:26, 3852.46 examples/s]
Tokenizing train (num_proc=48):  23%|██▎       | 169432/740712 [00:45<01:54, 4989.49 examples/s]
Tokenizing train (num_proc=48):  24%|██▍       | 178432/740712 [00:46<02:13, 4207.76 examples/s]
Tokenizing train (num_proc=48):  23%|██▎       | 171432/740712 [00:45<01:23, 6816.81 examples/s]
Tokenizing train (num_proc=48):  24%|██▍       | 179432/740712 [00:46<02:06, 4424.21 examples/s]
Tokenizing train (num_proc=48):  24%|██▍       | 181432/740712 [00:46<02:33, 3637.62 examples/s]
Tokenizing train (num_proc=48):  25%|██▍       | 182432/740712 [00:47<02:30, 3719.51 examples/s]
Tokenizing train (num_proc=48):  24%|██▎       | 174432/740712 [00:46<02:26, 3877.81 examples/s]
Tokenizing train (num_proc=48):  25%|██▍       | 183432/740712 [00:47<02:30, 3690.78 examples/s]
Tokenizing train (num_proc=48):  25%|██▍       | 184432/740712 [00:47<02:24, 3841.78 examples/s]
Tokenizing train (num_proc=48):  24%|██▎       | 175432/740712 [00:46<02:51, 3295.76 examples/s]
Tokenizing train (num_proc=48):  25%|██▌       | 186432/740712 [00:47<01:40, 5504.09 examples/s]
Tokenizing train (num_proc=48):  24%|██▍       | 176432/740712 [00:47<02:31, 3732.69 examples/s]
Tokenizing train (num_proc=48):  25%|██▌       | 188432/740712 [00:47<01:16, 7250.87 examples/s]
Tokenizing train (num_proc=48):  26%|██▌       | 190432/740712 [00:48<01:00, 9052.14 examples/s]
Tokenizing train (num_proc=48):  24%|██▍       | 177432/740712 [00:47<02:31, 3707.08 examples/s]
Tokenizing train (num_proc=48):  26%|██▌       | 192432/740712 [00:48<00:56, 9741.68 examples/s]
Tokenizing train (num_proc=48):  24%|██▍       | 181432/740712 [00:47<01:16, 7284.38 examples/s]
Tokenizing train (num_proc=48):  26%|██▌       | 193864/740712 [00:48<00:56, 9673.17 examples/s]
Tokenizing train (num_proc=48):  25%|██▍       | 183432/740712 [00:48<01:56, 4783.66 examples/s]
Tokenizing train (num_proc=48):  25%|██▍       | 184432/740712 [00:48<01:54, 4869.99 examples/s]
Tokenizing train (num_proc=48):  26%|██▋       | 195864/740712 [00:49<01:58, 4613.61 examples/s]
Tokenizing train (num_proc=48):  25%|██▌       | 185432/740712 [00:48<01:46, 5221.00 examples/s]
Tokenizing train (num_proc=48):  27%|██▋       | 196864/740712 [00:49<01:53, 4787.66 examples/s]
Tokenizing train (num_proc=48):  27%|██▋       | 197864/740712 [00:49<01:51, 4863.02 examples/s]
Tokenizing train (num_proc=48):  27%|██▋       | 198864/740712 [00:49<01:41, 5359.97 examples/s]
Tokenizing train (num_proc=48):  27%|██▋       | 199864/740712 [00:49<01:31, 5891.95 examples/s]
Tokenizing train (num_proc=48):  25%|██▌       | 187864/740712 [00:49<02:11, 4207.47 examples/s]
Tokenizing train (num_proc=48):  28%|██▊       | 203864/740712 [00:50<01:09, 7750.12 examples/s]
Tokenizing train (num_proc=48):  25%|██▌       | 188864/740712 [00:49<02:08, 4310.69 examples/s]
Tokenizing train (num_proc=48):  28%|██▊       | 205864/740712 [00:50<00:59, 9029.51 examples/s]
Tokenizing train (num_proc=48):  26%|██▌       | 189864/740712 [00:50<02:30, 3658.72 examples/s]
Tokenizing train (num_proc=48):  26%|██▌       | 191864/740712 [00:50<01:51, 4915.79 examples/s]
Tokenizing train (num_proc=48):  26%|██▌       | 192864/740712 [00:50<01:45, 5216.94 examples/s]
Tokenizing train (num_proc=48):  28%|██▊       | 207864/740712 [00:51<01:36, 5505.83 examples/s]
Tokenizing train (num_proc=48):  26%|██▌       | 193864/740712 [00:50<02:05, 4368.55 examples/s]
Tokenizing train (num_proc=48):  28%|██▊       | 208864/740712 [00:51<01:51, 4775.11 examples/s]
Tokenizing train (num_proc=48):  28%|██▊       | 209864/740712 [00:51<02:02, 4319.68 examples/s]
Tokenizing train (num_proc=48):  29%|██▊       | 211864/740712 [00:51<01:32, 5722.05 examples/s]
Tokenizing train (num_proc=48):  27%|██▋       | 197864/740712 [00:51<01:39, 5477.37 examples/s]
Tokenizing train (num_proc=48):  29%|██▊       | 212864/740712 [00:52<01:35, 5537.81 examples/s]
Tokenizing train (num_proc=48):  27%|██▋       | 199864/740712 [00:51<01:44, 5177.69 examples/s]
Tokenizing train (num_proc=48):  27%|██▋       | 201864/740712 [00:51<01:22, 6551.22 examples/s]
Tokenizing train (num_proc=48):  29%|██▉       | 213864/740712 [00:52<02:15, 3889.77 examples/s]
Tokenizing train (num_proc=48):  29%|██▉       | 214864/740712 [00:52<02:11, 3990.88 examples/s]
Tokenizing train (num_proc=48):  28%|██▊       | 203864/740712 [00:52<01:38, 5471.23 examples/s]
Tokenizing train (num_proc=48):  29%|██▉       | 215864/740712 [00:53<02:07, 4101.09 examples/s]
Tokenizing train (num_proc=48):  29%|██▉       | 216864/740712 [00:53<02:20, 3741.12 examples/s]
Tokenizing train (num_proc=48):  29%|██▉       | 217864/740712 [00:53<02:14, 3892.55 examples/s]
Tokenizing train (num_proc=48):  28%|██▊       | 204864/740712 [00:53<02:26, 3661.79 examples/s]
Tokenizing train (num_proc=48):  30%|██▉       | 220864/740712 [00:54<01:33, 5544.08 examples/s]
Tokenizing train (num_proc=48):  28%|██▊       | 205864/740712 [00:53<02:32, 3517.90 examples/s]
Tokenizing train (num_proc=48):  30%|██▉       | 221864/740712 [00:54<01:28, 5855.35 examples/s]
Tokenizing train (num_proc=48):  28%|██▊       | 207864/740712 [00:53<01:47, 4934.40 examples/s]
Tokenizing train (num_proc=48):  30%|███       | 222864/740712 [00:54<01:28, 5877.86 examples/s]
Tokenizing train (num_proc=48):  28%|██▊       | 209864/740712 [00:53<01:23, 6354.81 examples/s]
Tokenizing train (num_proc=48):  30%|███       | 223864/740712 [00:54<01:31, 5623.61 examples/s]
Tokenizing train (num_proc=48):  30%|███       | 224864/740712 [00:54<01:25, 6067.58 examples/s]
Tokenizing train (num_proc=48):  29%|██▊       | 211864/740712 [00:54<02:35, 3407.87 examples/s]
Tokenizing train (num_proc=48):  29%|██▊       | 212864/740712 [00:54<02:26, 3612.27 examples/s]
Tokenizing train (num_proc=48):  30%|███       | 225864/740712 [00:55<03:49, 2244.22 examples/s]
Tokenizing train (num_proc=48):  29%|██▉       | 213864/740712 [00:55<02:16, 3873.47 examples/s]
Tokenizing train (num_proc=48):  29%|██▉       | 214864/740712 [00:55<01:59, 4415.12 examples/s]
Tokenizing train (num_proc=48):  29%|██▉       | 215864/740712 [00:55<01:43, 5087.48 examples/s]
Tokenizing train (num_proc=48):  29%|██▉       | 216864/740712 [00:55<01:39, 5264.99 examples/s]
Tokenizing train (num_proc=48):  31%|███       | 227864/740712 [00:56<03:11, 2677.86 examples/s]
Tokenizing train (num_proc=48):  30%|██▉       | 218864/740712 [00:55<01:11, 7261.38 examples/s]
Tokenizing train (num_proc=48):  31%|███       | 228864/740712 [00:56<02:41, 3176.34 examples/s]
Tokenizing train (num_proc=48):  31%|███       | 229864/740712 [00:57<03:15, 2612.61 examples/s]
Tokenizing train (num_proc=48):  30%|██▉       | 221864/740712 [00:56<01:51, 4648.88 examples/s]
Tokenizing train (num_proc=48):  31%|███       | 230864/740712 [00:57<03:03, 2778.84 examples/s]
Tokenizing train (num_proc=48):  30%|███       | 222864/740712 [00:56<02:08, 4023.75 examples/s]
Tokenizing train (num_proc=48):  31%|███▏      | 231864/740712 [00:57<02:58, 2856.78 examples/s]
Tokenizing train (num_proc=48):  32%|███▏      | 235864/740712 [00:57<01:18, 6403.01 examples/s]
Tokenizing train (num_proc=48):  32%|███▏      | 239864/740712 [00:58<00:52, 9478.61 examples/s]
Tokenizing train (num_proc=48):  30%|███       | 223864/740712 [00:57<02:27, 3499.24 examples/s]
Tokenizing train (num_proc=48):  30%|███       | 225864/740712 [00:57<01:49, 4690.31 examples/s]
Tokenizing train (num_proc=48):  33%|███▎      | 243864/740712 [00:58<00:54, 9150.83 examples/s]
Tokenizing train (num_proc=48):  31%|███       | 226864/740712 [00:58<02:20, 3646.86 examples/s]
Tokenizing train (num_proc=48):  31%|███       | 227864/740712 [00:58<02:08, 3991.47 examples/s]
Tokenizing train (num_proc=48):  33%|███▎      | 245864/740712 [00:59<01:26, 5706.09 examples/s]
Tokenizing train (num_proc=48):  33%|███▎      | 246864/740712 [00:59<01:34, 5229.34 examples/s]
Tokenizing train (num_proc=48):  31%|███       | 228864/740712 [00:59<03:16, 2608.87 examples/s]
Tokenizing train (num_proc=48):  33%|███▎      | 247864/740712 [00:59<01:38, 4992.01 examples/s]
Tokenizing train (num_proc=48):  34%|███▎      | 249864/740712 [01:00<01:18, 6233.73 examples/s]
Tokenizing train (num_proc=48):  34%|███▍      | 251864/740712 [01:00<01:09, 7033.03 examples/s]
Tokenizing train (num_proc=48):  31%|███       | 229864/740712 [00:59<03:22, 2524.76 examples/s]
Tokenizing train (num_proc=48):  34%|███▍      | 252864/740712 [01:00<01:07, 7271.96 examples/s]
Tokenizing train (num_proc=48):  31%|███       | 230864/740712 [00:59<02:50, 2985.96 examples/s]
Tokenizing train (num_proc=48):  31%|███▏      | 231864/740712 [00:59<02:18, 3663.19 examples/s]
Tokenizing train (num_proc=48):  34%|███▍      | 253864/740712 [01:00<01:14, 6512.59 examples/s]
Tokenizing train (num_proc=48):  31%|███▏      | 232864/740712 [00:59<02:00, 4221.82 examples/s]
Tokenizing train (num_proc=48):  34%|███▍      | 254864/740712 [01:00<01:20, 6049.04 examples/s]
Tokenizing train (num_proc=48):  32%|███▏      | 233864/740712 [01:00<01:49, 4615.96 examples/s]
Tokenizing train (num_proc=48):  32%|███▏      | 234864/740712 [01:00<01:46, 4766.24 examples/s]
Tokenizing train (num_proc=48):  32%|███▏      | 235864/740712 [01:01<03:11, 2629.77 examples/s]
Tokenizing train (num_proc=48):  35%|███▍      | 255864/740712 [01:01<03:17, 2459.85 examples/s]
Tokenizing train (num_proc=48):  35%|███▍      | 256864/740712 [01:02<02:56, 2737.55 examples/s]
Tokenizing train (num_proc=48):  32%|███▏      | 236864/740712 [01:01<03:15, 2582.19 examples/s]
Tokenizing train (num_proc=48):  35%|███▍      | 258864/740712 [01:02<01:57, 4114.21 examples/s]
Tokenizing train (num_proc=48):  35%|███▌      | 259864/740712 [01:02<01:44, 4602.59 examples/s]
Tokenizing train (num_proc=48):  32%|███▏      | 237864/740712 [01:01<03:17, 2542.09 examples/s]
Tokenizing train (num_proc=48):  33%|███▎      | 241864/740712 [01:01<01:20, 6173.03 examples/s]
Tokenizing train (num_proc=48):  35%|███▌      | 260864/740712 [01:02<01:55, 4170.14 examples/s]
Tokenizing train (num_proc=48):  35%|███▌      | 261864/740712 [01:03<02:02, 3896.06 examples/s]
Tokenizing train (num_proc=48):  33%|███▎      | 243864/740712 [01:02<01:33, 5313.32 examples/s]
Tokenizing train (num_proc=48):  33%|███▎      | 245864/740712 [01:03<01:45, 4698.98 examples/s]
Tokenizing train (num_proc=48):  35%|███▌      | 262864/740712 [01:03<03:09, 2527.06 examples/s]
Tokenizing train (num_proc=48):  33%|███▎      | 246864/740712 [01:03<01:45, 4692.17 examples/s]
Tokenizing train (num_proc=48):  33%|███▎      | 247864/740712 [01:03<01:42, 4788.56 examples/s]
Tokenizing train (num_proc=48):  34%|███▎      | 248864/740712 [01:03<01:38, 5010.47 examples/s]
Tokenizing train (num_proc=48):  36%|███▌      | 265864/740712 [01:04<02:24, 3280.70 examples/s]
Tokenizing train (num_proc=48):  34%|███▎      | 249864/740712 [01:03<01:48, 4529.60 examples/s]
Tokenizing train (num_proc=48):  36%|███▌      | 266864/740712 [01:04<02:08, 3697.61 examples/s]
Tokenizing train (num_proc=48):  34%|███▍      | 250864/740712 [01:04<01:50, 4438.76 examples/s]
Tokenizing train (num_proc=48):  34%|███▍      | 253864/740712 [01:04<01:05, 7412.72 examples/s]
Tokenizing train (num_proc=48):  36%|███▌      | 267864/740712 [01:05<02:29, 3170.53 examples/s]
Tokenizing train (num_proc=48):  36%|███▋      | 268864/740712 [01:05<02:42, 2897.54 examples/s]
Tokenizing train (num_proc=48):  36%|███▋      | 269864/740712 [01:05<02:24, 3249.92 examples/s]
Tokenizing train (num_proc=48):  35%|███▍      | 255864/740712 [01:05<01:48, 4472.58 examples/s]
Tokenizing train (num_proc=48):  37%|███▋      | 273864/740712 [01:05<01:12, 6442.42 examples/s]
Tokenizing train (num_proc=48):  37%|███▋      | 274864/740712 [01:06<01:15, 6202.90 examples/s]
Tokenizing train (num_proc=48):  37%|███▋      | 275864/740712 [01:06<01:26, 5401.68 examples/s]
Tokenizing train (num_proc=48):  35%|███▍      | 256864/740712 [01:05<02:23, 3361.60 examples/s]
Tokenizing train (num_proc=48):  37%|███▋      | 276864/740712 [01:06<01:17, 5957.33 examples/s]
Tokenizing train (num_proc=48):  35%|███▍      | 257864/740712 [01:06<02:32, 3175.32 examples/s]
Tokenizing train (num_proc=48):  38%|███▊      | 278864/740712 [01:07<01:30, 5086.29 examples/s]
Tokenizing train (num_proc=48):  35%|███▍      | 258864/740712 [01:06<02:33, 3130.13 examples/s]
Tokenizing train (num_proc=48):  35%|███▌      | 260864/740712 [01:06<01:43, 4633.76 examples/s]
Tokenizing train (num_proc=48):  38%|███▊      | 281864/740712 [01:07<01:47, 4269.70 examples/s]
Tokenizing train (num_proc=48):  38%|███▊      | 283864/740712 [01:08<01:42, 4451.52 examples/s]
Tokenizing train (num_proc=48):  35%|███▌      | 262864/740712 [01:07<03:02, 2617.81 examples/s]
Tokenizing train (num_proc=48):  38%|███▊      | 284864/740712 [01:08<01:54, 3978.25 examples/s]
Tokenizing train (num_proc=48):  39%|███▊      | 286864/740712 [01:08<01:23, 5403.38 examples/s]
Tokenizing train (num_proc=48):  36%|███▌      | 263864/740712 [01:08<03:06, 2555.16 examples/s]
Tokenizing train (num_proc=48):  39%|███▉      | 287864/740712 [01:09<01:51, 4076.21 examples/s]
Tokenizing train (num_proc=48):  36%|███▌      | 264864/740712 [01:08<03:16, 2423.83 examples/s]
Tokenizing train (num_proc=48):  39%|███▉      | 288864/740712 [01:09<01:58, 3805.10 examples/s]
Tokenizing train (num_proc=48):  36%|███▌      | 266864/740712 [01:08<02:10, 3627.40 examples/s]
Tokenizing train (num_proc=48):  36%|███▋      | 268864/740712 [01:09<02:06, 3722.44 examples/s]
Tokenizing train (num_proc=48):  39%|███▉      | 289864/740712 [01:10<02:49, 2663.17 examples/s]
Tokenizing train (num_proc=48):  37%|███▋      | 271864/740712 [01:10<02:05, 3728.91 examples/s]
Tokenizing train (num_proc=48):  37%|███▋      | 272864/740712 [01:10<02:20, 3323.49 examples/s]
Tokenizing train (num_proc=48):  39%|███▉      | 291864/740712 [01:11<03:22, 2218.13 examples/s]
Tokenizing train (num_proc=48):  40%|███▉      | 293864/740712 [01:11<02:24, 3089.49 examples/s]
Tokenizing train (num_proc=48):  37%|███▋      | 273864/740712 [01:11<02:37, 2957.96 examples/s]
Tokenizing train (num_proc=48):  37%|███▋      | 275864/740712 [01:11<01:51, 4157.41 examples/s]
Tokenizing train (num_proc=48):  38%|███▊      | 281864/740712 [01:11<00:51, 8993.12 examples/s]
Tokenizing train (num_proc=48):  40%|███▉      | 294864/740712 [01:12<03:11, 2328.56 examples/s]
Tokenizing train (num_proc=48):  40%|███▉      | 295296/740712 [01:12<03:33, 2085.26 examples/s]
Tokenizing train (num_proc=48):  38%|███▊      | 283864/740712 [01:12<01:11, 6355.11 examples/s]
Tokenizing train (num_proc=48):  40%|████      | 297296/740712 [01:13<02:22, 3106.69 examples/s]
Tokenizing train (num_proc=48):  39%|███▊      | 285864/740712 [01:12<01:16, 5909.40 examples/s]
Tokenizing train (num_proc=48):  40%|████      | 298296/740712 [01:13<02:26, 3018.34 examples/s]
Tokenizing train (num_proc=48):  41%|████      | 301296/740712 [01:13<01:22, 5352.97 examples/s]
Tokenizing train (num_proc=48):  39%|███▊      | 286864/740712 [01:13<01:43, 4384.92 examples/s]
Tokenizing train (num_proc=48):  39%|███▉      | 288864/740712 [01:13<01:52, 4019.01 examples/s]
Tokenizing train (num_proc=48):  41%|████      | 303296/740712 [01:14<01:57, 3717.18 examples/s]
Tokenizing train (num_proc=48):  39%|███▉      | 289864/740712 [01:13<01:56, 3869.44 examples/s]
Tokenizing train (num_proc=48):  41%|████      | 305296/740712 [01:14<01:45, 4118.29 examples/s]
Tokenizing train (num_proc=48):  41%|████▏     | 306296/740712 [01:14<01:35, 4560.73 examples/s]
Tokenizing train (num_proc=48):  39%|███▉      | 290864/740712 [01:14<01:54, 3930.57 examples/s]
Tokenizing train (num_proc=48):  42%|████▏     | 308296/740712 [01:15<01:16, 5635.80 examples/s]
Tokenizing train (num_proc=48):  39%|███▉      | 291864/740712 [01:14<01:58, 3803.32 examples/s]
Tokenizing train (num_proc=48):  42%|████▏     | 310296/740712 [01:15<01:01, 7045.76 examples/s]
Tokenizing train (num_proc=48):  40%|███▉      | 293864/740712 [01:14<01:43, 4300.70 examples/s]
Tokenizing train (num_proc=48):  42%|████▏     | 312296/740712 [01:15<01:12, 5947.32 examples/s]
Tokenizing train (num_proc=48):  40%|███▉      | 294864/740712 [01:15<01:33, 4793.55 examples/s]
Tokenizing train (num_proc=48):  42%|████▏     | 313296/740712 [01:15<01:07, 6373.95 examples/s]
Tokenizing train (num_proc=48):  42%|████▏     | 314296/740712 [01:15<01:03, 6697.77 examples/s]
Tokenizing train (num_proc=48):  40%|███▉      | 295864/740712 [01:15<01:48, 4086.63 examples/s]
Tokenizing train (num_proc=48):  43%|████▎     | 317296/740712 [01:16<00:52, 8133.55 examples/s]
Tokenizing train (num_proc=48):  43%|████▎     | 318296/740712 [01:16<00:53, 7829.83 examples/s]
Tokenizing train (num_proc=48):  43%|████▎     | 319296/740712 [01:16<01:04, 6535.86 examples/s]
Tokenizing train (num_proc=48):  43%|████▎     | 320296/740712 [01:16<01:02, 6713.06 examples/s]
Tokenizing train (num_proc=48):  40%|████      | 296864/740712 [01:16<03:19, 2230.07 examples/s]
Tokenizing train (num_proc=48):  43%|████▎     | 321296/740712 [01:17<01:34, 4432.70 examples/s]
Tokenizing train (num_proc=48):  40%|████      | 298864/740712 [01:16<02:08, 3449.20 examples/s]
Tokenizing train (num_proc=48):  44%|████▎     | 323296/740712 [01:17<01:04, 6517.08 examples/s]
Tokenizing train (num_proc=48):  44%|████▍     | 324296/740712 [01:17<01:20, 5186.17 examples/s]
Tokenizing train (num_proc=48):  40%|████      | 299864/740712 [01:17<02:34, 2857.08 examples/s]
Tokenizing train (num_proc=48):  44%|████▍     | 325296/740712 [01:18<02:00, 3435.02 examples/s]
Tokenizing train (num_proc=48):  41%|████      | 300864/740712 [01:17<02:47, 2624.63 examples/s]
Tokenizing train (num_proc=48):  41%|████      | 302864/740712 [01:17<01:54, 3808.96 examples/s]
Tokenizing train (num_proc=48):  44%|████▍     | 326296/740712 [01:18<02:00, 3432.81 examples/s]
Tokenizing train (num_proc=48):  41%|████      | 303864/740712 [01:17<01:47, 4053.58 examples/s]
Tokenizing train (num_proc=48):  44%|████▍     | 328296/740712 [01:18<01:44, 3960.21 examples/s]
Tokenizing train (num_proc=48):  41%|████      | 304864/740712 [01:18<01:58, 3674.52 examples/s]
Tokenizing train (num_proc=48):  41%|████▏     | 305864/740712 [01:18<01:46, 4071.29 examples/s]
Tokenizing train (num_proc=48):  44%|████▍     | 329296/740712 [01:19<01:56, 3538.53 examples/s]
Tokenizing train (num_proc=48):  45%|████▍     | 330296/740712 [01:19<01:39, 4143.88 examples/s]
Tokenizing train (num_proc=48):  42%|████▏     | 308296/740712 [01:18<01:15, 5746.20 examples/s]
Tokenizing train (num_proc=48):  45%|████▍     | 331296/740712 [01:19<02:05, 3256.67 examples/s]
Tokenizing train (num_proc=48):  42%|████▏     | 309296/740712 [01:19<02:03, 3502.13 examples/s]
Tokenizing train (num_proc=48):  42%|████▏     | 311296/740712 [01:19<01:29, 4811.82 examples/s]
Tokenizing train (num_proc=48):  45%|████▍     | 332296/740712 [01:20<02:17, 2977.39 examples/s]
Tokenizing train (num_proc=48):  42%|████▏     | 312296/740712 [01:19<01:23, 5150.73 examples/s]
Tokenizing train (num_proc=48):  45%|████▍     | 333296/740712 [01:20<02:50, 2393.06 examples/s]
Tokenizing train (num_proc=48):  42%|████▏     | 313296/740712 [01:20<02:01, 3510.35 examples/s]
Tokenizing train (num_proc=48):  45%|████▌     | 334296/740712 [01:21<02:34, 2627.64 examples/s]
Tokenizing train (num_proc=48):  42%|████▏     | 314296/740712 [01:20<01:54, 3709.82 examples/s]
Tokenizing train (num_proc=48):  45%|████▌     | 336296/740712 [01:21<01:35, 4229.59 examples/s]
Tokenizing train (num_proc=48):  43%|████▎     | 316296/740712 [01:20<01:46, 3999.40 examples/s]
Tokenizing train (num_proc=48):  46%|████▌     | 337728/740712 [01:22<02:05, 3201.01 examples/s]
Tokenizing train (num_proc=48):  43%|████▎     | 318296/740712 [01:21<01:49, 3856.29 examples/s]
Tokenizing train (num_proc=48):  43%|████▎     | 319296/740712 [01:21<02:00, 3493.01 examples/s]
Tokenizing train (num_proc=48):  46%|████▌     | 338728/740712 [01:23<03:52, 1731.74 examples/s]
Tokenizing train (num_proc=48):  44%|████▎     | 322296/740712 [01:22<02:08, 3245.29 examples/s]
Tokenizing train (num_proc=48):  46%|████▌     | 340728/740712 [01:23<02:46, 2406.64 examples/s]
Tokenizing train (num_proc=48):  46%|████▌     | 341728/740712 [01:24<02:26, 2731.76 examples/s]
Tokenizing train (num_proc=48):  44%|████▍     | 325296/740712 [01:23<01:39, 4189.65 examples/s]
Tokenizing train (num_proc=48):  46%|████▋     | 342728/740712 [01:24<02:00, 3302.58 examples/s]
Tokenizing train (num_proc=48):  44%|████▍     | 326296/740712 [01:23<01:30, 4588.97 examples/s]
Tokenizing train (num_proc=48):  47%|████▋     | 345728/740712 [01:24<01:10, 5579.35 examples/s]
Tokenizing train (num_proc=48):  44%|████▍     | 327296/740712 [01:23<01:36, 4281.04 examples/s]
Tokenizing train (num_proc=48):  44%|████▍     | 329296/740712 [01:23<01:22, 4991.82 examples/s]
Tokenizing train (num_proc=48):  47%|████▋     | 347728/740712 [01:24<01:22, 4736.67 examples/s]
Tokenizing train (num_proc=48):  45%|████▍     | 332296/740712 [01:24<00:54, 7516.72 examples/s]
Tokenizing train (num_proc=48):  45%|████▌     | 334296/740712 [01:24<00:47, 8520.21 examples/s]
Tokenizing train (num_proc=48):  47%|████▋     | 348728/740712 [01:25<01:27, 4499.12 examples/s]
Tokenizing train (num_proc=48):  47%|████▋     | 350728/740712 [01:25<01:10, 5530.96 examples/s]
Tokenizing train (num_proc=48):  45%|████▌     | 336296/740712 [01:24<00:53, 7613.76 examples/s]
Tokenizing train (num_proc=48):  47%|████▋     | 351728/740712 [01:25<01:05, 5906.17 examples/s]
Tokenizing train (num_proc=48):  46%|████▌     | 337296/740712 [01:24<00:56, 7127.08 examples/s]
Tokenizing train (num_proc=48):  48%|████▊     | 353728/740712 [01:25<00:54, 7053.60 examples/s]
Tokenizing train (num_proc=48):  46%|████▌     | 338296/740712 [01:25<01:09, 5768.19 examples/s]
Tokenizing train (num_proc=48):  48%|████▊     | 355728/740712 [01:25<00:52, 7272.87 examples/s]
Tokenizing train (num_proc=48):  46%|████▌     | 340296/740712 [01:25<00:58, 6800.76 examples/s]
Tokenizing train (num_proc=48):  48%|████▊     | 356728/740712 [01:26<01:04, 5960.11 examples/s]
Tokenizing train (num_proc=48):  46%|████▌     | 341296/740712 [01:25<01:33, 4273.20 examples/s]
Tokenizing train (num_proc=48):  48%|████▊     | 357728/740712 [01:26<01:29, 4299.12 examples/s]
Tokenizing train (num_proc=48):  48%|████▊     | 358728/740712 [01:26<01:24, 4539.95 examples/s]
Tokenizing train (num_proc=48):  46%|████▌     | 342296/740712 [01:26<01:33, 4281.06 examples/s]
Tokenizing train (num_proc=48):  46%|████▋     | 343296/740712 [01:26<01:37, 4073.85 examples/s]
Tokenizing train (num_proc=48):  46%|████▋     | 344296/740712 [01:26<01:26, 4595.99 examples/s]
Tokenizing train (num_proc=48):  49%|████▊     | 360728/740712 [01:27<01:26, 4392.70 examples/s]
Tokenizing train (num_proc=48):  47%|████▋     | 345296/740712 [01:26<01:40, 3933.28 examples/s]
Tokenizing train (num_proc=48):  47%|████▋     | 346296/740712 [01:27<01:44, 3777.50 examples/s]
Tokenizing train (num_proc=48):  49%|████▉     | 361728/740712 [01:28<02:10, 2911.95 examples/s]
Tokenizing train (num_proc=48):  47%|████▋     | 347296/740712 [01:27<01:53, 3468.61 examples/s]
Tokenizing train (num_proc=48):  49%|████▉     | 362728/740712 [01:28<02:29, 2522.14 examples/s]
Tokenizing train (num_proc=48):  47%|████▋     | 349296/740712 [01:27<01:35, 4117.75 examples/s]
Tokenizing train (num_proc=48):  47%|████▋     | 350296/740712 [01:28<01:32, 4220.00 examples/s]
Tokenizing train (num_proc=48):  49%|████▉     | 364728/740712 [01:28<01:51, 3378.56 examples/s]
Tokenizing train (num_proc=48):  50%|████▉     | 366728/740712 [01:29<01:24, 4406.81 examples/s]
Tokenizing train (num_proc=48):  47%|████▋     | 351728/740712 [01:28<01:43, 3755.13 examples/s]
Tokenizing train (num_proc=48):  50%|████▉     | 368160/740712 [01:29<01:29, 4168.10 examples/s]
Tokenizing train (num_proc=48):  48%|████▊     | 353728/740712 [01:29<01:49, 3533.95 examples/s]
Tokenizing train (num_proc=48):  50%|████▉     | 369160/740712 [01:30<01:48, 3417.66 examples/s]
Tokenizing train (num_proc=48):  48%|████▊     | 354728/740712 [01:29<02:17, 2798.59 examples/s]
Tokenizing train (num_proc=48):  50%|████▉     | 370160/740712 [01:30<02:23, 2575.01 examples/s]
Tokenizing train (num_proc=48):  48%|████▊     | 355728/740712 [01:30<02:10, 2958.26 examples/s]
Tokenizing train (num_proc=48):  50%|█████     | 371160/740712 [01:30<01:59, 3103.44 examples/s]
Tokenizing train (num_proc=48):  49%|████▊     | 359728/740712 [01:30<01:26, 4392.50 examples/s]
Tokenizing train (num_proc=48):  50%|█████     | 373160/740712 [01:31<01:53, 3250.97 examples/s]
Tokenizing train (num_proc=48):  49%|████▉     | 361728/740712 [01:30<01:13, 5138.29 examples/s]
Tokenizing train (num_proc=48):  51%|█████     | 374160/740712 [01:31<02:00, 3039.91 examples/s]
Tokenizing train (num_proc=48):  51%|█████     | 376160/740712 [01:32<01:27, 4168.29 examples/s]
Tokenizing train (num_proc=48):  49%|████▉     | 362728/740712 [01:31<01:40, 3761.06 examples/s]
Tokenizing train (num_proc=48):  51%|█████     | 379160/740712 [01:32<01:13, 4901.76 examples/s]
Tokenizing train (num_proc=48):  49%|████▉     | 363728/740712 [01:31<01:42, 3662.79 examples/s]
Tokenizing train (num_proc=48):  51%|█████▏    | 381160/740712 [01:32<01:03, 5639.24 examples/s]
Tokenizing train (num_proc=48):  50%|████▉     | 366728/740712 [01:32<01:09, 5368.29 examples/s]
Tokenizing train (num_proc=48):  52%|█████▏    | 384160/740712 [01:32<00:45, 7813.87 examples/s]
Tokenizing train (num_proc=48):  50%|████▉     | 368728/740712 [01:32<01:01, 6022.15 examples/s]
Tokenizing train (num_proc=48):  52%|█████▏    | 386160/740712 [01:33<00:43, 8091.77 examples/s]
Tokenizing train (num_proc=48):  50%|█████     | 370728/740712 [01:32<00:54, 6744.04 examples/s]
Tokenizing train (num_proc=48):  52%|█████▏    | 388160/740712 [01:33<00:41, 8526.40 examples/s]
Tokenizing train (num_proc=48):  50%|█████     | 371728/740712 [01:32<01:02, 5908.50 examples/s]
Tokenizing train (num_proc=48):  53%|█████▎    | 390160/740712 [01:33<00:53, 6505.31 examples/s]
Tokenizing train (num_proc=48):  53%|█████▎    | 391160/740712 [01:33<00:52, 6721.16 examples/s]
Tokenizing train (num_proc=48):  50%|█████     | 373728/740712 [01:33<01:07, 5430.23 examples/s]
Tokenizing train (num_proc=48):  53%|█████▎    | 392160/740712 [01:34<00:54, 6436.56 examples/s]
Tokenizing train (num_proc=48):  51%|█████     | 374592/740712 [01:33<01:14, 4918.44 examples/s]
Tokenizing train (num_proc=48):  53%|█████▎    | 393160/740712 [01:34<00:50, 6936.20 examples/s]
Tokenizing train (num_proc=48):  53%|█████▎    | 394160/740712 [01:34<01:02, 5525.77 examples/s]
Tokenizing train (num_proc=48):  51%|█████     | 375592/740712 [01:33<01:25, 4270.18 examples/s]
Tokenizing train (num_proc=48):  53%|█████▎    | 395160/740712 [01:35<01:33, 3708.77 examples/s]
Tokenizing train (num_proc=48):  53%|█████▎    | 396160/740712 [01:35<02:07, 2708.97 examples/s]
Tokenizing train (num_proc=48):  51%|█████     | 376592/740712 [01:35<02:48, 2158.76 examples/s]
Tokenizing train (num_proc=48):  51%|█████     | 378592/740712 [01:35<01:53, 3202.97 examples/s]
Tokenizing train (num_proc=48):  54%|█████▎    | 397160/740712 [01:35<01:53, 3035.21 examples/s]
Tokenizing train (num_proc=48):  51%|█████     | 379592/740712 [01:35<01:37, 3717.31 examples/s]
Tokenizing train (num_proc=48):  52%|█████▏    | 381592/740712 [01:35<01:23, 4277.69 examples/s]
Tokenizing train (num_proc=48):  54%|█████▍    | 398160/740712 [01:36<02:31, 2264.94 examples/s]
Tokenizing train (num_proc=48):  52%|█████▏    | 383592/740712 [01:36<01:20, 4456.31 examples/s]
Tokenizing train (num_proc=48):  52%|█████▏    | 384592/740712 [01:36<01:11, 4951.26 examples/s]
Tokenizing train (num_proc=48):  54%|█████▍    | 399160/740712 [01:36<02:15, 2524.26 examples/s]
Tokenizing train (num_proc=48):  52%|█████▏    | 385592/740712 [01:36<01:10, 5044.37 examples/s]
Tokenizing train (num_proc=48):  52%|█████▏    | 386592/740712 [01:36<01:09, 5081.81 examples/s]
Tokenizing train (num_proc=48):  54%|█████▍    | 401160/740712 [01:37<01:58, 2871.06 examples/s]
Tokenizing train (num_proc=48):  54%|█████▍    | 402160/740712 [01:37<01:40, 3377.65 examples/s]
Tokenizing train (num_proc=48):  54%|█████▍    | 403160/740712 [01:37<01:31, 3696.06 examples/s]
Tokenizing train (num_proc=48):  53%|█████▎    | 389592/740712 [01:37<01:09, 5071.18 examples/s]
Tokenizing train (num_proc=48):  53%|█████▎    | 390592/740712 [01:37<01:03, 5528.90 examples/s]
Tokenizing train (num_proc=48):  55%|█████▍    | 404160/740712 [01:38<01:34, 3547.90 examples/s]
Tokenizing train (num_proc=48):  55%|█████▍    | 405160/740712 [01:38<01:50, 3046.74 examples/s]
Tokenizing train (num_proc=48):  53%|█████▎    | 391592/740712 [01:37<01:37, 3589.85 examples/s]
Tokenizing train (num_proc=48):  53%|█████▎    | 392592/740712 [01:38<01:48, 3213.35 examples/s]
Tokenizing train (num_proc=48):  53%|█████▎    | 393592/740712 [01:38<01:41, 3422.90 examples/s]
Tokenizing train (num_proc=48):  55%|█████▍    | 406160/740712 [01:39<02:34, 2168.43 examples/s]
Tokenizing train (num_proc=48):  53%|█████▎    | 394592/740712 [01:38<01:27, 3951.88 examples/s]
Tokenizing train (num_proc=48):  55%|█████▌    | 409160/740712 [01:39<01:29, 3706.65 examples/s]
Tokenizing train (num_proc=48):  53%|█████▎    | 395592/740712 [01:39<01:38, 3501.01 examples/s]
Tokenizing train (num_proc=48):  56%|█████▌    | 411160/740712 [01:39<01:07, 4887.18 examples/s]
Tokenizing train (num_proc=48):  54%|█████▎    | 397592/740712 [01:39<01:03, 5365.18 examples/s]
Tokenizing train (num_proc=48):  56%|█████▌    | 412592/740712 [01:40<00:56, 5820.43 examples/s]
Tokenizing train (num_proc=48):  54%|█████▍    | 399592/740712 [01:39<00:52, 6557.91 examples/s]
Tokenizing train (num_proc=48):  54%|█████▍    | 401592/740712 [01:39<00:43, 7745.77 examples/s]
Tokenizing train (num_proc=48):  54%|█████▍    | 402592/740712 [01:39<00:42, 8028.69 examples/s]
Tokenizing train (num_proc=48):  56%|█████▌    | 414592/740712 [01:40<01:00, 5408.17 examples/s]
Tokenizing train (num_proc=48):  54%|█████▍    | 403592/740712 [01:39<00:43, 7830.82 examples/s]
Tokenizing train (num_proc=48):  56%|█████▌    | 416024/740712 [01:40<01:00, 5402.75 examples/s]
Tokenizing train (num_proc=48):  55%|█████▍    | 405592/740712 [01:40<00:42, 7820.20 examples/s]
Tokenizing train (num_proc=48):  56%|█████▋    | 418456/740712 [01:40<00:48, 6629.47 examples/s]
Tokenizing train (num_proc=48):  57%|█████▋    | 419456/740712 [01:41<00:50, 6330.10 examples/s]
Tokenizing train (num_proc=48):  55%|█████▌    | 407592/740712 [01:40<00:52, 6388.61 examples/s]
Tokenizing train (num_proc=48):  55%|█████▌    | 409024/740712 [01:40<01:02, 5349.21 examples/s]
Tokenizing train (num_proc=48):  57%|█████▋    | 420456/740712 [01:41<01:13, 4383.94 examples/s]
Tokenizing train (num_proc=48):  55%|█████▌    | 410024/740712 [01:41<01:16, 4339.81 examples/s]
Tokenizing train (num_proc=48):  57%|█████▋    | 421456/740712 [01:42<01:33, 3401.93 examples/s]
Tokenizing train (num_proc=48):  56%|█████▌    | 411456/740712 [01:41<01:30, 3654.93 examples/s]
Tokenizing train (num_proc=48):  57%|█████▋    | 422456/740712 [01:42<02:02, 2604.90 examples/s]
Tokenizing train (num_proc=48):  57%|█████▋    | 424456/740712 [01:43<01:32, 3408.86 examples/s]
Tokenizing train (num_proc=48):  56%|█████▌    | 413456/740712 [01:42<01:40, 3266.15 examples/s]
Tokenizing train (num_proc=48):  58%|█████▊    | 426456/740712 [01:43<01:09, 4507.20 examples/s]
Tokenizing train (num_proc=48):  56%|█████▌    | 415456/740712 [01:42<01:13, 4429.96 examples/s]
Tokenizing train (num_proc=48):  58%|█████▊    | 427456/740712 [01:43<01:02, 5026.10 examples/s]
Tokenizing train (num_proc=48):  56%|█████▌    | 416456/740712 [01:43<01:26, 3739.51 examples/s]
Tokenizing train (num_proc=48):  56%|█████▋    | 418456/740712 [01:43<01:04, 5020.79 examples/s]
Tokenizing train (num_proc=48):  58%|█████▊    | 428456/740712 [01:44<01:53, 2758.66 examples/s]
Tokenizing train (num_proc=48):  57%|█████▋    | 419456/740712 [01:43<01:31, 3524.34 examples/s]
Tokenizing train (num_proc=48):  58%|█████▊    | 430456/740712 [01:44<01:27, 3563.64 examples/s]
Tokenizing train (num_proc=48):  58%|█████▊    | 432456/740712 [01:44<01:04, 4802.64 examples/s]
Tokenizing train (num_proc=48):  57%|█████▋    | 421456/740712 [01:44<01:20, 3985.79 examples/s]
Tokenizing train (num_proc=48):  59%|█████▊    | 434456/740712 [01:45<00:52, 5826.45 examples/s]
Tokenizing train (num_proc=48):  59%|█████▉    | 435456/740712 [01:45<00:56, 5404.70 examples/s]
Tokenizing train (num_proc=48):  57%|█████▋    | 422456/740712 [01:44<01:44, 3044.35 examples/s]
Tokenizing train (num_proc=48):  57%|█████▋    | 423456/740712 [01:45<01:36, 3294.50 examples/s]
Tokenizing train (num_proc=48):  59%|█████▉    | 436456/740712 [01:45<01:27, 3474.58 examples/s]
Tokenizing train (num_proc=48):  57%|█████▋    | 424456/740712 [01:45<01:21, 3892.87 examples/s]
Tokenizing train (num_proc=48):  59%|█████▉    | 438456/740712 [01:46<01:06, 4543.62 examples/s]
Tokenizing train (num_proc=48):  58%|█████▊    | 426456/740712 [01:45<01:11, 4412.82 examples/s]
Tokenizing train (num_proc=48):  59%|█████▉    | 439456/740712 [01:46<01:10, 4270.43 examples/s]
Tokenizing train (num_proc=48):  58%|█████▊    | 428456/740712 [01:45<00:54, 5740.94 examples/s]
Tokenizing train (num_proc=48):  60%|█████▉    | 441456/740712 [01:46<00:54, 5493.91 examples/s]
Tokenizing train (num_proc=48):  58%|█████▊    | 429456/740712 [01:45<00:54, 5757.02 examples/s]
Tokenizing train (num_proc=48):  58%|█████▊    | 432456/740712 [01:46<00:37, 8244.24 examples/s]
Tokenizing train (num_proc=48):  60%|█████▉    | 442456/740712 [01:46<01:04, 4630.98 examples/s]
Tokenizing train (num_proc=48):  60%|█████▉    | 443456/740712 [01:47<00:58, 5061.55 examples/s]
Tokenizing train (num_proc=48):  59%|█████▊    | 433456/740712 [01:46<00:55, 5519.87 examples/s]
Tokenizing train (num_proc=48):  60%|██████    | 445456/740712 [01:47<00:53, 5518.18 examples/s]
Tokenizing train (num_proc=48):  60%|██████    | 447456/740712 [01:47<00:44, 6560.51 examples/s]
Tokenizing train (num_proc=48):  59%|█████▉    | 436456/740712 [01:46<00:45, 6703.44 examples/s]
Tokenizing train (num_proc=48):  61%|██████    | 448456/740712 [01:47<00:44, 6628.69 examples/s]
Tokenizing train (num_proc=48):  61%|██████    | 450456/740712 [01:47<00:35, 8198.27 examples/s]
Tokenizing train (num_proc=48):  59%|█████▉    | 440456/740712 [01:47<00:35, 8379.12 examples/s]
Tokenizing train (num_proc=48):  61%|██████    | 451456/740712 [01:48<00:37, 7771.57 examples/s]
Tokenizing train (num_proc=48):  60%|█████▉    | 441456/740712 [01:47<00:37, 8081.60 examples/s]
Tokenizing train (num_proc=48):  60%|█████▉    | 442456/740712 [01:47<00:35, 8301.30 examples/s]
Tokenizing train (num_proc=48):  61%|██████    | 452456/740712 [01:48<00:44, 6411.96 examples/s]
Tokenizing train (num_proc=48):  60%|█████▉    | 443456/740712 [01:48<01:05, 4519.15 examples/s]
Tokenizing train (num_proc=48):  61%|██████▏   | 453888/740712 [01:49<01:15, 3808.22 examples/s]
Tokenizing train (num_proc=48):  61%|██████▏   | 454888/740712 [01:49<01:04, 4411.40 examples/s]
Tokenizing train (num_proc=48):  60%|██████    | 444456/740712 [01:48<01:09, 4236.01 examples/s]
Tokenizing train (num_proc=48):  62%|██████▏   | 455888/740712 [01:49<01:09, 4100.21 examples/s]
Tokenizing train (num_proc=48):  60%|██████    | 445888/740712 [01:48<01:24, 3500.10 examples/s]
Tokenizing train (num_proc=48):  62%|██████▏   | 457888/740712 [01:49<01:04, 4387.68 examples/s]
Tokenizing train (num_proc=48):  60%|██████    | 446888/740712 [01:49<01:23, 3511.71 examples/s]
Tokenizing train (num_proc=48):  61%|██████    | 448888/740712 [01:49<00:57, 5090.11 examples/s]
Tokenizing train (num_proc=48):  61%|██████    | 449888/740712 [01:49<01:01, 4712.48 examples/s]
Tokenizing train (num_proc=48):  62%|██████▏   | 458752/740712 [01:50<01:32, 3063.85 examples/s]
Tokenizing train (num_proc=48):  62%|██████▏   | 459752/740712 [01:51<01:48, 2595.30 examples/s]
Tokenizing train (num_proc=48):  61%|██████    | 451888/740712 [01:50<01:17, 3727.03 examples/s]
Tokenizing train (num_proc=48):  62%|██████▏   | 461752/740712 [01:51<01:14, 3747.80 examples/s]
Tokenizing train (num_proc=48):  61%|██████    | 452888/740712 [01:50<01:06, 4296.02 examples/s]
Tokenizing train (num_proc=48):  62%|██████▏   | 456888/740712 [01:50<00:34, 8294.55 examples/s]
Tokenizing train (num_proc=48):  63%|██████▎   | 465184/740712 [01:51<00:50, 5413.95 examples/s]
Tokenizing train (num_proc=48):  62%|██████▏   | 458888/740712 [01:50<00:39, 7198.24 examples/s]
Tokenizing train (num_proc=48):  63%|██████▎   | 466184/740712 [01:51<00:49, 5507.01 examples/s]
Tokenizing train (num_proc=48):  62%|██████▏   | 460888/740712 [01:51<00:44, 6279.76 examples/s]
Tokenizing train (num_proc=48):  62%|██████▏   | 461888/740712 [01:51<00:48, 5733.36 examples/s]
Tokenizing train (num_proc=48):  63%|██████▎   | 468184/740712 [01:52<01:09, 3909.70 examples/s]
Tokenizing train (num_proc=48):  62%|██████▏   | 462888/740712 [01:52<00:58, 4744.98 examples/s]
Tokenizing train (num_proc=48):  63%|██████▎   | 464888/740712 [01:52<00:48, 5672.91 examples/s]
Tokenizing train (num_proc=48):  63%|██████▎   | 469184/740712 [01:53<01:21, 3313.61 examples/s]
Tokenizing train (num_proc=48):  64%|██████▎   | 471184/740712 [01:53<01:09, 3856.59 examples/s]
Tokenizing train (num_proc=48):  64%|██████▎   | 472184/740712 [01:53<01:05, 4127.57 examples/s]
Tokenizing train (num_proc=48):  63%|██████▎   | 466888/740712 [01:52<01:04, 4274.98 examples/s]
Tokenizing train (num_proc=48):  64%|██████▍   | 473184/740712 [01:53<00:58, 4591.56 examples/s]
Tokenizing train (num_proc=48):  64%|██████▍   | 475184/740712 [01:53<00:40, 6563.57 examples/s]
Tokenizing train (num_proc=48):  64%|██████▍   | 476184/740712 [01:54<00:42, 6168.31 examples/s]
Tokenizing train (num_proc=48):  63%|██████▎   | 467888/740712 [01:53<01:10, 3893.74 examples/s]
Tokenizing train (num_proc=48):  63%|██████▎   | 468888/740712 [01:53<01:03, 4255.85 examples/s]
Tokenizing train (num_proc=48):  65%|██████▍   | 479184/740712 [01:54<00:34, 7498.02 examples/s]
Tokenizing train (num_proc=48):  63%|██████▎   | 469888/740712 [01:53<01:03, 4241.73 examples/s]
Tokenizing train (num_proc=48):  65%|██████▍   | 481184/740712 [01:54<00:35, 7248.37 examples/s]
Tokenizing train (num_proc=48):  64%|██████▎   | 471888/740712 [01:54<00:59, 4481.17 examples/s]
Tokenizing train (num_proc=48):  65%|██████▌   | 483184/740712 [01:54<00:38, 6648.97 examples/s]
Tokenizing train (num_proc=48):  64%|██████▍   | 474888/740712 [01:54<00:44, 5983.00 examples/s]
Tokenizing train (num_proc=48):  65%|██████▌   | 484184/740712 [01:55<00:42, 6061.22 examples/s]
Tokenizing train (num_proc=48):  64%|██████▍   | 476320/740712 [01:54<00:46, 5732.48 examples/s]
Tokenizing train (num_proc=48):  66%|██████▌   | 487184/740712 [01:55<00:39, 6392.32 examples/s]
Tokenizing train (num_proc=48):  64%|██████▍   | 477752/740712 [01:55<01:12, 3602.62 examples/s]
Tokenizing train (num_proc=48):  65%|██████▍   | 478752/740712 [01:55<01:10, 3716.11 examples/s]
Tokenizing train (num_proc=48):  65%|██████▍   | 479752/740712 [01:55<01:03, 4095.10 examples/s]
Tokenizing train (num_proc=48):  66%|██████▌   | 488616/740712 [01:56<01:14, 3391.99 examples/s]
Tokenizing train (num_proc=48):  65%|██████▍   | 481184/740712 [01:56<00:51, 5020.12 examples/s]
Tokenizing train (num_proc=48):  65%|██████▌   | 483184/740712 [01:56<00:39, 6464.04 examples/s]
Tokenizing train (num_proc=48):  65%|██████▌   | 484184/740712 [01:56<00:47, 5403.51 examples/s]
Tokenizing train (num_proc=48):  66%|██████▌   | 489616/740712 [01:57<01:28, 2835.28 examples/s]
Tokenizing train (num_proc=48):  66%|██████▌   | 486184/740712 [01:56<00:37, 6731.38 examples/s]
Tokenizing train (num_proc=48):  66%|██████▌   | 490616/740712 [01:57<01:31, 2740.96 examples/s]
Tokenizing train (num_proc=48):  66%|██████▌   | 489184/740712 [01:57<00:36, 6810.12 examples/s]
Tokenizing train (num_proc=48):  66%|██████▌   | 490184/740712 [01:57<00:37, 6704.47 examples/s]
Tokenizing train (num_proc=48):  66%|██████▋   | 491616/740712 [01:58<01:26, 2873.48 examples/s]
Tokenizing train (num_proc=48):  67%|██████▋   | 493616/740712 [01:58<00:58, 4236.81 examples/s]
Tokenizing train (num_proc=48):  66%|██████▋   | 491184/740712 [01:57<00:40, 6144.93 examples/s]
Tokenizing train (num_proc=48):  67%|██████▋   | 494616/740712 [01:58<01:00, 4041.43 examples/s]
Tokenizing train (num_proc=48):  66%|██████▋   | 492184/740712 [01:57<00:47, 5256.51 examples/s]
Tokenizing train (num_proc=48):  67%|██████▋   | 493184/740712 [01:57<00:42, 5835.82 examples/s]
Tokenizing train (num_proc=48):  67%|██████▋   | 495616/740712 [01:58<00:58, 4155.04 examples/s]
Tokenizing train (num_proc=48):  67%|██████▋   | 497616/740712 [01:58<00:43, 5555.70 examples/s]
Tokenizing train (num_proc=48):  67%|██████▋   | 494184/740712 [01:58<00:45, 5376.92 examples/s]
Tokenizing train (num_proc=48):  67%|██████▋   | 495184/740712 [01:58<00:43, 5653.44 examples/s]
Tokenizing train (num_proc=48):  67%|██████▋   | 498616/740712 [01:59<00:45, 5337.71 examples/s]
Tokenizing train (num_proc=48):  68%|██████▊   | 500616/740712 [01:59<00:37, 6382.31 examples/s]
Tokenizing train (num_proc=48):  67%|██████▋   | 496184/740712 [01:58<00:55, 4401.14 examples/s]
Tokenizing train (num_proc=48):  67%|██████▋   | 498184/740712 [01:59<00:52, 4618.37 examples/s]
Tokenizing train (num_proc=48):  68%|██████▊   | 501616/740712 [01:59<00:55, 4323.35 examples/s]
Tokenizing train (num_proc=48):  68%|██████▊   | 502616/740712 [01:59<00:50, 4726.38 examples/s]
Tokenizing train (num_proc=48):  67%|██████▋   | 499184/740712 [01:59<00:49, 4928.06 examples/s]
Tokenizing train (num_proc=48):  68%|██████▊   | 503616/740712 [02:00<00:50, 4735.17 examples/s]
Tokenizing train (num_proc=48):  68%|██████▊   | 500184/740712 [01:59<00:51, 4674.25 examples/s]
Tokenizing train (num_proc=48):  68%|██████▊   | 502184/740712 [01:59<00:40, 5869.59 examples/s]
Tokenizing train (num_proc=48):  68%|██████▊   | 503184/740712 [01:59<00:37, 6364.17 examples/s]
Tokenizing train (num_proc=48):  68%|██████▊   | 505616/740712 [02:00<00:55, 4270.71 examples/s]
Tokenizing train (num_proc=48):  68%|██████▊   | 506616/740712 [02:00<00:49, 4750.99 examples/s]
Tokenizing train (num_proc=48):  68%|██████▊   | 504184/740712 [02:00<00:45, 5233.06 examples/s]
Tokenizing train (num_proc=48):  69%|██████▊   | 507616/740712 [02:00<00:45, 5109.43 examples/s]
Tokenizing train (num_proc=48):  68%|██████▊   | 505184/740712 [02:00<00:46, 5040.53 examples/s]
Tokenizing train (num_proc=48):  68%|██████▊   | 506184/740712 [02:00<00:46, 5010.36 examples/s]
Tokenizing train (num_proc=48):  69%|██████▉   | 511616/740712 [02:01<00:31, 7229.32 examples/s]
Tokenizing train (num_proc=48):  69%|██████▊   | 508184/740712 [02:00<00:41, 5654.12 examples/s]
Tokenizing train (num_proc=48):  69%|██████▉   | 512616/740712 [02:01<00:35, 6457.72 examples/s]
Tokenizing train (num_proc=48):  69%|██████▉   | 513616/740712 [02:01<00:39, 5702.83 examples/s]
Tokenizing train (num_proc=48):  69%|██████▉   | 514616/740712 [02:01<00:37, 6019.01 examples/s]
Tokenizing train (num_proc=48):  69%|██████▊   | 509184/740712 [02:01<00:58, 3971.97 examples/s]
Tokenizing train (num_proc=48):  70%|██████▉   | 515616/740712 [02:02<00:38, 5887.00 examples/s]
Tokenizing train (num_proc=48):  70%|██████▉   | 517616/740712 [02:02<00:27, 8065.55 examples/s]
Tokenizing train (num_proc=48):  69%|██████▉   | 511184/740712 [02:01<00:52, 4386.59 examples/s]
Tokenizing train (num_proc=48):  70%|███████   | 518616/740712 [02:02<00:39, 5683.93 examples/s]
Tokenizing train (num_proc=48):  69%|██████▉   | 512184/740712 [02:01<00:53, 4300.05 examples/s]
Tokenizing train (num_proc=48):  69%|██████▉   | 514616/740712 [02:02<00:33, 6654.21 examples/s]
Tokenizing train (num_proc=48):  70%|██████▉   | 515616/740712 [02:02<00:34, 6528.95 examples/s]
Tokenizing train (num_proc=48):  70%|███████   | 519616/740712 [02:02<00:48, 4568.89 examples/s]
Tokenizing train (num_proc=48):  70%|██████▉   | 516616/740712 [02:02<00:42, 5286.43 examples/s]
Tokenizing train (num_proc=48):  70%|███████   | 520616/740712 [02:03<00:51, 4310.01 examples/s]
Tokenizing train (num_proc=48):  70%|██████▉   | 517616/740712 [02:02<00:52, 4211.85 examples/s]
Tokenizing train (num_proc=48):  71%|███████   | 522616/740712 [02:03<00:54, 3971.42 examples/s]
Tokenizing train (num_proc=48):  70%|███████   | 519616/740712 [02:03<00:46, 4792.89 examples/s]
Tokenizing train (num_proc=48):  71%|███████   | 523616/740712 [02:04<00:53, 4078.46 examples/s]
Tokenizing train (num_proc=48):  70%|███████   | 520616/740712 [02:03<00:48, 4538.43 examples/s]
Tokenizing train (num_proc=48):  71%|███████   | 525616/740712 [02:04<00:50, 4273.50 examples/s]
Tokenizing train (num_proc=48):  71%|███████   | 522616/740712 [02:03<00:45, 4749.74 examples/s]
Tokenizing train (num_proc=48):  71%|███████   | 526616/740712 [02:04<00:47, 4516.90 examples/s]
Tokenizing train (num_proc=48):  71%|███████   | 527616/740712 [02:04<00:41, 5120.33 examples/s]
Tokenizing train (num_proc=48):  72%|███████▏  | 530616/740712 [02:04<00:24, 8653.00 examples/s]
Tokenizing train (num_proc=48):  71%|███████   | 526616/740712 [02:04<00:30, 7016.24 examples/s]
Tokenizing train (num_proc=48):  72%|███████▏  | 532616/740712 [02:05<00:27, 7441.67 examples/s]
Tokenizing train (num_proc=48):  71%|███████   | 527616/740712 [02:04<00:41, 5105.02 examples/s]
Tokenizing train (num_proc=48):  72%|███████▏  | 534616/740712 [02:05<00:30, 6807.71 examples/s]
Tokenizing train (num_proc=48):  71%|███████▏  | 528616/740712 [02:04<00:43, 4892.71 examples/s]
Tokenizing train (num_proc=48):  72%|███████▏  | 535616/740712 [02:06<00:49, 4142.19 examples/s]
Tokenizing train (num_proc=48):  72%|███████▏  | 529616/740712 [02:05<01:00, 3483.76 examples/s]
Tokenizing train (num_proc=48):  72%|███████▏  | 536616/740712 [02:06<00:49, 4122.77 examples/s]
Tokenizing train (num_proc=48):  72%|███████▏  | 531616/740712 [02:06<01:02, 3330.57 examples/s]
Tokenizing train (num_proc=48):  72%|███████▏  | 533616/740712 [02:06<00:49, 4167.90 examples/s]
Tokenizing train (num_proc=48):  73%|███████▎  | 537616/740712 [02:07<01:15, 2675.48 examples/s]
Tokenizing train (num_proc=48):  72%|███████▏  | 536616/740712 [02:06<00:44, 4607.65 examples/s]
Tokenizing train (num_proc=48):  73%|███████▎  | 537616/740712 [02:07<00:44, 4569.78 examples/s]
Tokenizing train (num_proc=48):  73%|███████▎  | 539616/740712 [02:08<01:19, 2536.57 examples/s]
Tokenizing train (num_proc=48):  73%|███████▎  | 541616/740712 [02:08<00:56, 3529.45 examples/s]
Tokenizing train (num_proc=48):  73%|███████▎  | 538616/740712 [02:07<00:51, 3887.22 examples/s]
Tokenizing train (num_proc=48):  73%|███████▎  | 542616/740712 [02:08<00:50, 3890.25 examples/s]
Tokenizing train (num_proc=48):  73%|███████▎  | 539616/740712 [02:07<00:47, 4195.28 examples/s]
Tokenizing train (num_proc=48):  73%|███████▎  | 543616/740712 [02:08<00:45, 4320.68 examples/s]
Tokenizing train (num_proc=48):  74%|███████▍  | 546616/740712 [02:08<00:26, 7458.07 examples/s]
Tokenizing train (num_proc=48):  74%|███████▍  | 548616/740712 [02:08<00:23, 8126.40 examples/s]
Tokenizing train (num_proc=48):  73%|███████▎  | 541616/740712 [02:08<00:55, 3608.64 examples/s]
Tokenizing train (num_proc=48):  74%|███████▍  | 550616/740712 [02:09<00:26, 7131.78 examples/s]
Tokenizing train (num_proc=48):  74%|███████▎  | 544616/740712 [02:08<00:33, 5790.65 examples/s]
Tokenizing train (num_proc=48):  74%|███████▎  | 546048/740712 [02:08<00:29, 6671.79 examples/s]
Tokenizing train (num_proc=48):  75%|███████▍  | 552047/740712 [02:09<00:35, 5310.70 examples/s]
Tokenizing train (num_proc=48):  75%|███████▍  | 553047/740712 [02:09<00:34, 5492.48 examples/s]
Tokenizing train (num_proc=48):  74%|███████▍  | 548048/740712 [02:09<00:38, 5067.22 examples/s]
Tokenizing train (num_proc=48):  74%|███████▍  | 550048/740712 [02:09<00:29, 6384.05 examples/s]
Tokenizing train (num_proc=48):  75%|███████▍  | 554047/740712 [02:10<00:40, 4561.05 examples/s]
Tokenizing train (num_proc=48):  75%|███████▌  | 557047/740712 [02:10<00:26, 7048.94 examples/s]
Tokenizing train (num_proc=48):  75%|███████▍  | 552048/740712 [02:09<00:29, 6330.78 examples/s]
Tokenizing train (num_proc=48):  75%|███████▌  | 559047/740712 [02:10<00:21, 8362.24 examples/s]
Tokenizing train (num_proc=48):  75%|███████▍  | 554480/740712 [02:10<00:27, 6734.14 examples/s]
Tokenizing train (num_proc=48):  75%|███████▌  | 556480/740712 [02:10<00:28, 6370.92 examples/s]
Tokenizing train (num_proc=48):  76%|███████▌  | 561047/740712 [02:11<00:35, 5047.05 examples/s]
Tokenizing train (num_proc=48):  75%|███████▌  | 557480/740712 [02:10<00:29, 6238.74 examples/s]
Tokenizing train (num_proc=48):  76%|███████▌  | 562047/740712 [02:11<00:33, 5281.47 examples/s]
Tokenizing train (num_proc=48):  75%|███████▌  | 558480/740712 [02:10<00:34, 5223.64 examples/s]
Tokenizing train (num_proc=48):  76%|███████▌  | 563047/740712 [02:11<00:34, 5161.28 examples/s]
Tokenizing train (num_proc=48):  76%|███████▌  | 560480/740712 [02:11<00:29, 6123.28 examples/s]
Tokenizing train (num_proc=48):  76%|███████▌  | 561480/740712 [02:11<00:29, 5999.59 examples/s]
Tokenizing train (num_proc=48):  76%|███████▋  | 565047/740712 [02:12<00:42, 4140.51 examples/s]
Tokenizing train (num_proc=48):  76%|███████▌  | 562480/740712 [02:11<00:40, 4366.73 examples/s]
Tokenizing train (num_proc=48):  76%|███████▋  | 566047/740712 [02:12<00:41, 4197.22 examples/s]
Tokenizing train (num_proc=48):  76%|███████▌  | 564480/740712 [02:11<00:31, 5587.14 examples/s]
Tokenizing train (num_proc=48):  77%|███████▋  | 567479/740712 [02:12<00:38, 4545.80 examples/s]
Tokenizing train (num_proc=48):  77%|███████▋  | 567480/740712 [02:12<00:20, 8530.20 examples/s]
Tokenizing train (num_proc=48):  77%|███████▋  | 568479/740712 [02:13<00:45, 3794.09 examples/s]
Tokenizing train (num_proc=48):  77%|███████▋  | 569480/740712 [02:12<00:25, 6601.25 examples/s]
Tokenizing train (num_proc=48):  77%|███████▋  | 569479/740712 [02:13<00:39, 4291.78 examples/s]
Tokenizing train (num_proc=48):  77%|███████▋  | 570479/740712 [02:13<00:36, 4636.26 examples/s]
Tokenizing train (num_proc=48):  77%|███████▋  | 571480/740712 [02:12<00:27, 6174.02 examples/s]
Tokenizing train (num_proc=48):  77%|███████▋  | 571479/740712 [02:14<00:52, 3242.78 examples/s]
Tokenizing train (num_proc=48):  77%|███████▋  | 572480/740712 [02:13<00:34, 4810.13 examples/s]
Tokenizing train (num_proc=48):  78%|███████▊  | 574479/740712 [02:14<00:26, 6208.89 examples/s]
Tokenizing train (num_proc=48):  77%|███████▋  | 573480/740712 [02:13<00:35, 4747.21 examples/s]
Tokenizing train (num_proc=48):  78%|███████▊  | 575480/740712 [02:13<00:27, 5986.81 examples/s]
Tokenizing train (num_proc=48):  78%|███████▊  | 576480/740712 [02:13<00:26, 6176.39 examples/s]
Tokenizing train (num_proc=48):  78%|███████▊  | 575911/740712 [02:14<00:36, 4514.97 examples/s]
Tokenizing train (num_proc=48):  78%|███████▊  | 578480/740712 [02:14<00:21, 7639.29 examples/s]
Tokenizing train (num_proc=48):  78%|███████▊  | 579480/740712 [02:14<00:26, 6188.33 examples/s]
Tokenizing train (num_proc=48):  78%|███████▊  | 579911/740712 [02:15<00:25, 6400.12 examples/s]
Tokenizing train (num_proc=48):  78%|███████▊  | 580911/740712 [02:15<00:24, 6493.35 examples/s]
Tokenizing train (num_proc=48):  78%|███████▊  | 580480/740712 [02:14<00:28, 5679.33 examples/s]
Tokenizing train (num_proc=48):  79%|███████▊  | 581911/740712 [02:15<00:23, 6674.15 examples/s]
Tokenizing train (num_proc=48):  79%|███████▉  | 583480/740712 [02:14<00:19, 8044.30 examples/s]
Tokenizing train (num_proc=48):  79%|███████▉  | 584911/740712 [02:14<00:19, 8119.93 examples/s]
Tokenizing train (num_proc=48):  79%|███████▉  | 583911/740712 [02:15<00:29, 5273.55 examples/s]
Tokenizing train (num_proc=48):  79%|███████▉  | 586911/740712 [02:15<00:19, 7782.70 examples/s]
Tokenizing train (num_proc=48):  80%|███████▉  | 588911/740712 [02:15<00:15, 9642.49 examples/s]
Tokenizing train (num_proc=48):  79%|███████▉  | 584911/740712 [02:16<00:28, 5384.66 examples/s]
Tokenizing train (num_proc=48):  79%|███████▉  | 585911/740712 [02:16<00:31, 4910.97 examples/s]
Tokenizing train (num_proc=48):  79%|███████▉  | 588343/740712 [02:16<00:22, 6873.87 examples/s]
Tokenizing train (num_proc=48):  80%|███████▉  | 590343/740712 [02:15<00:23, 6402.46 examples/s]
Tokenizing train (num_proc=48):  80%|████████  | 593343/740712 [02:16<00:21, 6783.78 examples/s]
Tokenizing train (num_proc=48):  80%|███████▉  | 589775/740712 [02:16<00:28, 5341.31 examples/s]
Tokenizing train (num_proc=48):  80%|███████▉  | 590775/740712 [02:17<00:28, 5204.65 examples/s]
Tokenizing train (num_proc=48):  80%|████████  | 593775/740712 [02:17<00:19, 7504.05 examples/s]
Tokenizing train (num_proc=48):  80%|████████  | 595343/740712 [02:16<00:26, 5467.28 examples/s]
Tokenizing train (num_proc=48):  81%|████████  | 596775/740712 [02:17<00:22, 6404.96 examples/s]
Tokenizing train (num_proc=48):  81%|████████  | 596343/740712 [02:17<00:34, 4132.37 examples/s]
Tokenizing train (num_proc=48):  81%|████████  | 597343/740712 [02:17<00:31, 4539.79 examples/s]
Tokenizing train (num_proc=48):  81%|████████  | 599343/740712 [02:17<00:22, 6233.66 examples/s]
Tokenizing train (num_proc=48):  81%|████████  | 598207/740712 [02:18<00:27, 5161.08 examples/s]
Tokenizing train (num_proc=48):  81%|████████  | 600774/740712 [02:17<00:25, 5537.86 examples/s]
Tokenizing train (num_proc=48):  81%|████████  | 599207/740712 [02:18<00:28, 5006.11 examples/s]
Tokenizing train (num_proc=48):  81%|████████  | 600207/740712 [02:18<00:27, 5062.87 examples/s]
Tokenizing train (num_proc=48):  81%|████████  | 601207/740712 [02:19<00:27, 5129.59 examples/s]
Tokenizing train (num_proc=48):  81%|████████▏ | 602206/740712 [02:18<00:31, 4353.38 examples/s]
Tokenizing train (num_proc=48):  81%|████████▏ | 603207/740712 [02:19<00:21, 6309.71 examples/s]
Tokenizing train (num_proc=48):  82%|████████▏ | 604206/740712 [02:18<00:24, 5489.70 examples/s]
Tokenizing train (num_proc=48):  82%|████████▏ | 604207/740712 [02:19<00:20, 6516.92 examples/s]
Tokenizing train (num_proc=48):  82%|████████▏ | 605206/740712 [02:18<00:24, 5553.77 examples/s]
Tokenizing train (num_proc=48):  82%|████████▏ | 607206/740712 [02:18<00:17, 7423.01 examples/s]
Tokenizing train (num_proc=48):  82%|████████▏ | 605207/740712 [02:19<00:24, 5579.49 examples/s]
Tokenizing train (num_proc=48):  82%|████████▏ | 609206/740712 [02:19<00:21, 6079.16 examples/s]
Tokenizing train (num_proc=48):  82%|████████▏ | 606207/740712 [02:20<00:36, 3687.71 examples/s]
Tokenizing train (num_proc=48):  83%|████████▎ | 611638/740712 [02:19<00:17, 7247.99 examples/s]
Tokenizing train (num_proc=48):  82%|████████▏ | 608207/740712 [02:20<00:25, 5239.08 examples/s]
Tokenizing train (num_proc=48):  83%|████████▎ | 612638/740712 [02:19<00:18, 6868.93 examples/s]
Tokenizing train (num_proc=48):  82%|████████▏ | 610207/740712 [02:20<00:22, 5914.49 examples/s]
Tokenizing train (num_proc=48):  83%|████████▎ | 616070/740712 [02:20<00:16, 7600.88 examples/s]
Tokenizing train (num_proc=48):  83%|████████▎ | 611207/740712 [02:20<00:24, 5317.39 examples/s]
Tokenizing train (num_proc=48):  83%|████████▎ | 613638/740712 [02:20<00:16, 7737.23 examples/s]
Tokenizing train (num_proc=48):  83%|████████▎ | 617070/740712 [02:20<00:17, 7006.72 examples/s]
Tokenizing train (num_proc=48):  84%|████████▎ | 618502/740712 [02:20<00:16, 7557.19 examples/s]
Tokenizing train (num_proc=48):  84%|████████▎ | 619502/740712 [02:20<00:16, 7313.23 examples/s]
Tokenizing train (num_proc=48):  83%|████████▎ | 616638/740712 [02:21<00:15, 7838.01 examples/s]
Tokenizing train (num_proc=48):  84%|████████▎ | 619070/740712 [02:21<00:12, 9444.12 examples/s]
Tokenizing train (num_proc=48):  84%|████████▍ | 621502/740712 [02:20<00:15, 7873.10 examples/s]
Tokenizing train (num_proc=48):  84%|████████▍ | 620502/740712 [02:21<00:12, 9362.37 examples/s]
Tokenizing train (num_proc=48):  84%|████████▍ | 622934/740712 [02:21<00:22, 5220.28 examples/s]
Tokenizing train (num_proc=48):  85%|████████▍ | 625934/740712 [02:21<00:14, 7802.01 examples/s]
Tokenizing train (num_proc=48):  84%|████████▍ | 622502/740712 [02:22<00:21, 5610.44 examples/s]
Tokenizing train (num_proc=48):  84%|████████▍ | 624502/740712 [02:22<00:19, 5862.80 examples/s]
Tokenizing train (num_proc=48):  85%|████████▍ | 625934/740712 [02:22<00:17, 6625.95 examples/s]
Tokenizing train (num_proc=48):  85%|████████▍ | 627934/740712 [02:22<00:23, 4826.41 examples/s]
Tokenizing train (num_proc=48):  85%|████████▍ | 626934/740712 [02:23<00:22, 4975.22 examples/s]
Tokenizing train (num_proc=48):  85%|████████▍ | 628934/740712 [02:23<00:18, 6146.52 examples/s]
Tokenizing train (num_proc=48):  85%|████████▌ | 630797/740712 [02:23<00:17, 6339.93 examples/s]
Tokenizing train (num_proc=48):  85%|████████▍ | 629366/740712 [02:23<00:32, 3479.38 examples/s]
Tokenizing train (num_proc=48):  85%|████████▌ | 631797/740712 [02:23<00:23, 4593.58 examples/s]
Tokenizing train (num_proc=48):  85%|████████▌ | 632797/740712 [02:23<00:27, 3867.14 examples/s]
Tokenizing train (num_proc=48):  85%|████████▌ | 631797/740712 [02:24<00:32, 3398.94 examples/s]
Tokenizing train (num_proc=48):  85%|████████▌ | 633229/740712 [02:24<00:26, 4129.36 examples/s]
Tokenizing train (num_proc=48):  86%|████████▌ | 633797/740712 [02:23<00:26, 4005.85 examples/s]
Tokenizing train (num_proc=48):  86%|████████▌ | 635797/740712 [02:24<00:19, 5506.02 examples/s]
Tokenizing train (num_proc=48):  86%|████████▌ | 635229/740712 [02:24<00:22, 4704.17 examples/s]
Tokenizing train (num_proc=48):  86%|████████▌ | 637229/740712 [02:25<00:20, 4946.61 examples/s]
Tokenizing train (num_proc=48):  86%|████████▋ | 639229/740712 [02:24<00:19, 5296.08 examples/s]
Tokenizing train (num_proc=48):  86%|████████▌ | 638660/740712 [02:25<00:19, 5102.81 examples/s]
Tokenizing train (num_proc=48):  86%|████████▋ | 640229/740712 [02:24<00:19, 5219.28 examples/s]
Tokenizing train (num_proc=48):  86%|████████▋ | 639660/740712 [02:25<00:20, 4891.56 examples/s]
Tokenizing train (num_proc=48):  87%|████████▋ | 642229/740712 [02:25<00:16, 5834.53 examples/s]
Tokenizing train (num_proc=48):  87%|████████▋ | 641660/740712 [02:26<00:17, 5691.64 examples/s]
Tokenizing train (num_proc=48):  87%|████████▋ | 644229/740712 [02:25<00:16, 5748.96 examples/s]
Tokenizing train (num_proc=48):  87%|████████▋ | 644660/740712 [02:26<00:13, 7155.04 examples/s]
Tokenizing train (num_proc=48):  87%|████████▋ | 646660/740712 [02:25<00:12, 7277.55 examples/s]
Tokenizing train (num_proc=48):  87%|████████▋ | 647092/740712 [02:26<00:11, 7964.56 examples/s]
Tokenizing train (num_proc=48):  88%|████████▊ | 648660/740712 [02:26<00:13, 7027.34 examples/s]
Tokenizing train (num_proc=48):  87%|████████▋ | 648092/740712 [02:27<00:15, 5795.15 examples/s]
Tokenizing train (num_proc=48):  88%|████████▊ | 650092/740712 [02:27<00:13, 6717.27 examples/s]
Tokenizing train (num_proc=48):  88%|████████▊ | 650092/740712 [02:26<00:20, 4441.39 examples/s]
Tokenizing train (num_proc=48):  88%|████████▊ | 651092/740712 [02:27<00:20, 4397.84 examples/s]
Tokenizing train (num_proc=48):  88%|████████▊ | 651523/740712 [02:27<00:19, 4607.19 examples/s]
Tokenizing train (num_proc=48):  88%|████████▊ | 652954/740712 [02:28<00:18, 4646.81 examples/s]
Tokenizing train (num_proc=48):  88%|████████▊ | 652092/740712 [02:27<00:24, 3683.60 examples/s]
Tokenizing train (num_proc=48):  88%|████████▊ | 653954/740712 [02:28<00:19, 4403.17 examples/s]
Tokenizing train (num_proc=48):  88%|████████▊ | 653092/740712 [02:27<00:25, 3395.79 examples/s]
Tokenizing train (num_proc=48):  88%|████████▊ | 653523/740712 [02:27<00:25, 3458.37 examples/s]
Tokenizing train (num_proc=48):  88%|████████▊ | 655523/740712 [02:28<00:20, 4207.54 examples/s]
Tokenizing train (num_proc=48):  88%|████████▊ | 654954/740712 [02:29<00:36, 2370.98 examples/s]
Tokenizing train (num_proc=48):  89%|████████▊ | 656523/740712 [02:29<00:33, 2539.52 examples/s]
Tokenizing train (num_proc=48):  89%|████████▉ | 657523/740712 [02:29<00:29, 2781.75 examples/s]
Tokenizing train (num_proc=48):  89%|████████▊ | 655954/740712 [02:30<00:41, 2038.17 examples/s]
Tokenizing train (num_proc=48):  89%|████████▉ | 657385/740712 [02:30<00:29, 2801.44 examples/s]
Tokenizing train (num_proc=48):  89%|████████▉ | 659523/740712 [02:29<00:21, 3715.17 examples/s]
Tokenizing train (num_proc=48):  89%|████████▉ | 658385/740712 [02:30<00:26, 3161.26 examples/s]
Tokenizing train (num_proc=48):  89%|████████▉ | 660523/740712 [02:29<00:19, 4102.82 examples/s]
Tokenizing train (num_proc=48):  89%|████████▉ | 659385/740712 [02:30<00:22, 3571.91 examples/s]
Tokenizing train (num_proc=48):  89%|████████▉ | 661954/740712 [02:30<00:16, 4863.15 examples/s]
Tokenizing train (num_proc=48):  89%|████████▉ | 661385/740712 [02:31<00:18, 4355.11 examples/s]
Tokenizing train (num_proc=48):  90%|████████▉ | 663954/740712 [02:30<00:13, 5552.29 examples/s]
Tokenizing train (num_proc=48):  90%|████████▉ | 664385/740712 [02:31<00:11, 6904.98 examples/s]
Tokenizing train (num_proc=48):  90%|████████▉ | 664954/740712 [02:30<00:14, 5242.71 examples/s]
Tokenizing train (num_proc=48):  90%|████████▉ | 665385/740712 [02:31<00:11, 6414.50 examples/s]
Tokenizing train (num_proc=48):  90%|█████████ | 667954/740712 [02:30<00:09, 7710.18 examples/s]
Tokenizing train (num_proc=48):  90%|█████████ | 668954/740712 [02:31<00:11, 6492.03 examples/s]
Tokenizing train (num_proc=48):  90%|████████▉ | 666385/740712 [02:31<00:18, 4083.58 examples/s]
Tokenizing train (num_proc=48):  90%|█████████ | 669954/740712 [02:31<00:14, 4925.35 examples/s]
Tokenizing train (num_proc=48):  90%|█████████ | 668385/740712 [02:32<00:18, 3974.48 examples/s]
Tokenizing train (num_proc=48):  91%|█████████ | 671385/740712 [02:31<00:16, 4093.01 examples/s]
Tokenizing train (num_proc=48):  90%|█████████ | 669385/740712 [02:32<00:20, 3437.35 examples/s]
Tokenizing train (num_proc=48):  91%|█████████ | 670816/740712 [02:33<00:19, 3649.51 examples/s]
Tokenizing train (num_proc=48):  91%|█████████ | 672816/740712 [02:32<00:20, 3239.06 examples/s]
Tokenizing train (num_proc=48):  91%|█████████ | 671816/740712 [02:33<00:19, 3535.61 examples/s]
Tokenizing train (num_proc=48):  91%|█████████ | 674247/740712 [02:32<00:19, 3400.53 examples/s]
Tokenizing train (num_proc=48):  91%|█████████ | 675678/740712 [02:33<00:24, 2631.67 examples/s]
Tokenizing train (num_proc=48):  91%|█████████ | 672816/740712 [02:34<00:32, 2097.20 examples/s]
Tokenizing train (num_proc=48):  91%|█████████▏| 676678/740712 [02:34<00:24, 2647.85 examples/s]
Tokenizing train (num_proc=48):  91%|█████████ | 673247/740712 [02:34<00:34, 1984.10 examples/s]
Tokenizing train (num_proc=48):  91%|█████████▏| 677678/740712 [02:34<00:21, 2912.02 examples/s]
Tokenizing train (num_proc=48):  91%|█████████ | 674247/740712 [02:35<00:26, 2482.79 examples/s]
Tokenizing train (num_proc=48):  91%|█████████ | 675247/740712 [02:35<00:22, 2967.22 examples/s]
Tokenizing train (num_proc=48):  92%|█████████▏| 678247/740712 [02:35<00:10, 6027.36 examples/s]
Tokenizing train (num_proc=48):  92%|█████████▏| 678678/740712 [02:34<00:25, 2424.40 examples/s]
Tokenizing train (num_proc=48):  92%|█████████▏| 680678/740712 [02:35<00:16, 3633.36 examples/s]
Tokenizing train (num_proc=48):  92%|█████████▏| 680247/740712 [02:36<00:13, 4506.53 examples/s]
Tokenizing train (num_proc=48):  92%|█████████▏| 681678/740712 [02:35<00:15, 3763.25 examples/s]
Tokenizing train (num_proc=48):  92%|█████████▏| 682247/740712 [02:36<00:10, 5406.43 examples/s]
Tokenizing train (num_proc=48):  92%|█████████▏| 684109/740712 [02:35<00:10, 5494.65 examples/s]
Tokenizing train (num_proc=48):  92%|█████████▏| 683247/740712 [02:36<00:10, 5602.27 examples/s]
Tokenizing train (num_proc=48):  92%|█████████▏| 685109/740712 [02:35<00:10, 5524.13 examples/s]
Tokenizing train (num_proc=48):  93%|█████████▎| 686540/740712 [02:36<00:12, 4192.47 examples/s]
Tokenizing train (num_proc=48):  93%|█████████▎| 687540/740712 [02:36<00:12, 4149.49 examples/s]
Tokenizing train (num_proc=48):  93%|█████████▎| 688540/740712 [02:36<00:15, 3463.26 examples/s]
Tokenizing train (num_proc=48):  92%|█████████▏| 684678/740712 [02:37<00:21, 2554.30 examples/s]
Tokenizing train (num_proc=48):  93%|█████████▎| 685678/740712 [02:38<00:20, 2730.44 examples/s]
Tokenizing train (num_proc=48):  93%|█████████▎| 689540/740712 [02:37<00:17, 2937.58 examples/s]
Tokenizing train (num_proc=48):  93%|█████████▎| 686678/740712 [02:38<00:19, 2783.18 examples/s]
Tokenizing train (num_proc=48):  93%|█████████▎| 687678/740712 [02:38<00:15, 3373.70 examples/s]
Tokenizing train (num_proc=48):  93%|█████████▎| 688678/740712 [02:39<00:20, 2520.01 examples/s]
Tokenizing train (num_proc=48):  93%|█████████▎| 689678/740712 [02:39<00:16, 3117.96 examples/s]
Tokenizing train (num_proc=48):  93%|█████████▎| 690678/740712 [02:39<00:13, 3740.28 examples/s]
Tokenizing train (num_proc=48):  93%|█████████▎| 691678/740712 [02:39<00:11, 4210.19 examples/s]
Tokenizing train (num_proc=48):  93%|█████████▎| 690540/740712 [02:39<00:34, 1463.52 examples/s]
Tokenizing train (num_proc=48):  93%|█████████▎| 692540/740712 [02:39<00:21, 2232.67 examples/s]
Tokenizing train (num_proc=48):  94%|█████████▎| 693109/740712 [02:40<00:14, 3198.96 examples/s]
Tokenizing train (num_proc=48):  94%|█████████▎| 694109/740712 [02:40<00:15, 3093.97 examples/s]
Tokenizing train (num_proc=48):  94%|█████████▎| 693540/740712 [02:39<00:22, 2104.90 examples/s]
Tokenizing train (num_proc=48):  94%|█████████▍| 695109/740712 [02:40<00:12, 3779.85 examples/s]
Tokenizing train (num_proc=48):  94%|█████████▍| 694540/740712 [02:40<00:19, 2350.49 examples/s]
Tokenizing train (num_proc=48):  94%|█████████▍| 697109/740712 [02:41<00:09, 4395.48 examples/s]
Tokenizing train (num_proc=48):  94%|█████████▍| 695540/740712 [02:40<00:15, 2925.00 examples/s]
Tokenizing train (num_proc=48):  94%|█████████▍| 698540/740712 [02:41<00:10, 4030.27 examples/s]
Tokenizing train (num_proc=48):  94%|█████████▍| 696540/740712 [02:40<00:16, 2646.87 examples/s]
Tokenizing train (num_proc=48):  94%|█████████▍| 697540/740712 [02:40<00:13, 3176.46 examples/s]
Tokenizing train (num_proc=48):  94%|█████████▍| 698971/740712 [02:41<00:09, 4244.87 examples/s]
Tokenizing train (num_proc=48):  94%|█████████▍| 699971/740712 [02:41<00:10, 3927.73 examples/s]
Tokenizing train (num_proc=48):  95%|█████████▍| 701971/740712 [02:41<00:08, 4642.20 examples/s]
Tokenizing train (num_proc=48):  94%|█████████▍| 699540/740712 [02:42<00:18, 2266.50 examples/s]
Tokenizing train (num_proc=48):  95%|█████████▍| 700540/740712 [02:42<00:14, 2757.01 examples/s]
Tokenizing train (num_proc=48):  95%|█████████▍| 701540/740712 [02:43<00:18, 2114.94 examples/s]
Tokenizing train (num_proc=48):  95%|█████████▍| 702540/740712 [02:43<00:14, 2644.99 examples/s]
Tokenizing train (num_proc=48):  95%|█████████▍| 702971/740712 [02:43<00:17, 2106.66 examples/s]
Tokenizing train (num_proc=48):  95%|█████████▌| 703971/740712 [02:43<00:15, 2407.92 examples/s]
Tokenizing train (num_proc=48):  95%|█████████▌| 704402/740712 [02:43<00:15, 2280.39 examples/s]
Tokenizing train (num_proc=48):  95%|█████████▍| 703540/740712 [02:44<00:19, 1870.08 examples/s]
Tokenizing train (num_proc=48):  95%|█████████▌| 705540/740712 [02:44<00:12, 2750.95 examples/s]
Tokenizing train (num_proc=48):  96%|█████████▌| 707540/740712 [02:44<00:08, 4096.67 examples/s]
Tokenizing train (num_proc=48):  96%|█████████▌| 708402/740712 [02:45<00:09, 3397.09 examples/s]
Tokenizing train (num_proc=48):  95%|█████████▌| 705402/740712 [02:44<00:22, 1567.49 examples/s]
Tokenizing train (num_proc=48):  95%|█████████▌| 706402/740712 [02:44<00:16, 2021.37 examples/s]
Tokenizing train (num_proc=48):  96%|█████████▌| 709402/740712 [02:45<00:09, 3408.02 examples/s]
Tokenizing train (num_proc=48):  96%|█████████▌| 710402/740712 [02:45<00:09, 3151.60 examples/s]
Tokenizing train (num_proc=48):  96%|█████████▌| 707833/740712 [02:45<00:16, 2020.06 examples/s]
Tokenizing train (num_proc=48):  96%|█████████▌| 711402/740712 [02:46<00:09, 3166.24 examples/s]
Tokenizing train (num_proc=48):  96%|█████████▌| 708833/740712 [02:45<00:13, 2447.04 examples/s]
Tokenizing train (num_proc=48):  96%|█████████▌| 712264/740712 [02:46<00:08, 3251.53 examples/s]
Tokenizing train (num_proc=48):  96%|█████████▌| 709833/740712 [02:45<00:11, 2602.61 examples/s]
Tokenizing train (num_proc=48):  96%|█████████▌| 712695/740712 [02:46<00:09, 3020.01 examples/s]
Tokenizing train (num_proc=48):  96%|█████████▌| 712833/740712 [02:46<00:06, 4577.09 examples/s]
Tokenizing train (num_proc=48):  96%|█████████▋| 713695/740712 [02:47<00:09, 2906.15 examples/s]
Tokenizing train (num_proc=48):  96%|█████████▋| 714695/740712 [02:47<00:07, 3430.34 examples/s]
Tokenizing train (num_proc=48):  96%|█████████▋| 713833/740712 [02:46<00:08, 3088.81 examples/s]
Tokenizing train (num_proc=48):  97%|█████████▋| 715264/740712 [02:49<00:18, 1350.88 examples/s]
Tokenizing train (num_proc=48):  97%|█████████▋| 715695/740712 [02:50<00:28, 865.46 examples/s]
Tokenizing train (num_proc=48):  97%|█████████▋| 716264/740712 [02:49<00:15, 1553.41 examples/s]
Tokenizing train (num_proc=48):  97%|█████████▋| 716695/740712 [02:50<00:20, 1154.53 examples/s]
Tokenizing train (num_proc=48):  97%|█████████▋| 717264/740712 [02:49<00:12, 1907.10 examples/s]
Tokenizing train (num_proc=48):  97%|█████████▋| 717695/740712 [02:50<00:15, 1473.39 examples/s]
Tokenizing train (num_proc=48):  97%|█████████▋| 718695/740712 [02:51<00:13, 1619.00 examples/s]
Tokenizing train (num_proc=48):  97%|█████████▋| 719695/740712 [02:51<00:09, 2163.24 examples/s]
Tokenizing train (num_proc=48):  97%|█████████▋| 720695/740712 [02:51<00:08, 2246.75 examples/s]
Tokenizing train (num_proc=48):  97%|█████████▋| 719264/740712 [02:51<00:12, 1720.53 examples/s]
Tokenizing train (num_proc=48):  97%|█████████▋| 721695/740712 [02:52<00:08, 2176.19 examples/s]
Tokenizing train (num_proc=48):  97%|█████████▋| 721264/740712 [02:51<00:08, 2264.71 examples/s]
Tokenizing train (num_proc=48):  97%|█████████▋| 721695/740712 [02:51<00:08, 2297.03 examples/s]
Tokenizing train (num_proc=48):  98%|█████████▊| 723126/740712 [02:52<00:07, 2375.36 examples/s]
Tokenizing train (num_proc=48):  97%|█████████▋| 722126/740712 [02:53<00:16, 1116.61 examples/s]
Tokenizing train (num_proc=48):  98%|█████████▊| 724126/740712 [02:54<00:12, 1323.28 examples/s]
Tokenizing train (num_proc=48):  98%|█████████▊| 723126/740712 [02:54<00:18, 968.29 examples/s]
Tokenizing train (num_proc=48):  98%|█████████▊| 725126/740712 [02:54<00:09, 1616.16 examples/s]
Tokenizing train (num_proc=48):  98%|█████████▊| 724126/740712 [02:56<00:18, 917.00 examples/s]
Tokenizing train (num_proc=48):  98%|█████████▊| 725126/740712 [02:56<00:12, 1258.71 examples/s]
Tokenizing train (num_proc=48):  98%|█████████▊| 726126/740712 [02:56<00:09, 1588.17 examples/s]
Tokenizing train (num_proc=48):  98%|█████████▊| 726126/740712 [02:55<00:13, 1121.47 examples/s]
Tokenizing train (num_proc=48):  98%|█████████▊| 727126/740712 [02:56<00:07, 1846.87 examples/s]
Tokenizing train (num_proc=48):  98%|█████████▊| 726988/740712 [02:56<00:10, 1341.34 examples/s]
Tokenizing train (num_proc=48):  98%|█████████▊| 728126/740712 [02:57<00:05, 2409.16 examples/s]
Tokenizing train (num_proc=48):  98%|█████████▊| 727988/740712 [02:56<00:07, 1675.05 examples/s]
Tokenizing train (num_proc=48):  98%|█████████▊| 728988/740712 [02:56<00:06, 1817.38 examples/s]
Tokenizing train (num_proc=48):  99%|█████████▊| 729988/740712 [02:57<00:07, 1511.63 examples/s]
Tokenizing train (num_proc=48):  98%|█████████▊| 729557/740712 [02:59<00:10, 1081.92 examples/s]
Tokenizing train (num_proc=48):  99%|█████████▊| 730988/740712 [03:00<00:13, 718.27 examples/s]
Tokenizing train (num_proc=48):  99%|█████████▊| 729988/740712 [03:01<00:16, 660.33 examples/s]
Tokenizing train (num_proc=48):  99%|█████████▊| 730988/740712 [03:02<00:11, 856.29 examples/s]
Tokenizing train (num_proc=48):  99%|█████████▉| 731988/740712 [03:01<00:10, 811.34 examples/s]
Tokenizing train (num_proc=48):  99%|█████████▉| 732988/740712 [03:02<00:08, 881.30 examples/s]
Tokenizing train (num_proc=48):  99%|█████████▉| 733988/740712 [03:03<00:05, 1332.76 examples/s]
Tokenizing train (num_proc=48):  99%|█████████▉| 733419/740712 [03:03<00:08, 895.70 examples/s]
Tokenizing train (num_proc=48):  99%|█████████▉| 734419/740712 [03:04<00:05, 1173.25 examples/s]
Tokenizing train (num_proc=48):  99%|█████████▉| 734850/740712 [03:04<00:05, 1141.39 examples/s]
Tokenizing train (num_proc=48):  99%|█████████▉| 733850/740712 [03:04<00:09, 739.80 examples/s]
Tokenizing train (num_proc=48):  99%|█████████▉| 734850/740712 [03:04<00:05, 1130.48 examples/s]
Tokenizing train (num_proc=48):  99%|█████████▉| 735850/740712 [03:08<00:07, 618.70 examples/s]
Tokenizing train (num_proc=48):  99%|█████████▉| 735850/740712 [03:08<00:09, 505.71 examples/s]
Tokenizing train (num_proc=48):  99%|█████████▉| 736850/740712 [03:10<00:07, 501.39 examples/s]
Tokenizing train (num_proc=48):  99%|█████████▉| 736850/740712 [03:10<00:08, 472.62 examples/s]
Tokenizing train (num_proc=48): 100%|█████████▉| 737850/740712 [03:14<00:06, 420.57 examples/s]
Tokenizing train (num_proc=48): 100%|█████████▉| 737850/740712 [03:14<00:07, 394.83 examples/s]
Tokenizing train (num_proc=48): 100%|█████████▉| 738281/740712 [03:16<00:07, 346.34 examples/s]
Tokenizing train (num_proc=48): 100%|█████████▉| 738281/740712 [03:16<00:07, 333.78 examples/s]
Tokenizing train (num_proc=48): 100%|█████████▉| 739281/740712 [03:16<00:03, 473.07 examples/s]
Tokenizing train (num_proc=48): 100%|█████████▉| 739281/740712 [03:18<00:03, 413.58 examples/s]
Tokenizing train (num_proc=48): 100%|█████████▉| 740281/740712 [03:23<00:01, 282.89 examples/s]
Tokenizing train (num_proc=48): 100%|█████████▉| 740281/740712 [03:24<00:01, 264.16 examples/s]
Tokenizing train (num_proc=48): 100%|██████████| 740712/740712 [03:25<00:00, 255.91 examples/s]
Tokenizing train (num_proc=48): 100%|██████████| 740712/740712 [03:27<00:00, 240.60 examples/s]
Tokenizing train (num_proc=48): 100%|██████████| 740712/740712 [03:26<00:00, 3583.40 examples/s]
[DATA] Tokenizing validation set...

Tokenizing val (num_proc=48):   0%|          | 0/35982 [00:00<?, ? examples/s]
Tokenizing train (num_proc=48): 100%|██████████| 740712/740712 [03:28<00:00, 3556.20 examples/s]
[DATA] Tokenizing validation set...

Tokenizing val (num_proc=48):   0%|          | 0/35982 [00:00<?, ? examples/s]
Tokenizing val (num_proc=48):   2%|▏         | 750/35982 [00:05<04:11, 140.35 examples/s]
Tokenizing val (num_proc=48):   4%|▍         | 1500/35982 [00:05<01:43, 331.81 examples/s]
Tokenizing val (num_proc=48):   6%|▋         | 2250/35982 [00:05<01:00, 559.65 examples/s]
Tokenizing val (num_proc=48):   8%|▊         | 3000/35982 [00:05<00:37, 869.64 examples/s]
Tokenizing val (num_proc=48):  10%|█         | 3750/35982 [00:06<00:26, 1197.04 examples/s]
Tokenizing val (num_proc=48):  13%|█▎        | 4500/35982 [00:06<00:19, 1617.78 examples/s]
Tokenizing val (num_proc=48):   2%|▏         | 750/35982 [00:05<04:18, 136.27 examples/s]
Tokenizing val (num_proc=48):  17%|█▋        | 6000/35982 [00:06<00:11, 2616.16 examples/s]
Tokenizing val (num_proc=48):   4%|▍         | 1500/35982 [00:05<01:47, 321.47 examples/s]
Tokenizing val (num_proc=48):  19%|█▉        | 6750/35982 [00:06<00:10, 2794.05 examples/s]
Tokenizing val (num_proc=48):   6%|▋         | 2250/35982 [00:05<01:01, 547.53 examples/s]
Tokenizing val (num_proc=48):  21%|██        | 7500/35982 [00:06<00:09, 2984.11 examples/s]
Tokenizing val (num_proc=48):   8%|▊         | 3000/35982 [00:05<00:38, 850.13 examples/s]
Tokenizing val (num_proc=48):  10%|█         | 3750/35982 [00:06<00:27, 1182.89 examples/s]
Tokenizing val (num_proc=48):  25%|██▌       | 9000/35982 [00:07<00:06, 3952.09 examples/s]
Tokenizing val (num_proc=48):  13%|█▎        | 4500/35982 [00:06<00:19, 1638.57 examples/s]
Tokenizing val (num_proc=48):  27%|██▋       | 9750/35982 [00:07<00:06, 4235.41 examples/s]
Tokenizing val (num_proc=48):  15%|█▍        | 5250/35982 [00:06<00:14, 2172.55 examples/s]
Tokenizing val (num_proc=48):  29%|██▉       | 10500/35982 [00:07<00:05, 4557.17 examples/s]
Tokenizing val (num_proc=48):  19%|█▉        | 6750/35982 [00:06<00:08, 3508.18 examples/s]
Tokenizing val (num_proc=48):  31%|███▏      | 11250/35982 [00:07<00:04, 5028.00 examples/s]
Tokenizing val (num_proc=48):  21%|██        | 7500/35982 [00:06<00:09, 3077.14 examples/s]
Tokenizing val (num_proc=48):  35%|███▌      | 12750/35982 [00:07<00:05, 4251.74 examples/s]
Tokenizing val (num_proc=48):  40%|███▉      | 14250/35982 [00:07<00:03, 5691.63 examples/s]
Tokenizing val (num_proc=48):  25%|██▌       | 9000/35982 [00:07<00:07, 3542.41 examples/s]
Tokenizing val (num_proc=48):  42%|████▏     | 15000/35982 [00:08<00:04, 5202.12 examples/s]
Tokenizing val (num_proc=48):  27%|██▋       | 9750/35982 [00:07<00:06, 3890.00 examples/s]
Tokenizing val (num_proc=48):  44%|████▍     | 15750/35982 [00:08<00:04, 4460.34 examples/s]
Tokenizing val (num_proc=48):  33%|███▎      | 12000/35982 [00:07<00:04, 4929.22 examples/s]
Tokenizing val (num_proc=48):  46%|████▌     | 16500/35982 [00:08<00:04, 4207.30 examples/s]
Tokenizing val (num_proc=48):  35%|███▌      | 12750/35982 [00:07<00:04, 4859.59 examples/s]
Tokenizing val (num_proc=48):  50%|█████     | 18000/35982 [00:08<00:03, 5712.92 examples/s]
Tokenizing val (num_proc=48):  40%|███▉      | 14250/35982 [00:07<00:03, 5953.60 examples/s]
Tokenizing val (num_proc=48):  52%|█████▏    | 18750/35982 [00:08<00:02, 5811.09 examples/s]
Tokenizing val (num_proc=48):  42%|████▏     | 15000/35982 [00:08<00:04, 5082.23 examples/s]
Tokenizing val (num_proc=48):  54%|█████▍    | 19500/35982 [00:09<00:03, 4331.32 examples/s]
Tokenizing val (num_proc=48):  44%|████▍     | 15750/35982 [00:08<00:04, 4513.35 examples/s]
Tokenizing val (num_proc=48):  58%|█████▊    | 21000/35982 [00:09<00:02, 5252.14 examples/s]
Tokenizing val (num_proc=48):  60%|██████    | 21750/35982 [00:09<00:02, 5419.60 examples/s]
Tokenizing val (num_proc=48):  48%|████▊     | 17250/35982 [00:08<00:03, 5137.29 examples/s]
Tokenizing val (num_proc=48):  63%|██████▎   | 22500/35982 [00:09<00:02, 5663.00 examples/s]
Tokenizing val (num_proc=48):  52%|█████▏    | 18750/35982 [00:08<00:02, 5996.86 examples/s]
Tokenizing val (num_proc=48):  65%|██████▍   | 23249/35982 [00:09<00:02, 4968.77 examples/s]
Tokenizing val (num_proc=48):  54%|█████▍    | 19500/35982 [00:08<00:02, 5813.11 examples/s]
Tokenizing val (num_proc=48):  71%|███████   | 25496/35982 [00:10<00:01, 6612.99 examples/s]
Tokenizing val (num_proc=48):  56%|█████▋    | 20250/35982 [00:09<00:03, 4980.27 examples/s]
Tokenizing val (num_proc=48):  73%|███████▎  | 26245/35982 [00:10<00:01, 5166.59 examples/s]
Tokenizing val (num_proc=48):  63%|██████▎   | 22500/35982 [00:09<00:02, 6129.84 examples/s]
Tokenizing val (num_proc=48):  65%|██████▍   | 23249/35982 [00:09<00:02, 6235.75 examples/s]
Tokenizing val (num_proc=48):  69%|██████▉   | 24747/35982 [00:09<00:01, 7233.76 examples/s]
Tokenizing val (num_proc=48):  79%|███████▉  | 28492/35982 [00:10<00:01, 5247.77 examples/s]
Tokenizing val (num_proc=48):  73%|███████▎  | 26245/35982 [00:10<00:01, 6168.88 examples/s]
Tokenizing val (num_proc=48):  85%|████████▌ | 30739/35982 [00:10<00:00, 6564.02 examples/s]
Tokenizing val (num_proc=48):  77%|███████▋  | 27743/35982 [00:10<00:01, 7472.48 examples/s]
Tokenizing val (num_proc=48):  88%|████████▊ | 31488/35982 [00:11<00:00, 6695.51 examples/s]
Tokenizing val (num_proc=48):  92%|█████████▏| 32986/35982 [00:11<00:00, 7830.95 examples/s]
Tokenizing val (num_proc=48):  81%|████████▏ | 29241/35982 [00:10<00:00, 7446.06 examples/s]
Tokenizing val (num_proc=48):  96%|█████████▌| 34484/35982 [00:11<00:00, 8554.43 examples/s]
Tokenizing val (num_proc=48):  85%|████████▌ | 30739/35982 [00:10<00:00, 7064.51 examples/s]
Tokenizing val (num_proc=48): 100%|██████████| 35982/35982 [00:11<00:00, 7441.73 examples/s]
Tokenizing val (num_proc=48):  90%|████████▉ | 32237/35982 [00:10<00:00, 7380.01 examples/s]
Tokenizing val (num_proc=48):  94%|█████████▍| 33735/35982 [00:11<00:00, 7442.78 examples/s]
Tokenizing val (num_proc=48):  98%|█████████▊| 35233/35982 [00:11<00:00, 8502.99 examples/s]
Tokenizing val (num_proc=48): 100%|██████████| 35982/35982 [00:11<00:00, 3003.60 examples/s]
warmup_ratio is deprecated and will be removed in v5.2. Use `warmup_steps` instead.
`logging_dir` is deprecated and will be removed in v5.2. Please set `TENSORBOARD_LOGGING_DIR` instead.

======================================================================
STARTING TRAINING
======================================================================

  Start time: 2026-01-29 01:15:30
  Train samples: 740,712
  Val samples: 35,982
  Total steps: ~17,358


Tokenizing val (num_proc=48): 100%|██████████| 35982/35982 [00:11<00:00, 3112.94 examples/s]
warmup_ratio is deprecated and will be removed in v5.2. Use `warmup_steps` instead.
`logging_dir` is deprecated and will be removed in v5.2. Please set `TENSORBOARD_LOGGING_DIR` instead.

======================================================================
STARTING TRAINING
======================================================================

  Start time: 2026-01-29 01:15:30
  Train samples: 740,712
  Val samples: 35,982
  Total steps: ~17,358


  0%|          | 0/8682 [00:00<?, ?it/s]
  0%|          | 1/8682 [00:05<14:20:55,  5.95s/it]

{'loss': '21.33', 'grad_norm': '7.999', 'learning_rate': '0', 'epoch': '0.0003456'}

  0%|          | 1/8682 [00:05<14:20:55,  5.95s/it]
  0%|          | 2/8682 [00:08<9:09:48,  3.80s/it]
  0%|          | 3/8682 [00:10<7:25:37,  3.08s/it]
  0%|          | 4/8682 [00:12<6:53:50,  2.86s/it]
  0%|          | 5/8682 [00:14<5:48:29,  2.41s/it]
  0%|          | 6/8682 [00:16<5:37:00,  2.33s/it]
  0%|          | 7/8682 [00:19<5:35:02,  2.32s/it]
  0%|          | 8/8682 [00:21<5:25:41,  2.25s/it]
  0%|          | 9/8682 [00:23<5:34:55,  2.32s/it]
  0%|          | 10/8682 [00:25<5:01:39,  2.09s/it]
  0%|          | 11/8682 [00:27<5:27:58,  2.27s/it]
  0%|          | 12/8682 [00:29<5:04:39,  2.11s/it]
  0%|          | 13/8682 [00:31<5:08:15,  2.13s/it]
  0%|          | 14/8682 [00:34<5:15:39,  2.18s/it]
  0%|          | 15/8682 [00:35<5:00:39,  2.08s/it]
  0%|          | 16/8682 [00:37<4:53:45,  2.03s/it]
  0%|          | 17/8682 [00:40<5:27:00,  2.26s/it]
  0%|          | 18/8682 [00:42<5:06:48,  2.12s/it]
  0%|          | 19/8682 [00:44<5:11:04,  2.15s/it]
  0%|          | 20/8682 [00:46<5:11:20,  2.16s/it]
  0%|          | 21/8682 [00:49<5:22:51,  2.24s/it]
  0%|          | 22/8682 [00:51<5:11:15,  2.16s/it]
  0%|          | 23/8682 [00:54<5:43:09,  2.38s/it]
  0%|          | 24/8682 [00:56<5:36:19,  2.33s/it]
  0%|          | 25/8682 [00:58<5:13:24,  2.17s/it]
  0%|          | 26/8682 [01:00<5:29:03,  2.28s/it]
  0%|          | 27/8682 [01:02<4:59:26,  2.08s/it]
  0%|          | 28/8682 [01:04<5:03:23,  2.10s/it]
  0%|          | 29/8682 [01:06<5:09:23,  2.15s/it]
  0%|          | 30/8682 [01:09<5:15:42,  2.19s/it]
  0%|          | 31/8682 [01:11<5:14:07,  2.18s/it]
  0%|          | 32/8682 [01:13<5:14:01,  2.18s/it]
  0%|          | 33/8682 [01:15<5:01:19,  2.09s/it]
  0%|          | 34/8682 [01:17<5:14:59,  2.19s/it]
  0%|          | 35/8682 [01:19<5:16:25,  2.20s/it]
  0%|          | 36/8682 [01:21<5:05:10,  2.12s/it]
  0%|          | 37/8682 [01:24<5:20:30,  2.22s/it]
  0%|          | 38/8682 [01:26<5:28:18,  2.28s/it]
  0%|          | 39/8682 [01:29<5:30:25,  2.29s/it]
  0%|          | 40/8682 [01:31<5:28:48,  2.28s/it]
  0%|          | 41/8682 [01:33<5:30:33,  2.30s/it]
  0%|          | 42/8682 [01:36<6:02:31,  2.52s/it]
  0%|          | 43/8682 [01:38<5:51:00,  2.44s/it]
  1%|          | 44/8682 [01:41<5:38:58,  2.35s/it]
  1%|          | 45/8682 [01:43<5:40:05,  2.36s/it]
  1%|          | 46/8682 [01:45<5:37:38,  2.35s/it]
  1%|          | 47/8682 [01:47<5:22:27,  2.24s/it]
  1%|          | 48/8682 [01:49<5:16:16,  2.20s/it]
  1%|          | 49/8682 [01:52<5:17:29,  2.21s/it]
  1%|          | 50/8682 [01:53<4:51:44,  2.03s/it]

{'loss': '20.68', 'grad_norm': '4.946', 'learning_rate': '9.387e-06', 'epoch': '0.01728'}

  1%|          | 50/8682 [01:53<4:51:44,  2.03s/it]
  1%|          | 51/8682 [01:56<5:19:26,  2.22s/it]
  1%|          | 52/8682 [01:58<5:01:27,  2.10s/it]
  1%|          | 53/8682 [02:00<5:16:18,  2.20s/it]
  1%|          | 54/8682 [02:03<5:26:08,  2.27s/it]
  1%|          | 55/8682 [02:05<5:35:26,  2.33s/it]
  1%|          | 56/8682 [02:07<5:32:55,  2.32s/it]
  1%|          | 57/8682 [02:09<5:15:48,  2.20s/it]
  1%|          | 58/8682 [02:11<5:19:18,  2.22s/it]
  1%|          | 59/8682 [02:14<5:26:12,  2.27s/it]
  1%|          | 60/8682 [02:17<5:59:17,  2.50s/it]
  1%|          | 61/8682 [02:19<5:30:46,  2.30s/it]
  1%|          | 62/8682 [02:21<5:22:46,  2.25s/it]
  1%|          | 63/8682 [02:23<5:00:42,  2.09s/it]
  1%|          | 64/8682 [02:25<5:36:07,  2.34s/it]
  1%|          | 65/8682 [02:27<5:05:23,  2.13s/it]
  1%|          | 66/8682 [02:30<5:23:57,  2.26s/it]
  1%|          | 67/8682 [02:32<5:06:34,  2.14s/it]
  1%|          | 68/8682 [02:34<5:12:32,  2.18s/it]
  1%|          | 69/8682 [02:36<4:58:55,  2.08s/it]
  1%|          | 70/8682 [02:38<4:48:01,  2.01s/it]
  1%|          | 71/8682 [02:39<4:45:18,  1.99s/it]
  1%|          | 72/8682 [02:42<4:57:24,  2.07s/it]
  1%|          | 73/8682 [02:44<5:07:44,  2.14s/it]
  1%|          | 74/8682 [02:46<4:58:59,  2.08s/it]
  1%|          | 75/8682 [02:49<5:25:23,  2.27s/it]
  1%|          | 76/8682 [02:51<5:32:31,  2.32s/it]
  1%|          | 77/8682 [02:54<5:40:39,  2.38s/it]
  1%|          | 78/8682 [02:56<5:41:59,  2.38s/it]
  1%|          | 79/8682 [02:58<5:35:34,  2.34s/it]
  1%|          | 80/8682 [03:00<5:18:17,  2.22s/it]
  1%|          | 81/8682 [03:02<5:11:15,  2.17s/it]
  1%|          | 82/8682 [03:05<5:34:35,  2.33s/it]
  1%|          | 83/8682 [03:07<5:34:24,  2.33s/it]
  1%|          | 84/8682 [03:09<5:20:33,  2.24s/it]
  1%|          | 85/8682 [03:12<5:25:38,  2.27s/it]
  1%|          | 86/8682 [03:14<5:23:35,  2.26s/it]
  1%|          | 87/8682 [03:16<5:20:13,  2.24s/it]
  1%|          | 88/8682 [03:18<5:04:04,  2.12s/it]
  1%|          | 89/8682 [03:20<5:18:00,  2.22s/it]
  1%|          | 90/8682 [03:23<5:22:17,  2.25s/it]
  1%|          | 91/8682 [03:25<5:42:23,  2.39s/it]
  1%|          | 92/8682 [03:28<5:29:21,  2.30s/it]
  1%|          | 93/8682 [03:29<5:07:18,  2.15s/it]
  1%|          | 94/8682 [03:31<5:05:57,  2.14s/it]
  1%|          | 95/8682 [03:33<4:57:28,  2.08s/it]
  1%|          | 96/8682 [03:36<5:02:31,  2.11s/it]
  1%|          | 97/8682 [03:38<5:06:05,  2.14s/it]
  1%|          | 98/8682 [03:40<5:15:15,  2.20s/it]
  1%|          | 99/8682 [03:43<5:27:58,  2.29s/it]
  1%|          | 100/8682 [03:45<5:18:51,  2.23s/it]

{'loss': '17.81', 'grad_norm': '3.513', 'learning_rate': '1.897e-05', 'epoch': '0.03456'}

  1%|          | 100/8682 [03:45<5:18:51,  2.23s/it]
  1%|          | 101/8682 [03:47<5:18:33,  2.23s/it]
  1%|          | 102/8682 [03:49<4:59:27,  2.09s/it]
  1%|          | 103/8682 [03:51<5:13:51,  2.20s/it]
  1%|          | 104/8682 [03:53<5:08:11,  2.16s/it]
  1%|          | 105/8682 [03:56<5:32:32,  2.33s/it]
  1%|          | 106/8682 [03:58<5:38:26,  2.37s/it]
  1%|          | 107/8682 [04:00<5:27:42,  2.29s/it]
  1%|          | 108/8682 [04:03<5:27:29,  2.29s/it]
  1%|▏         | 109/8682 [04:05<5:23:57,  2.27s/it]
  1%|▏         | 110/8682 [04:07<5:07:05,  2.15s/it]
  1%|▏         | 111/8682 [04:09<4:50:13,  2.03s/it]
  1%|▏         | 112/8682 [04:11<4:49:56,  2.03s/it]
  1%|▏         | 113/8682 [04:13<5:03:35,  2.13s/it]
  1%|▏         | 114/8682 [04:15<5:16:50,  2.22s/it]
  1%|▏         | 115/8682 [04:18<5:19:29,  2.24s/it]
  1%|▏         | 116/8682 [04:20<5:09:46,  2.17s/it]
  1%|▏         | 117/8682 [04:22<5:12:38,  2.19s/it]
  1%|▏         | 118/8682 [04:24<5:06:50,  2.15s/it]
  1%|▏         | 119/8682 [04:26<4:51:14,  2.04s/it]
  1%|▏         | 120/8682 [04:28<4:43:36,  1.99s/it]
  1%|▏         | 121/8682 [04:30<4:37:41,  1.95s/it]
  1%|▏         | 122/8682 [04:32<4:51:04,  2.04s/it]
  1%|▏         | 123/8682 [04:33<4:29:33,  1.89s/it]
  1%|▏         | 124/8682 [04:36<4:46:25,  2.01s/it]
  1%|▏         | 125/8682 [04:37<4:33:47,  1.92s/it]
  1%|▏         | 126/8682 [04:39<4:38:51,  1.96s/it]
  1%|▏         | 127/8682 [04:41<4:45:52,  2.00s/it]
  1%|▏         | 128/8682 [04:44<5:05:37,  2.14s/it]
  1%|▏         | 129/8682 [04:46<5:16:35,  2.22s/it]
  1%|▏         | 130/8682 [04:49<5:53:02,  2.48s/it]
  2%|▏         | 131/8682 [04:52<5:44:51,  2.42s/it]
  2%|▏         | 132/8682 [04:54<5:42:31,  2.40s/it]
  2%|▏         | 133/8682 [04:56<5:25:57,  2.29s/it]
  2%|▏         | 134/8682 [04:59<5:47:30,  2.44s/it]
  2%|▏         | 135/8682 [05:01<5:32:04,  2.33s/it]
  2%|▏         | 136/8682 [05:03<5:22:46,  2.27s/it]
  2%|▏         | 137/8682 [05:06<6:00:51,  2.53s/it]
  2%|▏         | 138/8682 [05:09<6:10:09,  2.60s/it]
  2%|▏         | 139/8682 [05:11<5:35:23,  2.36s/it]
  2%|▏         | 140/8682 [05:13<5:20:13,  2.25s/it]
  2%|▏         | 141/8682 [05:15<5:20:34,  2.25s/it]
  2%|▏         | 142/8682 [05:17<4:49:58,  2.04s/it]
  2%|▏         | 143/8682 [05:19<5:17:53,  2.23s/it]
  2%|▏         | 144/8682 [05:21<4:56:41,  2.08s/it]
  2%|▏         | 145/8682 [05:23<4:50:12,  2.04s/it]
  2%|▏         | 146/8682 [05:25<4:48:31,  2.03s/it]
  2%|▏         | 147/8682 [05:27<4:33:47,  1.92s/it]
  2%|▏         | 148/8682 [05:28<4:22:02,  1.84s/it]
  2%|▏         | 149/8682 [05:31<4:43:54,  2.00s/it]
  2%|▏         | 150/8682 [05:32<4:32:47,  1.92s/it]

{'loss': '15.06', 'grad_norm': '3.443', 'learning_rate': '2.854e-05', 'epoch': '0.05184'}

  2%|▏         | 150/8682 [05:32<4:32:47,  1.92s/it]
  2%|▏         | 151/8682 [05:35<4:58:29,  2.10s/it]
  2%|▏         | 152/8682 [05:37<5:06:56,  2.16s/it]
  2%|▏         | 153/8682 [05:39<5:03:26,  2.13s/it]
  2%|▏         | 154/8682 [05:42<5:11:56,  2.19s/it]
  2%|▏         | 155/8682 [05:44<5:20:26,  2.25s/it]
  2%|▏         | 156/8682 [05:46<4:57:08,  2.09s/it]
  2%|▏         | 157/8682 [05:48<4:56:32,  2.09s/it]
  2%|▏         | 158/8682 [05:50<4:45:07,  2.01s/it]
  2%|▏         | 159/8682 [05:51<4:39:40,  1.97s/it]
  2%|▏         | 160/8682 [05:54<4:58:08,  2.10s/it]
  2%|▏         | 161/8682 [05:56<4:41:24,  1.98s/it]
  2%|▏         | 162/8682 [05:57<4:38:08,  1.96s/it]
  2%|▏         | 163/8682 [06:00<4:50:10,  2.04s/it]
  2%|▏         | 164/8682 [06:02<5:07:41,  2.17s/it]
  2%|▏         | 165/8682 [06:04<4:54:24,  2.07s/it]
  2%|▏         | 166/8682 [06:06<4:35:38,  1.94s/it]
  2%|▏         | 167/8682 [06:08<4:47:33,  2.03s/it]
  2%|▏         | 168/8682 [06:10<4:44:36,  2.01s/it]
  2%|▏         | 169/8682 [06:12<4:39:58,  1.97s/it]
  2%|▏         | 170/8682 [06:14<4:30:58,  1.91s/it]
  2%|▏         | 171/8682 [06:16<4:43:43,  2.00s/it]
  2%|▏         | 172/8682 [06:19<5:17:11,  2.24s/it]
  2%|▏         | 173/8682 [06:20<4:49:57,  2.04s/it]
  2%|▏         | 174/8682 [06:22<4:27:10,  1.88s/it]
  2%|▏         | 175/8682 [06:24<4:38:15,  1.96s/it]
  2%|▏         | 176/8682 [06:25<4:22:44,  1.85s/it]
  2%|▏         | 177/8682 [06:28<4:54:28,  2.08s/it]
  2%|▏         | 178/8682 [06:30<4:50:55,  2.05s/it]
  2%|▏         | 179/8682 [06:32<5:01:41,  2.13s/it]
  2%|▏         | 180/8682 [06:34<4:42:45,  2.00s/it]
  2%|▏         | 181/8682 [06:36<4:55:56,  2.09s/it]
  2%|▏         | 182/8682 [06:38<4:56:36,  2.09s/it]
  2%|▏         | 183/8682 [06:40<4:46:18,  2.02s/it]
  2%|▏         | 184/8682 [06:43<5:26:43,  2.31s/it]
  2%|▏         | 185/8682 [06:45<5:12:30,  2.21s/it]
  2%|▏         | 186/8682 [06:47<5:15:37,  2.23s/it]
  2%|▏         | 187/8682 [06:50<5:46:13,  2.45s/it]
  2%|▏         | 188/8682 [06:53<5:41:08,  2.41s/it]
  2%|▏         | 189/8682 [06:55<5:41:01,  2.41s/it]
  2%|▏         | 190/8682 [06:57<5:15:22,  2.23s/it]
  2%|▏         | 191/8682 [06:59<5:18:29,  2.25s/it]
  2%|▏         | 192/8682 [07:01<5:03:30,  2.14s/it]
  2%|▏         | 193/8682 [07:03<5:02:59,  2.14s/it]
  2%|▏         | 194/8682 [07:05<4:58:12,  2.11s/it]
  2%|▏         | 195/8682 [07:08<5:17:18,  2.24s/it]
  2%|▏         | 196/8682 [07:10<5:18:38,  2.25s/it]
  2%|▏         | 197/8682 [07:12<4:49:13,  2.05s/it]
  2%|▏         | 198/8682 [07:14<5:07:40,  2.18s/it]
  2%|▏         | 199/8682 [07:17<5:18:18,  2.25s/it]
  2%|▏         | 200/8682 [07:19<5:34:59,  2.37s/it]

{'loss': '13.6', 'grad_norm': '3.019', 'learning_rate': '3.812e-05', 'epoch': '0.06912'}

  2%|▏         | 200/8682 [07:19<5:34:59,  2.37s/it]
  2%|▏         | 201/8682 [07:21<5:25:37,  2.30s/it]
  2%|▏         | 202/8682 [07:23<5:06:32,  2.17s/it]
  2%|▏         | 203/8682 [07:25<5:04:50,  2.16s/it]
  2%|▏         | 204/8682 [07:27<4:47:31,  2.03s/it]
  2%|▏         | 205/8682 [07:29<4:46:09,  2.03s/it]
  2%|▏         | 206/8682 [07:31<4:49:07,  2.05s/it]
  2%|▏         | 207/8682 [07:34<5:32:48,  2.36s/it]
  2%|▏         | 208/8682 [07:36<5:08:33,  2.18s/it]
  2%|▏         | 209/8682 [07:38<5:14:26,  2.23s/it]
  2%|▏         | 210/8682 [07:41<5:18:19,  2.25s/it]
  2%|▏         | 211/8682 [07:43<5:03:19,  2.15s/it]
  2%|▏         | 212/8682 [07:45<4:53:30,  2.08s/it]
  2%|▏         | 213/8682 [07:47<5:10:56,  2.20s/it]
  2%|▏         | 214/8682 [07:49<4:43:29,  2.01s/it]
  2%|▏         | 215/8682 [07:51<4:44:39,  2.02s/it]
  2%|▏         | 216/8682 [07:53<5:04:29,  2.16s/it]
  2%|▏         | 217/8682 [07:55<4:45:50,  2.03s/it]
  3%|▎         | 218/8682 [07:58<5:26:04,  2.31s/it]
  3%|▎         | 219/8682 [08:00<4:59:05,  2.12s/it]
  3%|▎         | 220/8682 [08:01<4:47:23,  2.04s/it]
  3%|▎         | 221/8682 [08:03<4:30:51,  1.92s/it]
  3%|▎         | 222/8682 [08:05<4:54:29,  2.09s/it]
  3%|▎         | 223/8682 [08:08<5:21:32,  2.28s/it]
  3%|▎         | 224/8682 [08:11<5:29:53,  2.34s/it]
  3%|▎         | 225/8682 [08:13<5:23:33,  2.30s/it]
  3%|▎         | 226/8682 [08:15<5:26:35,  2.32s/it]
  3%|▎         | 227/8682 [08:18<5:27:26,  2.32s/it]
  3%|▎         | 228/8682 [08:19<5:04:42,  2.16s/it]
  3%|▎         | 229/8682 [08:22<5:22:41,  2.29s/it]
  3%|▎         | 230/8682 [08:24<5:13:33,  2.23s/it]
  3%|▎         | 231/8682 [08:26<5:23:37,  2.30s/it]
  3%|▎         | 232/8682 [08:28<5:10:31,  2.20s/it]
  3%|▎         | 233/8682 [08:31<5:12:26,  2.22s/it]
  3%|▎         | 234/8682 [08:33<5:12:35,  2.22s/it]
  3%|▎         | 235/8682 [08:35<5:06:30,  2.18s/it]
  3%|▎         | 236/8682 [08:38<5:21:56,  2.29s/it]
  3%|▎         | 237/8682 [08:40<5:21:01,  2.28s/it]
  3%|▎         | 238/8682 [08:41<4:48:52,  2.05s/it]
  3%|▎         | 239/8682 [08:43<4:27:05,  1.90s/it]
  3%|▎         | 240/8682 [08:45<4:20:09,  1.85s/it]
  3%|▎         | 241/8682 [08:48<5:10:14,  2.21s/it]
  3%|▎         | 242/8682 [08:50<5:32:50,  2.37s/it]
  3%|▎         | 243/8682 [08:52<5:16:17,  2.25s/it]
  3%|▎         | 244/8682 [08:55<5:12:42,  2.22s/it]
  3%|▎         | 245/8682 [08:57<5:15:55,  2.25s/it]
  3%|▎         | 246/8682 [08:59<4:58:29,  2.12s/it]
  3%|▎         | 247/8682 [09:00<4:39:49,  1.99s/it]
  3%|▎         | 248/8682 [09:02<4:28:42,  1.91s/it]
  3%|▎         | 249/8682 [09:05<4:57:39,  2.12s/it]
  3%|▎         | 250/8682 [09:07<5:02:52,  2.16s/it]

{'loss': '12.36', 'grad_norm': '2.248', 'learning_rate': '4.77e-05', 'epoch': '0.0864'}

  3%|▎         | 250/8682 [09:07<5:02:52,  2.16s/it]
  3%|▎         | 251/8682 [09:09<5:14:23,  2.24s/it]
  3%|▎         | 252/8682 [09:12<5:17:47,  2.26s/it]
  3%|▎         | 253/8682 [09:15<5:51:32,  2.50s/it]
  3%|▎         | 254/8682 [09:16<5:16:45,  2.25s/it]
  3%|▎         | 255/8682 [09:18<4:52:39,  2.08s/it]
  3%|▎         | 256/8682 [09:20<4:58:16,  2.12s/it]
  3%|▎         | 257/8682 [09:23<5:08:47,  2.20s/it]
  3%|▎         | 258/8682 [09:25<5:31:30,  2.36s/it]
  3%|▎         | 259/8682 [09:27<5:17:58,  2.27s/it]
  3%|▎         | 260/8682 [09:29<4:54:29,  2.10s/it]
  3%|▎         | 261/8682 [09:31<5:02:02,  2.15s/it]
  3%|▎         | 262/8682 [09:33<4:45:19,  2.03s/it]
  3%|▎         | 263/8682 [09:36<4:58:26,  2.13s/it]
  3%|▎         | 264/8682 [09:38<5:14:44,  2.24s/it]
  3%|▎         | 265/8682 [09:40<4:52:05,  2.08s/it]
  3%|▎         | 266/8682 [09:41<4:31:11,  1.93s/it]
  3%|▎         | 267/8682 [09:43<4:35:14,  1.96s/it]
  3%|▎         | 268/8682 [09:45<4:29:04,  1.92s/it]
  3%|▎         | 269/8682 [09:48<4:53:04,  2.09s/it]
  3%|▎         | 270/8682 [09:50<5:02:28,  2.16s/it]
  3%|▎         | 271/8682 [09:52<5:05:23,  2.18s/it]
  3%|▎         | 272/8682 [09:55<5:10:11,  2.21s/it]
  3%|▎         | 273/8682 [09:57<5:09:27,  2.21s/it]
  3%|▎         | 274/8682 [09:59<5:05:15,  2.18s/it]
  3%|▎         | 275/8682 [10:01<5:07:02,  2.19s/it]
  3%|▎         | 276/8682 [10:04<5:19:33,  2.28s/it]
  3%|▎         | 277/8682 [10:06<5:33:50,  2.38s/it]
  3%|▎         | 278/8682 [10:08<5:27:03,  2.34s/it]
  3%|▎         | 279/8682 [10:11<5:28:13,  2.34s/it]
  3%|▎         | 280/8682 [10:12<5:01:09,  2.15s/it]
  3%|▎         | 281/8682 [10:14<4:34:29,  1.96s/it]
  3%|▎         | 282/8682 [10:16<4:49:50,  2.07s/it]
  3%|▎         | 283/8682 [10:19<5:04:20,  2.17s/it]
  3%|▎         | 284/8682 [10:21<4:50:51,  2.08s/it]
  3%|▎         | 285/8682 [10:22<4:32:14,  1.95s/it]
  3%|▎         | 286/8682 [10:24<4:35:07,  1.97s/it]
  3%|▎         | 287/8682 [10:26<4:38:25,  1.99s/it]
  3%|▎         | 288/8682 [10:29<4:49:13,  2.07s/it]
  3%|▎         | 289/8682 [10:30<4:43:29,  2.03s/it]
  3%|▎         | 290/8682 [10:33<5:10:13,  2.22s/it]
  3%|▎         | 291/8682 [10:35<4:58:19,  2.13s/it]
  3%|▎         | 292/8682 [10:37<4:43:47,  2.03s/it]
  3%|▎         | 293/8682 [10:40<5:24:01,  2.32s/it]
  3%|▎         | 294/8682 [10:42<5:19:23,  2.28s/it]
  3%|▎         | 295/8682 [10:44<4:58:47,  2.14s/it]
  3%|▎         | 296/8682 [10:46<4:52:53,  2.10s/it]
  3%|▎         | 297/8682 [10:49<5:27:42,  2.34s/it]
  3%|▎         | 298/8682 [10:51<5:16:42,  2.27s/it]
  3%|▎         | 299/8682 [10:53<5:01:12,  2.16s/it]
  3%|▎         | 300/8682 [10:55<5:07:36,  2.20s/it]

{'loss': '11.35', 'grad_norm': '2.297', 'learning_rate': '5e-05', 'epoch': '0.1037'}

  3%|▎         | 300/8682 [10:55<5:07:36,  2.20s/it]
  3%|▎         | 301/8682 [10:57<5:15:49,  2.26s/it]
  3%|▎         | 302/8682 [10:59<5:06:16,  2.19s/it]
  3%|▎         | 303/8682 [11:02<5:27:23,  2.34s/it]
  4%|▎         | 304/8682 [11:05<5:50:18,  2.51s/it]
  4%|▎         | 305/8682 [11:07<5:40:00,  2.44s/it]
  4%|▎         | 306/8682 [11:10<5:52:20,  2.52s/it]
  4%|▎         | 307/8682 [11:13<5:55:43,  2.55s/it]
  4%|▎         | 308/8682 [11:15<5:37:30,  2.42s/it]
  4%|▎         | 309/8682 [11:17<5:30:34,  2.37s/it]
  4%|▎         | 310/8682 [11:19<5:18:11,  2.28s/it]
  4%|▎         | 311/8682 [11:21<5:13:24,  2.25s/it]
  4%|▎         | 312/8682 [11:24<5:24:27,  2.33s/it]
  4%|▎         | 313/8682 [11:25<4:54:32,  2.11s/it]
  4%|▎         | 314/8682 [11:27<4:26:42,  1.91s/it]
  4%|▎         | 315/8682 [11:29<4:17:46,  1.85s/it]
  4%|▎         | 316/8682 [11:31<5:01:30,  2.16s/it]
  4%|▎         | 317/8682 [11:33<4:46:26,  2.05s/it]
  4%|▎         | 318/8682 [11:36<4:55:18,  2.12s/it]
  4%|▎         | 319/8682 [11:38<4:50:05,  2.08s/it]
  4%|▎         | 320/8682 [11:40<5:17:36,  2.28s/it]
  4%|▎         | 321/8682 [11:43<5:23:21,  2.32s/it]
  4%|▎         | 322/8682 [11:45<5:13:49,  2.25s/it]
  4%|▎         | 323/8682 [11:47<5:04:50,  2.19s/it]
  4%|▎         | 324/8682 [11:50<5:25:55,  2.34s/it]
  4%|▎         | 325/8682 [11:51<5:10:46,  2.23s/it]
  4%|▍         | 326/8682 [11:53<4:50:44,  2.09s/it]
  4%|▍         | 327/8682 [11:55<4:35:18,  1.98s/it]
  4%|▍         | 328/8682 [11:57<4:24:45,  1.90s/it]
  4%|▍         | 329/8682 [11:59<4:50:19,  2.09s/it]
  4%|▍         | 330/8682 [12:01<4:51:15,  2.09s/it]
  4%|▍         | 331/8682 [12:03<4:31:59,  1.95s/it]
  4%|▍         | 332/8682 [12:05<4:23:48,  1.90s/it]
  4%|▍         | 333/8682 [12:07<4:41:13,  2.02s/it]
  4%|▍         | 334/8682 [12:09<4:45:08,  2.05s/it]
  4%|▍         | 335/8682 [12:12<5:21:54,  2.31s/it]
  4%|▍         | 336/8682 [12:14<5:03:38,  2.18s/it]
  4%|▍         | 337/8682 [12:16<5:04:09,  2.19s/it]
  4%|▍         | 338/8682 [12:18<4:53:26,  2.11s/it]
  4%|▍         | 339/8682 [12:20<4:50:53,  2.09s/it]
  4%|▍         | 340/8682 [12:22<4:46:41,  2.06s/it]
  4%|▍         | 341/8682 [12:24<4:30:52,  1.95s/it]
  4%|▍         | 342/8682 [12:26<4:41:07,  2.02s/it]
  4%|▍         | 343/8682 [12:28<4:48:26,  2.08s/it]
  4%|▍         | 344/8682 [12:30<4:56:14,  2.13s/it]
  4%|▍         | 345/8682 [12:33<5:10:23,  2.23s/it]
  4%|▍         | 346/8682 [12:35<5:13:24,  2.26s/it]
  4%|▍         | 347/8682 [12:37<5:09:45,  2.23s/it]
  4%|▍         | 348/8682 [12:39<4:45:52,  2.06s/it]
  4%|▍         | 349/8682 [12:41<4:50:13,  2.09s/it]
  4%|▍         | 350/8682 [12:43<4:46:20,  2.06s/it]

{'loss': '10.6', 'grad_norm': '2.322', 'learning_rate': '4.999e-05', 'epoch': '0.121'}

  4%|▍         | 350/8682 [12:43<4:46:20,  2.06s/it]
  4%|▍         | 351/8682 [12:45<4:34:29,  1.98s/it]
  4%|▍         | 352/8682 [12:47<4:38:40,  2.01s/it]
  4%|▍         | 353/8682 [12:49<4:45:07,  2.05s/it]
  4%|▍         | 354/8682 [12:52<4:59:36,  2.16s/it]
  4%|▍         | 355/8682 [12:54<5:22:03,  2.32s/it]
  4%|▍         | 356/8682 [12:56<5:14:17,  2.26s/it]
  4%|▍         | 357/8682 [12:59<5:16:06,  2.28s/it]
  4%|▍         | 358/8682 [13:00<4:51:43,  2.10s/it]
  4%|▍         | 359/8682 [13:02<4:27:56,  1.93s/it]
  4%|▍         | 360/8682 [13:04<4:40:55,  2.03s/it]
  4%|▍         | 361/8682 [13:06<4:42:38,  2.04s/it]
  4%|▍         | 362/8682 [13:08<4:24:01,  1.90s/it]
  4%|▍         | 363/8682 [13:10<4:37:19,  2.00s/it]
  4%|▍         | 364/8682 [13:12<4:37:51,  2.00s/it]
  4%|▍         | 365/8682 [13:15<4:53:07,  2.11s/it]
  4%|▍         | 366/8682 [13:17<4:58:32,  2.15s/it]
  4%|▍         | 367/8682 [13:20<5:27:23,  2.36s/it]
  4%|▍         | 368/8682 [13:21<5:02:59,  2.19s/it]
  4%|▍         | 369/8682 [13:24<5:24:44,  2.34s/it]
  4%|▍         | 370/8682 [13:27<5:37:33,  2.44s/it]
  4%|▍         | 371/8682 [13:29<5:23:55,  2.34s/it]
  4%|▍         | 372/8682 [13:30<4:54:07,  2.12s/it]
  4%|▍         | 373/8682 [13:33<4:50:24,  2.10s/it]
  4%|▍         | 374/8682 [13:35<5:25:57,  2.35s/it]
  4%|▍         | 375/8682 [13:38<5:23:57,  2.34s/it]
  4%|▍         | 376/8682 [13:39<4:50:57,  2.10s/it]
  4%|▍         | 377/8682 [13:41<4:44:14,  2.05s/it]
  4%|▍         | 378/8682 [13:43<4:46:42,  2.07s/it]
  4%|▍         | 379/8682 [13:45<4:29:06,  1.94s/it]
  4%|▍         | 380/8682 [13:47<4:40:48,  2.03s/it]
  4%|▍         | 381/8682 [13:50<4:51:43,  2.11s/it]
  4%|▍         | 382/8682 [13:52<5:24:49,  2.35s/it]
  4%|▍         | 383/8682 [13:55<5:12:52,  2.26s/it]
  4%|▍         | 384/8682 [13:57<5:41:08,  2.47s/it]
  4%|▍         | 385/8682 [14:00<5:47:55,  2.52s/it]
  4%|▍         | 386/8682 [14:03<6:06:21,  2.65s/it]
  4%|▍         | 387/8682 [14:05<5:24:42,  2.35s/it]
  4%|▍         | 388/8682 [14:07<5:26:04,  2.36s/it]
  4%|▍         | 389/8682 [14:09<4:58:42,  2.16s/it]
  4%|▍         | 390/8682 [14:11<4:51:20,  2.11s/it]
  5%|▍         | 391/8682 [14:13<5:02:23,  2.19s/it]
  5%|▍         | 392/8682 [14:15<5:05:33,  2.21s/it]
  5%|▍         | 393/8682 [14:18<5:27:56,  2.37s/it]
  5%|▍         | 394/8682 [14:20<5:00:02,  2.17s/it]
  5%|▍         | 395/8682 [14:22<4:42:39,  2.05s/it]
  5%|▍         | 396/8682 [14:24<5:09:55,  2.24s/it]
  5%|▍         | 397/8682 [14:27<5:29:36,  2.39s/it]
  5%|▍         | 398/8682 [14:29<5:22:47,  2.34s/it]
  5%|▍         | 399/8682 [14:31<5:07:42,  2.23s/it]
  5%|▍         | 400/8682 [14:33<4:56:55,  2.15s/it]

{'loss': '10.02', 'grad_norm': '2.343', 'learning_rate': '4.997e-05', 'epoch': '0.1382'}

  5%|▍         | 400/8682 [14:33<4:56:55,  2.15s/it]
  5%|▍         | 401/8682 [14:36<5:03:25,  2.20s/it]
  5%|▍         | 402/8682 [14:38<4:55:31,  2.14s/it]
  5%|▍         | 403/8682 [14:40<5:06:20,  2.22s/it]
  5%|▍         | 404/8682 [14:42<5:17:00,  2.30s/it]
  5%|▍         | 405/8682 [14:45<5:30:44,  2.40s/it]
  5%|▍         | 406/8682 [14:47<5:02:34,  2.19s/it]
  5%|▍         | 407/8682 [14:49<5:24:30,  2.35s/it]
  5%|▍         | 408/8682 [14:52<5:17:08,  2.30s/it]
  5%|▍         | 409/8682 [14:54<5:13:24,  2.27s/it]
  5%|▍         | 410/8682 [14:56<5:00:22,  2.18s/it]
  5%|▍         | 411/8682 [14:58<4:47:29,  2.09s/it]
  5%|▍         | 412/8682 [15:01<5:28:18,  2.38s/it]
  5%|▍         | 413/8682 [15:03<5:31:33,  2.41s/it]
  5%|▍         | 414/8682 [15:06<5:36:47,  2.44s/it]
  5%|▍         | 415/8682 [15:09<5:59:30,  2.61s/it]
  5%|▍         | 416/8682 [15:11<5:36:52,  2.45s/it]
  5%|▍         | 417/8682 [15:13<5:23:07,  2.35s/it]
  5%|▍         | 418/8682 [15:15<5:02:48,  2.20s/it]
  5%|▍         | 419/8682 [15:17<5:09:26,  2.25s/it]
  5%|▍         | 420/8682 [15:19<5:07:48,  2.24s/it]
  5%|▍         | 421/8682 [15:22<5:25:51,  2.37s/it]
  5%|▍         | 422/8682 [15:24<4:58:21,  2.17s/it]
  5%|▍         | 423/8682 [15:25<4:37:29,  2.02s/it]
  5%|▍         | 424/8682 [15:28<5:10:08,  2.25s/it]
  5%|▍         | 425/8682 [15:31<5:27:18,  2.38s/it]
  5%|▍         | 426/8682 [15:33<5:26:51,  2.38s/it]
  5%|▍         | 427/8682 [15:36<5:33:48,  2.43s/it]
  5%|▍         | 428/8682 [15:38<5:18:25,  2.31s/it]
  5%|▍         | 429/8682 [15:40<4:54:08,  2.14s/it]
  5%|▍         | 430/8682 [15:42<5:19:26,  2.32s/it]
  5%|▍         | 431/8682 [15:44<4:44:37,  2.07s/it]
  5%|▍         | 432/8682 [15:46<4:46:55,  2.09s/it]
  5%|▍         | 433/8682 [15:49<5:24:02,  2.36s/it]
  5%|▍         | 434/8682 [15:51<5:05:23,  2.22s/it]
  5%|▌         | 435/8682 [15:53<5:09:06,  2.25s/it]
  5%|▌         | 436/8682 [15:55<4:55:34,  2.15s/it]
  5%|▌         | 437/8682 [15:58<5:26:37,  2.38s/it]
  5%|▌         | 438/8682 [16:00<5:19:52,  2.33s/it]
  5%|▌         | 439/8682 [16:02<4:49:26,  2.11s/it]
  5%|▌         | 440/8682 [16:04<4:58:29,  2.17s/it]
  5%|▌         | 441/8682 [16:06<4:59:44,  2.18s/it]
  5%|▌         | 442/8682 [16:08<5:00:16,  2.19s/it]
  5%|▌         | 443/8682 [16:10<4:49:18,  2.11s/it]
  5%|▌         | 444/8682 [16:12<4:28:42,  1.96s/it]
  5%|▌         | 445/8682 [16:14<4:32:46,  1.99s/it]
  5%|▌         | 446/8682 [16:16<4:45:49,  2.08s/it]
  5%|▌         | 447/8682 [16:18<4:46:00,  2.08s/it]
  5%|▌         | 448/8682 [16:20<4:27:53,  1.95s/it]
  5%|▌         | 449/8682 [16:23<4:59:21,  2.18s/it]
  5%|▌         | 450/8682 [16:26<5:29:13,  2.40s/it]

{'loss': '9.51', 'grad_norm': '2.381', 'learning_rate': '4.994e-05', 'epoch': '0.1555'}

  5%|▌         | 450/8682 [16:26<5:29:13,  2.40s/it]
  5%|▌         | 451/8682 [16:27<4:59:06,  2.18s/it]
  5%|▌         | 452/8682 [16:30<5:05:58,  2.23s/it]
  5%|▌         | 453/8682 [16:32<4:53:15,  2.14s/it]
  5%|▌         | 454/8682 [16:34<4:46:16,  2.09s/it]
  5%|▌         | 455/8682 [16:36<4:58:13,  2.18s/it]
  5%|▌         | 456/8682 [16:38<5:06:16,  2.23s/it]
  5%|▌         | 457/8682 [16:40<4:58:58,  2.18s/it]
  5%|▌         | 458/8682 [16:42<4:43:43,  2.07s/it]
  5%|▌         | 459/8682 [16:45<4:55:58,  2.16s/it]
  5%|▌         | 460/8682 [16:47<4:49:49,  2.12s/it]
  5%|▌         | 461/8682 [16:49<4:58:47,  2.18s/it]
  5%|▌         | 462/8682 [16:51<4:57:52,  2.17s/it]
  5%|▌         | 463/8682 [16:53<4:40:10,  2.05s/it]
  5%|▌         | 464/8682 [16:55<4:43:51,  2.07s/it]
  5%|▌         | 465/8682 [16:57<4:45:00,  2.08s/it]
  5%|▌         | 466/8682 [16:59<4:51:17,  2.13s/it]
  5%|▌         | 467/8682 [17:02<4:52:51,  2.14s/it]
  5%|▌         | 468/8682 [17:03<4:33:08,  2.00s/it]
  5%|▌         | 469/8682 [17:06<4:57:52,  2.18s/it]
  5%|▌         | 470/8682 [17:08<5:06:56,  2.24s/it]
  5%|▌         | 471/8682 [17:10<5:08:35,  2.26s/it]
  5%|▌         | 472/8682 [17:13<5:08:27,  2.25s/it]
  5%|▌         | 473/8682 [17:15<4:51:22,  2.13s/it]
  5%|▌         | 474/8682 [17:17<5:06:46,  2.24s/it]
  5%|▌         | 475/8682 [17:19<5:07:54,  2.25s/it]
  5%|▌         | 476/8682 [17:21<4:55:49,  2.16s/it]
  5%|▌         | 477/8682 [17:23<4:56:30,  2.17s/it]
  6%|▌         | 478/8682 [17:25<4:38:20,  2.04s/it]
  6%|▌         | 479/8682 [17:28<5:05:16,  2.23s/it]
  6%|▌         | 480/8682 [17:30<4:42:30,  2.07s/it]
  6%|▌         | 481/8682 [17:31<4:25:48,  1.94s/it]
  6%|▌         | 482/8682 [17:33<4:24:19,  1.93s/it]
  6%|▌         | 483/8682 [17:35<4:25:39,  1.94s/it]
  6%|▌         | 484/8682 [17:37<4:39:44,  2.05s/it]
  6%|▌         | 485/8682 [17:40<5:06:52,  2.25s/it]
  6%|▌         | 486/8682 [17:42<4:50:59,  2.13s/it]
  6%|▌         | 487/8682 [17:44<4:39:19,  2.05s/it]
  6%|▌         | 488/8682 [17:46<4:41:46,  2.06s/it]
  6%|▌         | 489/8682 [17:48<4:23:28,  1.93s/it]
  6%|▌         | 490/8682 [17:50<4:34:27,  2.01s/it]
  6%|▌         | 491/8682 [17:52<4:29:52,  1.98s/it]
  6%|▌         | 492/8682 [17:54<4:31:05,  1.99s/it]
  6%|▌         | 493/8682 [17:56<4:45:17,  2.09s/it]
  6%|▌         | 494/8682 [17:58<4:30:03,  1.98s/it]
  6%|▌         | 495/8682 [18:00<5:03:15,  2.22s/it]
  6%|▌         | 496/8682 [18:03<5:19:31,  2.34s/it]
  6%|▌         | 497/8682 [18:05<5:07:35,  2.25s/it]
  6%|▌         | 498/8682 [18:07<4:45:21,  2.09s/it]
  6%|▌         | 499/8682 [18:09<5:01:34,  2.21s/it]
  6%|▌         | 500/8682 [18:11<4:55:14,  2.17s/it]

{'loss': '9.067', 'grad_norm': '2.39', 'learning_rate': '4.99e-05', 'epoch': '0.1728'}

  6%|▌         | 500/8682 [18:11<4:55:14,  2.17s/it]
  6%|▌         | 501/8682 [18:13<4:34:16,  2.01s/it]
  6%|▌         | 502/8682 [18:16<5:01:46,  2.21s/it]
  6%|▌         | 503/8682 [18:18<4:43:33,  2.08s/it]
  6%|▌         | 504/8682 [18:21<5:22:03,  2.36s/it]
  6%|▌         | 505/8682 [18:22<4:51:34,  2.14s/it]
  6%|▌         | 506/8682 [18:24<4:29:38,  1.98s/it]
  6%|▌         | 507/8682 [18:26<4:50:25,  2.13s/it]
  6%|▌         | 508/8682 [18:29<4:56:22,  2.18s/it]
  6%|▌         | 509/8682 [18:31<5:11:00,  2.28s/it]
  6%|▌         | 510/8682 [18:33<4:50:24,  2.13s/it]
  6%|▌         | 511/8682 [18:34<4:29:13,  1.98s/it]
  6%|▌         | 512/8682 [18:37<4:48:02,  2.12s/it]
  6%|▌         | 513/8682 [18:39<4:56:07,  2.17s/it]
  6%|▌         | 514/8682 [18:41<4:35:18,  2.02s/it]
  6%|▌         | 515/8682 [18:43<4:43:35,  2.08s/it]
  6%|▌         | 516/8682 [18:46<5:21:29,  2.36s/it]
  6%|▌         | 517/8682 [18:48<5:15:51,  2.32s/it]
  6%|▌         | 518/8682 [18:50<4:54:24,  2.16s/it]
  6%|▌         | 519/8682 [18:52<4:42:11,  2.07s/it]
  6%|▌         | 520/8682 [18:54<4:22:12,  1.93s/it]
  6%|▌         | 521/8682 [18:56<4:28:43,  1.98s/it]
  6%|▌         | 522/8682 [18:59<5:09:23,  2.27s/it]
  6%|▌         | 523/8682 [19:01<5:10:56,  2.29s/it]
  6%|▌         | 524/8682 [19:03<5:04:59,  2.24s/it]
  6%|▌         | 525/8682 [19:05<4:37:19,  2.04s/it]
  6%|▌         | 526/8682 [19:07<4:45:16,  2.10s/it]
  6%|▌         | 527/8682 [19:09<4:40:16,  2.06s/it]
  6%|▌         | 528/8682 [19:11<4:43:36,  2.09s/it]
  6%|▌         | 529/8682 [19:13<4:27:19,  1.97s/it]
  6%|▌         | 530/8682 [19:15<4:41:28,  2.07s/it]
  6%|▌         | 531/8682 [19:18<5:08:29,  2.27s/it]
  6%|▌         | 532/8682 [19:21<5:38:31,  2.49s/it]
  6%|▌         | 533/8682 [19:23<5:32:08,  2.45s/it]
  6%|▌         | 534/8682 [19:25<5:21:40,  2.37s/it]
  6%|▌         | 535/8682 [19:27<4:49:41,  2.13s/it]
  6%|▌         | 536/8682 [19:29<4:58:46,  2.20s/it]
  6%|▌         | 537/8682 [19:32<5:05:52,  2.25s/it]
  6%|▌         | 538/8682 [19:34<5:19:44,  2.36s/it]
  6%|▌         | 539/8682 [19:36<5:16:31,  2.33s/it]
  6%|▌         | 540/8682 [19:39<5:14:12,  2.32s/it]
  6%|▌         | 541/8682 [19:41<5:26:28,  2.41s/it]
  6%|▌         | 542/8682 [19:43<4:54:50,  2.17s/it]
  6%|▋         | 543/8682 [19:45<4:53:37,  2.16s/it]
  6%|▋         | 544/8682 [19:47<4:54:22,  2.17s/it]
  6%|▋         | 545/8682 [19:50<5:07:34,  2.27s/it]
  6%|▋         | 546/8682 [19:52<5:02:32,  2.23s/it]
  6%|▋         | 547/8682 [19:55<5:21:16,  2.37s/it]
  6%|▋         | 548/8682 [19:57<5:19:09,  2.35s/it]
  6%|▋         | 549/8682 [19:59<4:53:22,  2.16s/it]
  6%|▋         | 550/8682 [20:01<4:46:42,  2.12s/it]

{'loss': '8.662', 'grad_norm': '2.377', 'learning_rate': '4.986e-05', 'epoch': '0.1901'}

  6%|▋         | 550/8682 [20:01<4:46:42,  2.12s/it]
  6%|▋         | 551/8682 [20:03<4:36:54,  2.04s/it]
  6%|▋         | 552/8682 [20:05<4:54:18,  2.17s/it]
  6%|▋         | 553/8682 [20:07<4:34:39,  2.03s/it]
  6%|▋         | 554/8682 [20:10<5:17:05,  2.34s/it]
  6%|▋         | 555/8682 [20:12<5:17:29,  2.34s/it]
  6%|▋         | 556/8682 [20:14<4:56:33,  2.19s/it]
  6%|▋         | 557/8682 [20:16<4:40:02,  2.07s/it]
  6%|▋         | 558/8682 [20:18<4:45:55,  2.11s/it]
  6%|▋         | 559/8682 [20:20<4:25:46,  1.96s/it]
  6%|▋         | 560/8682 [20:21<4:07:18,  1.83s/it]
  6%|▋         | 561/8682 [20:23<4:23:44,  1.95s/it]
  6%|▋         | 562/8682 [20:25<4:24:08,  1.95s/it]
  6%|▋         | 563/8682 [20:27<4:23:37,  1.95s/it]
  6%|▋         | 564/8682 [20:29<4:17:37,  1.90s/it]
  7%|▋         | 565/8682 [20:31<4:23:02,  1.94s/it]
  7%|▋         | 566/8682 [20:33<4:15:28,  1.89s/it]
  7%|▋         | 567/8682 [20:35<4:21:16,  1.93s/it]
  7%|▋         | 568/8682 [20:37<4:19:44,  1.92s/it]
  7%|▋         | 569/8682 [20:39<4:13:27,  1.87s/it]
  7%|▋         | 570/8682 [20:41<4:28:53,  1.99s/it]
  7%|▋         | 571/8682 [20:43<4:41:22,  2.08s/it]
  7%|▋         | 572/8682 [20:45<4:24:02,  1.95s/it]
  7%|▋         | 573/8682 [20:47<4:45:39,  2.11s/it]
  7%|▋         | 574/8682 [20:50<4:55:08,  2.18s/it]
  7%|▋         | 575/8682 [20:51<4:42:06,  2.09s/it]
  7%|▋         | 576/8682 [20:53<4:26:27,  1.97s/it]
  7%|▋         | 577/8682 [20:55<4:36:17,  2.05s/it]
  7%|▋         | 578/8682 [20:58<4:41:22,  2.08s/it]
  7%|▋         | 579/8682 [20:59<4:19:36,  1.92s/it]
  7%|▋         | 580/8682 [21:01<4:38:42,  2.06s/it]
  7%|▋         | 581/8682 [21:04<5:13:03,  2.32s/it]
  7%|▋         | 582/8682 [21:07<5:05:30,  2.26s/it]
  7%|▋         | 583/8682 [21:10<5:35:08,  2.48s/it]
  7%|▋         | 584/8682 [21:12<5:29:58,  2.44s/it]
  7%|▋         | 585/8682 [21:14<5:27:30,  2.43s/it]
  7%|▋         | 586/8682 [21:17<5:31:55,  2.46s/it]
  7%|▋         | 587/8682 [21:19<5:19:50,  2.37s/it]
  7%|▋         | 588/8682 [21:21<4:48:01,  2.14s/it]
  7%|▋         | 589/8682 [21:23<4:50:07,  2.15s/it]
  7%|▋         | 590/8682 [21:25<4:55:32,  2.19s/it]
  7%|▋         | 591/8682 [21:27<4:46:41,  2.13s/it]
  7%|▋         | 592/8682 [21:28<4:19:12,  1.92s/it]
  7%|▋         | 593/8682 [21:31<4:36:42,  2.05s/it]
  7%|▋         | 594/8682 [21:33<4:49:08,  2.14s/it]
  7%|▋         | 595/8682 [21:35<4:32:48,  2.02s/it]
  7%|▋         | 596/8682 [21:37<4:26:53,  1.98s/it]
  7%|▋         | 597/8682 [21:39<4:46:54,  2.13s/it]
  7%|▋         | 598/8682 [21:41<4:19:40,  1.93s/it]
  7%|▋         | 599/8682 [21:44<4:56:20,  2.20s/it]
  7%|▋         | 600/8682 [21:45<4:36:26,  2.05s/it]

{'loss': '8.29', 'grad_norm': '2.385', 'learning_rate': '4.98e-05', 'epoch': '0.2074'}

  7%|▋         | 600/8682 [21:45<4:36:26,  2.05s/it]
  7%|▋         | 601/8682 [21:48<5:03:03,  2.25s/it]
  7%|▋         | 602/8682 [21:50<4:45:34,  2.12s/it]
  7%|▋         | 603/8682 [21:53<5:21:56,  2.39s/it]
  7%|▋         | 604/8682 [21:55<5:26:45,  2.43s/it]
  7%|▋         | 605/8682 [21:57<5:08:52,  2.29s/it]
  7%|▋         | 606/8682 [22:00<5:19:52,  2.38s/it]
  7%|▋         | 607/8682 [22:02<5:20:32,  2.38s/it]
  7%|▋         | 608/8682 [22:04<5:11:14,  2.31s/it]
  7%|▋         | 609/8682 [22:07<5:09:35,  2.30s/it]
  7%|▋         | 610/8682 [22:09<5:27:18,  2.43s/it]
  7%|▋         | 611/8682 [22:12<5:14:27,  2.34s/it]
  7%|▋         | 612/8682 [22:14<5:09:54,  2.30s/it]
  7%|▋         | 613/8682 [22:16<5:12:45,  2.33s/it]
  7%|▋         | 614/8682 [22:19<5:20:54,  2.39s/it]
  7%|▋         | 615/8682 [22:21<4:59:02,  2.22s/it]
  7%|▋         | 616/8682 [22:23<5:08:25,  2.29s/it]
  7%|▋         | 617/8682 [22:25<4:46:03,  2.13s/it]
  7%|▋         | 618/8682 [22:28<5:21:12,  2.39s/it]
  7%|▋         | 619/8682 [22:29<4:51:52,  2.17s/it]
  7%|▋         | 620/8682 [22:31<4:21:59,  1.95s/it]
  7%|▋         | 621/8682 [22:33<4:15:41,  1.90s/it]
  7%|▋         | 622/8682 [22:35<4:26:29,  1.98s/it]
  7%|▋         | 623/8682 [22:37<4:19:21,  1.93s/it]
  7%|▋         | 624/8682 [22:39<4:27:36,  1.99s/it]
  7%|▋         | 625/8682 [22:40<4:14:57,  1.90s/it]
  7%|▋         | 626/8682 [22:43<4:56:25,  2.21s/it]
  7%|▋         | 627/8682 [22:45<4:41:15,  2.10s/it]
  7%|▋         | 628/8682 [22:48<4:51:45,  2.17s/it]
  7%|▋         | 629/8682 [22:50<5:18:50,  2.38s/it]
  7%|▋         | 630/8682 [22:52<4:52:19,  2.18s/it]
  7%|▋         | 631/8682 [22:54<4:31:27,  2.02s/it]
  7%|▋         | 632/8682 [22:56<4:49:00,  2.15s/it]
  7%|▋         | 633/8682 [22:58<4:50:54,  2.17s/it]
  7%|▋         | 634/8682 [23:01<5:03:15,  2.26s/it]
  7%|▋         | 635/8682 [23:03<5:08:41,  2.30s/it]
  7%|▋         | 636/8682 [23:05<4:45:15,  2.13s/it]
  7%|▋         | 637/8682 [23:07<4:30:26,  2.02s/it]
  7%|▋         | 638/8682 [23:09<4:53:17,  2.19s/it]
  7%|▋         | 639/8682 [23:12<5:27:11,  2.44s/it]
  7%|▋         | 640/8682 [23:15<5:19:22,  2.38s/it]
  7%|▋         | 641/8682 [23:17<5:12:55,  2.33s/it]
  7%|▋         | 642/8682 [23:19<4:44:52,  2.13s/it]
  7%|▋         | 643/8682 [23:20<4:34:54,  2.05s/it]
  7%|▋         | 644/8682 [23:22<4:18:12,  1.93s/it]
  7%|▋         | 645/8682 [23:24<4:20:18,  1.94s/it]
  7%|▋         | 646/8682 [23:26<4:19:25,  1.94s/it]
  7%|▋         | 647/8682 [23:28<4:39:35,  2.09s/it]
  7%|▋         | 648/8682 [23:30<4:39:25,  2.09s/it]
  7%|▋         | 649/8682 [23:32<4:30:54,  2.02s/it]
  7%|▋         | 650/8682 [23:35<5:04:29,  2.27s/it]

{'loss': '7.938', 'grad_norm': '2.372', 'learning_rate': '4.974e-05', 'epoch': '0.2246'}

  7%|▋         | 650/8682 [23:35<5:04:29,  2.27s/it]
  7%|▋         | 651/8682 [23:38<5:07:03,  2.29s/it]
  8%|▊         | 652/8682 [23:40<5:02:26,  2.26s/it]
  8%|▊         | 653/8682 [23:42<5:11:51,  2.33s/it]
  8%|▊         | 654/8682 [23:44<4:52:48,  2.19s/it]
  8%|▊         | 655/8682 [23:46<4:55:35,  2.21s/it]
  8%|▊         | 656/8682 [23:48<4:41:31,  2.10s/it]
  8%|▊         | 657/8682 [23:50<4:30:13,  2.02s/it]
  8%|▊         | 658/8682 [23:52<4:41:34,  2.11s/it]
  8%|▊         | 659/8682 [23:54<4:22:37,  1.96s/it]
  8%|▊         | 660/8682 [23:57<4:52:21,  2.19s/it]
  8%|▊         | 661/8682 [23:59<4:59:06,  2.24s/it]
  8%|▊         | 662/8682 [24:01<4:46:18,  2.14s/it]
  8%|▊         | 663/8682 [24:03<4:50:08,  2.17s/it]
  8%|▊         | 664/8682 [24:05<4:51:01,  2.18s/it]
  8%|▊         | 665/8682 [24:07<4:34:55,  2.06s/it]
  8%|▊         | 666/8682 [24:09<4:41:00,  2.10s/it]
  8%|▊         | 667/8682 [24:11<4:41:42,  2.11s/it]
  8%|▊         | 668/8682 [24:14<4:52:45,  2.19s/it]
  8%|▊         | 669/8682 [24:16<5:05:11,  2.29s/it]
  8%|▊         | 670/8682 [24:19<5:03:08,  2.27s/it]
  8%|▊         | 671/8682 [24:21<5:04:49,  2.28s/it]
  8%|▊         | 672/8682 [24:22<4:37:03,  2.08s/it]
  8%|▊         | 673/8682 [24:24<4:22:30,  1.97s/it]
  8%|▊         | 674/8682 [24:26<4:18:55,  1.94s/it]
  8%|▊         | 675/8682 [24:28<4:12:17,  1.89s/it]
  8%|▊         | 676/8682 [24:30<4:16:44,  1.92s/it]
  8%|▊         | 677/8682 [24:31<4:04:01,  1.83s/it]
  8%|▊         | 678/8682 [24:33<4:11:40,  1.89s/it]
  8%|▊         | 679/8682 [24:35<4:13:45,  1.90s/it]
  8%|▊         | 680/8682 [24:37<4:08:41,  1.86s/it]
  8%|▊         | 681/8682 [24:39<4:15:05,  1.91s/it]
  8%|▊         | 682/8682 [24:41<4:27:17,  2.00s/it]
  8%|▊         | 683/8682 [24:43<4:19:32,  1.95s/it]
  8%|▊         | 684/8682 [24:45<4:04:20,  1.83s/it]
  8%|▊         | 685/8682 [24:48<4:47:29,  2.16s/it]
  8%|▊         | 686/8682 [24:50<4:37:00,  2.08s/it]
  8%|▊         | 687/8682 [24:51<4:15:29,  1.92s/it]
  8%|▊         | 688/8682 [24:53<4:28:20,  2.01s/it]
  8%|▊         | 689/8682 [24:56<4:32:05,  2.04s/it]
  8%|▊         | 690/8682 [24:58<4:45:44,  2.15s/it]
  8%|▊         | 691/8682 [25:00<4:49:59,  2.18s/it]
  8%|▊         | 692/8682 [25:02<4:31:59,  2.04s/it]
  8%|▊         | 693/8682 [25:05<4:55:43,  2.22s/it]
  8%|▊         | 694/8682 [25:07<5:25:50,  2.45s/it]
  8%|▊         | 695/8682 [25:09<4:51:33,  2.19s/it]
  8%|▊         | 696/8682 [25:12<5:26:21,  2.45s/it]
  8%|▊         | 697/8682 [25:14<5:01:04,  2.26s/it]
  8%|▊         | 698/8682 [25:17<5:17:40,  2.39s/it]
  8%|▊         | 699/8682 [25:19<4:56:22,  2.23s/it]
  8%|▊         | 700/8682 [25:21<4:56:13,  2.23s/it]

{'loss': '7.605', 'grad_norm': '2.359', 'learning_rate': '4.967e-05', 'epoch': '0.2419'}

  8%|▊         | 700/8682 [25:21<4:56:13,  2.23s/it]
  8%|▊         | 701/8682 [25:23<4:40:42,  2.11s/it]
  8%|▊         | 702/8682 [25:26<5:16:07,  2.38s/it]
  8%|▊         | 703/8682 [25:27<4:49:01,  2.17s/it]
  8%|▊         | 704/8682 [25:29<4:30:16,  2.03s/it]
  8%|▊         | 705/8682 [25:31<4:35:54,  2.08s/it]
  8%|▊         | 706/8682 [25:33<4:19:47,  1.95s/it]
  8%|▊         | 707/8682 [25:35<4:33:40,  2.06s/it]
  8%|▊         | 708/8682 [25:37<4:43:11,  2.13s/it]
  8%|▊         | 709/8682 [25:40<5:08:25,  2.32s/it]
  8%|▊         | 710/8682 [25:42<5:00:22,  2.26s/it]
  8%|▊         | 711/8682 [25:45<5:04:46,  2.29s/it]
  8%|▊         | 712/8682 [25:47<5:04:41,  2.29s/it]
  8%|▊         | 713/8682 [25:49<4:47:33,  2.17s/it]
  8%|▊         | 714/8682 [25:51<4:51:57,  2.20s/it]
  8%|▊         | 715/8682 [25:54<5:23:19,  2.43s/it]
  8%|▊         | 716/8682 [25:56<4:56:37,  2.23s/it]
  8%|▊         | 717/8682 [25:58<4:58:27,  2.25s/it]
  8%|▊         | 718/8682 [26:00<4:40:05,  2.11s/it]
  8%|▊         | 719/8682 [26:02<4:41:38,  2.12s/it]
  8%|▊         | 720/8682 [26:05<5:14:46,  2.37s/it]
  8%|▊         | 721/8682 [26:08<5:25:23,  2.45s/it]
  8%|▊         | 722/8682 [26:10<5:21:52,  2.43s/it]
  8%|▊         | 723/8682 [26:12<4:52:34,  2.21s/it]
  8%|▊         | 724/8682 [26:13<4:33:17,  2.06s/it]
  8%|▊         | 725/8682 [26:16<5:08:00,  2.32s/it]
  8%|▊         | 726/8682 [26:19<5:09:32,  2.33s/it]
  8%|▊         | 727/8682 [26:22<5:31:14,  2.50s/it]
  8%|▊         | 728/8682 [26:24<5:33:35,  2.52s/it]
  8%|▊         | 729/8682 [26:27<5:41:24,  2.58s/it]
  8%|▊         | 730/8682 [26:29<5:30:03,  2.49s/it]
  8%|▊         | 731/8682 [26:32<5:48:18,  2.63s/it]
  8%|▊         | 732/8682 [26:35<5:44:50,  2.60s/it]
  8%|▊         | 733/8682 [26:37<5:15:28,  2.38s/it]
  8%|▊         | 734/8682 [26:38<4:48:47,  2.18s/it]
  8%|▊         | 735/8682 [26:40<4:30:47,  2.04s/it]
  8%|▊         | 736/8682 [26:42<4:42:59,  2.14s/it]
  8%|▊         | 737/8682 [26:44<4:39:19,  2.11s/it]
  9%|▊         | 738/8682 [26:47<5:11:42,  2.35s/it]
  9%|▊         | 739/8682 [26:50<5:11:18,  2.35s/it]
  9%|▊         | 740/8682 [26:52<5:08:35,  2.33s/it]
  9%|▊         | 741/8682 [26:54<5:05:28,  2.31s/it]
  9%|▊         | 742/8682 [26:56<4:53:55,  2.22s/it]
  9%|▊         | 743/8682 [26:59<5:01:41,  2.28s/it]
  9%|▊         | 744/8682 [27:01<5:08:33,  2.33s/it]
  9%|▊         | 745/8682 [27:04<5:14:07,  2.37s/it]
  9%|▊         | 746/8682 [27:05<4:56:19,  2.24s/it]
  9%|▊         | 747/8682 [27:07<4:45:10,  2.16s/it]
  9%|▊         | 748/8682 [27:10<4:51:25,  2.20s/it]
  9%|▊         | 749/8682 [27:12<4:40:40,  2.12s/it]
  9%|▊         | 750/8682 [27:14<4:32:41,  2.06s/it]

{'loss': '7.297', 'grad_norm': '2.354', 'learning_rate': '4.959e-05', 'epoch': '0.2592'}

  9%|▊         | 750/8682 [27:14<4:32:41,  2.06s/it]
  9%|▊         | 751/8682 [27:16<4:43:25,  2.14s/it]
  9%|▊         | 752/8682 [27:18<4:42:53,  2.14s/it]
  9%|▊         | 753/8682 [27:21<4:54:16,  2.23s/it]
  9%|▊         | 754/8682 [27:22<4:34:20,  2.08s/it]
  9%|▊         | 755/8682 [27:24<4:36:04,  2.09s/it]
  9%|▊         | 756/8682 [27:26<4:37:58,  2.10s/it]
  9%|▊         | 757/8682 [27:29<4:54:21,  2.23s/it]
  9%|▊         | 758/8682 [27:32<5:20:11,  2.42s/it]
  9%|▊         | 759/8682 [27:34<5:11:06,  2.36s/it]
  9%|▉         | 760/8682 [27:37<5:31:06,  2.51s/it]
  9%|▉         | 761/8682 [27:39<5:06:01,  2.32s/it]
  9%|▉         | 762/8682 [27:41<5:08:57,  2.34s/it]
  9%|▉         | 763/8682 [27:43<4:55:19,  2.24s/it]
  9%|▉         | 764/8682 [27:46<5:06:28,  2.32s/it]
  9%|▉         | 765/8682 [27:48<5:03:10,  2.30s/it]
  9%|▉         | 766/8682 [27:50<4:37:05,  2.10s/it]
  9%|▉         | 767/8682 [27:52<4:36:32,  2.10s/it]
  9%|▉         | 768/8682 [27:54<4:41:53,  2.14s/it]
  9%|▉         | 769/8682 [27:56<4:52:07,  2.22s/it]
  9%|▉         | 770/8682 [27:59<4:56:02,  2.24s/it]
  9%|▉         | 771/8682 [28:01<4:46:13,  2.17s/it]
  9%|▉         | 772/8682 [28:03<4:57:40,  2.26s/it]
  9%|▉         | 773/8682 [28:06<5:05:48,  2.32s/it]
  9%|▉         | 774/8682 [28:08<5:07:51,  2.34s/it]
  9%|▉         | 775/8682 [28:11<5:21:30,  2.44s/it]
  9%|▉         | 776/8682 [28:13<5:28:32,  2.49s/it]
  9%|▉         | 777/8682 [28:15<5:16:43,  2.40s/it]
  9%|▉         | 778/8682 [28:18<5:03:06,  2.30s/it]
  9%|▉         | 779/8682 [28:21<5:32:45,  2.53s/it]
  9%|▉         | 780/8682 [28:23<5:13:37,  2.38s/it]
  9%|▉         | 781/8682 [28:25<5:02:53,  2.30s/it]
  9%|▉         | 782/8682 [28:27<5:00:57,  2.29s/it]
  9%|▉         | 783/8682 [28:29<4:56:23,  2.25s/it]
  9%|▉         | 784/8682 [28:31<4:56:19,  2.25s/it]
  9%|▉         | 785/8682 [28:34<4:54:43,  2.24s/it]
  9%|▉         | 786/8682 [28:36<4:49:01,  2.20s/it]
  9%|▉         | 787/8682 [28:38<4:52:50,  2.23s/it]
  9%|▉         | 788/8682 [28:40<4:40:52,  2.13s/it]
  9%|▉         | 789/8682 [28:42<4:21:38,  1.99s/it]
  9%|▉         | 790/8682 [28:44<4:44:05,  2.16s/it]
  9%|▉         | 791/8682 [28:47<4:55:26,  2.25s/it]
  9%|▉         | 792/8682 [28:49<4:58:24,  2.27s/it]
  9%|▉         | 793/8682 [28:50<4:27:55,  2.04s/it]
  9%|▉         | 794/8682 [28:53<4:31:03,  2.06s/it]
  9%|▉         | 795/8682 [28:55<4:34:38,  2.09s/it]
  9%|▉         | 796/8682 [28:57<4:33:06,  2.08s/it]
  9%|▉         | 797/8682 [28:59<4:41:48,  2.14s/it]
  9%|▉         | 798/8682 [29:02<4:56:55,  2.26s/it]
  9%|▉         | 799/8682 [29:04<5:01:31,  2.29s/it]
  9%|▉         | 800/8682 [29:06<5:12:15,  2.38s/it]

{'loss': '6.987', 'grad_norm': '2.335', 'learning_rate': '4.95e-05', 'epoch': '0.2765'}

  9%|▉         | 800/8682 [29:06<5:12:15,  2.38s/it]
  9%|▉         | 801/8682 [29:08<4:55:31,  2.25s/it]
  9%|▉         | 802/8682 [29:12<5:29:54,  2.51s/it]
  9%|▉         | 803/8682 [29:13<4:54:33,  2.24s/it]
  9%|▉         | 804/8682 [29:16<5:03:45,  2.31s/it]
  9%|▉         | 805/8682 [29:18<4:59:57,  2.28s/it]
  9%|▉         | 806/8682 [29:20<4:52:51,  2.23s/it]
  9%|▉         | 807/8682 [29:22<4:57:32,  2.27s/it]
  9%|▉         | 808/8682 [29:24<4:51:28,  2.22s/it]
  9%|▉         | 809/8682 [29:27<5:18:45,  2.43s/it]
  9%|▉         | 810/8682 [29:30<5:14:45,  2.40s/it]
  9%|▉         | 811/8682 [29:32<4:55:53,  2.26s/it]
  9%|▉         | 812/8682 [29:34<4:56:02,  2.26s/it]
  9%|▉         | 813/8682 [29:36<4:38:01,  2.12s/it]
  9%|▉         | 814/8682 [29:38<4:42:46,  2.16s/it]
  9%|▉         | 815/8682 [29:41<5:14:50,  2.40s/it]
  9%|▉         | 816/8682 [29:43<4:48:54,  2.20s/it]
  9%|▉         | 817/8682 [29:45<4:43:55,  2.17s/it]
  9%|▉         | 818/8682 [29:47<4:46:04,  2.18s/it]
  9%|▉         | 819/8682 [29:50<5:13:32,  2.39s/it]
  9%|▉         | 820/8682 [29:52<4:48:59,  2.21s/it]
  9%|▉         | 821/8682 [29:54<4:52:03,  2.23s/it]
  9%|▉         | 822/8682 [29:56<5:03:33,  2.32s/it]
  9%|▉         | 823/8682 [29:59<5:02:16,  2.31s/it]
  9%|▉         | 824/8682 [30:01<4:50:05,  2.21s/it]
 10%|▉         | 825/8682 [30:03<4:43:46,  2.17s/it]
 10%|▉         | 826/8682 [30:05<5:00:20,  2.29s/it]
 10%|▉         | 827/8682 [30:08<5:08:57,  2.36s/it]
 10%|▉         | 828/8682 [30:10<4:44:14,  2.17s/it]
 10%|▉         | 829/8682 [30:11<4:24:48,  2.02s/it]
 10%|▉         | 830/8682 [30:14<5:02:18,  2.31s/it]
 10%|▉         | 831/8682 [30:17<5:21:01,  2.45s/it]
 10%|▉         | 832/8682 [30:19<5:16:31,  2.42s/it]
 10%|▉         | 833/8682 [30:21<4:51:24,  2.23s/it]
 10%|▉         | 834/8682 [30:23<4:51:36,  2.23s/it]
 10%|▉         | 835/8682 [30:26<4:59:22,  2.29s/it]
 10%|▉         | 836/8682 [30:28<4:51:43,  2.23s/it]
 10%|▉         | 837/8682 [30:30<4:57:12,  2.27s/it]
 10%|▉         | 838/8682 [30:33<5:14:34,  2.41s/it]
 10%|▉         | 839/8682 [30:35<5:12:29,  2.39s/it]
 10%|▉         | 840/8682 [30:38<5:21:20,  2.46s/it]
 10%|▉         | 841/8682 [30:41<5:33:51,  2.55s/it]
 10%|▉         | 842/8682 [30:43<5:20:52,  2.46s/it]
 10%|▉         | 843/8682 [30:45<4:54:09,  2.25s/it]
 10%|▉         | 844/8682 [30:47<4:52:37,  2.24s/it]
 10%|▉         | 845/8682 [30:49<4:53:32,  2.25s/it]
 10%|▉         | 846/8682 [30:52<5:09:39,  2.37s/it]
 10%|▉         | 847/8682 [30:55<5:25:03,  2.49s/it]
 10%|▉         | 848/8682 [30:56<4:51:21,  2.23s/it]
 10%|▉         | 849/8682 [30:58<4:49:53,  2.22s/it]
 10%|▉         | 850/8682 [31:01<4:51:12,  2.23s/it]

{'loss': '6.71', 'grad_norm': '2.289', 'learning_rate': '4.94e-05', 'epoch': '0.2938'}

 10%|▉         | 850/8682 [31:01<4:51:12,  2.23s/it]
 10%|▉         | 851/8682 [31:03<4:56:09,  2.27s/it]
 10%|▉         | 852/8682 [31:05<4:48:23,  2.21s/it]
 10%|▉         | 853/8682 [31:08<4:56:44,  2.27s/it]
 10%|▉         | 854/8682 [31:10<4:49:54,  2.22s/it]
 10%|▉         | 855/8682 [31:12<4:56:31,  2.27s/it]
 10%|▉         | 856/8682 [31:14<4:48:08,  2.21s/it]
 10%|▉         | 857/8682 [31:17<5:12:55,  2.40s/it]
 10%|▉         | 858/8682 [31:19<5:06:38,  2.35s/it]
 10%|▉         | 859/8682 [31:21<4:36:29,  2.12s/it]
 10%|▉         | 860/8682 [31:23<4:26:17,  2.04s/it]
 10%|▉         | 861/8682 [31:25<4:35:37,  2.11s/it]
 10%|▉         | 862/8682 [31:27<4:38:51,  2.14s/it]
 10%|▉         | 863/8682 [31:29<4:39:28,  2.14s/it]
 10%|▉         | 864/8682 [31:31<4:40:04,  2.15s/it]
 10%|▉         | 865/8682 [31:34<5:02:58,  2.33s/it]
 10%|▉         | 866/8682 [31:37<5:14:36,  2.42s/it]
 10%|▉         | 867/8682 [31:39<5:14:28,  2.41s/it]
 10%|▉         | 868/8682 [31:41<5:07:59,  2.36s/it]
 10%|█         | 869/8682 [31:44<5:28:28,  2.52s/it]
 10%|█         | 870/8682 [31:48<5:53:35,  2.72s/it]
 10%|█         | 871/8682 [31:49<5:24:34,  2.49s/it]
 10%|█         | 872/8682 [31:51<4:57:21,  2.28s/it]
 10%|█         | 873/8682 [31:53<4:21:33,  2.01s/it]
 10%|█         | 874/8682 [31:55<4:49:25,  2.22s/it]
 10%|█         | 875/8682 [31:58<4:47:24,  2.21s/it]
 10%|█         | 876/8682 [32:00<4:45:07,  2.19s/it]
 10%|█         | 877/8682 [32:01<4:23:28,  2.03s/it]
 10%|█         | 878/8682 [32:04<4:50:12,  2.23s/it]
 10%|█         | 879/8682 [32:06<4:45:42,  2.20s/it]
 10%|█         | 880/8682 [32:09<5:00:59,  2.31s/it]
 10%|█         | 881/8682 [32:11<4:49:15,  2.22s/it]
 10%|█         | 882/8682 [32:12<4:21:00,  2.01s/it]
 10%|█         | 883/8682 [32:14<4:04:50,  1.88s/it]
 10%|█         | 884/8682 [32:16<4:21:46,  2.01s/it]
 10%|█         | 885/8682 [32:18<4:12:03,  1.94s/it]
 10%|█         | 886/8682 [32:20<4:21:13,  2.01s/it]
 10%|█         | 887/8682 [32:23<4:38:08,  2.14s/it]
 10%|█         | 888/8682 [32:25<4:52:26,  2.25s/it]
 10%|█         | 889/8682 [32:28<5:06:11,  2.36s/it]
 10%|█         | 890/8682 [32:30<4:46:55,  2.21s/it]
 10%|█         | 891/8682 [32:32<4:49:08,  2.23s/it]
 10%|█         | 892/8682 [32:34<4:59:40,  2.31s/it]
 10%|█         | 893/8682 [32:36<4:45:38,  2.20s/it]
 10%|█         | 894/8682 [32:38<4:38:13,  2.14s/it]
 10%|█         | 895/8682 [32:40<4:28:28,  2.07s/it]
 10%|█         | 896/8682 [32:42<4:37:01,  2.13s/it]
 10%|█         | 897/8682 [32:44<4:27:56,  2.06s/it]
 10%|█         | 898/8682 [32:47<4:52:28,  2.25s/it]
 10%|█         | 899/8682 [32:49<4:40:58,  2.17s/it]
 10%|█         | 900/8682 [32:51<4:17:47,  1.99s/it]

{'loss': '6.447', 'grad_norm': '2.252', 'learning_rate': '4.93e-05', 'epoch': '0.311'}

 10%|█         | 900/8682 [32:51<4:17:47,  1.99s/it]
 10%|█         | 901/8682 [32:53<4:22:47,  2.03s/it]
 10%|█         | 902/8682 [32:55<4:51:53,  2.25s/it]
 10%|█         | 903/8682 [32:58<4:54:36,  2.27s/it]
 10%|█         | 904/8682 [33:00<5:00:06,  2.32s/it]
 10%|█         | 905/8682 [33:03<5:10:34,  2.40s/it]
 10%|█         | 906/8682 [33:05<5:13:59,  2.42s/it]
 10%|█         | 907/8682 [33:08<5:07:29,  2.37s/it]
 10%|█         | 908/8682 [33:09<4:50:35,  2.24s/it]
 10%|█         | 909/8682 [33:12<5:07:17,  2.37s/it]
 10%|█         | 910/8682 [33:14<5:01:20,  2.33s/it]
 10%|█         | 911/8682 [33:17<4:57:54,  2.30s/it]
 11%|█         | 912/8682 [33:18<4:34:13,  2.12s/it]
 11%|█         | 913/8682 [33:21<5:02:45,  2.34s/it]
 11%|█         | 914/8682 [33:24<5:03:33,  2.34s/it]
 11%|█         | 915/8682 [33:25<4:38:36,  2.15s/it]
 11%|█         | 916/8682 [33:28<4:46:06,  2.21s/it]
 11%|█         | 917/8682 [33:30<4:44:49,  2.20s/it]
 11%|█         | 918/8682 [33:32<4:50:43,  2.25s/it]
 11%|█         | 919/8682 [33:34<4:47:24,  2.22s/it]
 11%|█         | 920/8682 [33:36<4:43:20,  2.19s/it]
 11%|█         | 921/8682 [33:39<4:57:22,  2.30s/it]
 11%|█         | 922/8682 [33:41<4:54:42,  2.28s/it]
 11%|█         | 923/8682 [33:44<5:12:24,  2.42s/it]
 11%|█         | 924/8682 [33:46<4:51:54,  2.26s/it]
 11%|█         | 925/8682 [33:48<4:46:59,  2.22s/it]
 11%|█         | 926/8682 [33:50<4:42:06,  2.18s/it]
 11%|█         | 927/8682 [33:52<4:33:18,  2.11s/it]
 11%|█         | 928/8682 [33:55<5:10:08,  2.40s/it]
 11%|█         | 929/8682 [33:58<5:17:37,  2.46s/it]
 11%|█         | 930/8682 [33:59<4:40:14,  2.17s/it]
 11%|█         | 931/8682 [34:01<4:20:00,  2.01s/it]
 11%|█         | 932/8682 [34:03<4:17:42,  2.00s/it]
 11%|█         | 933/8682 [34:05<4:35:45,  2.14s/it]
 11%|█         | 934/8682 [34:08<4:49:31,  2.24s/it]
 11%|█         | 935/8682 [34:09<4:21:52,  2.03s/it]
 11%|█         | 936/8682 [34:11<4:08:15,  1.92s/it]
 11%|█         | 937/8682 [34:13<4:17:36,  2.00s/it]
 11%|█         | 938/8682 [34:16<4:38:08,  2.15s/it]
 11%|█         | 939/8682 [34:18<4:46:04,  2.22s/it]
 11%|█         | 940/8682 [34:20<4:33:37,  2.12s/it]
 11%|█         | 941/8682 [34:22<4:27:51,  2.08s/it]
 11%|█         | 942/8682 [34:23<4:10:04,  1.94s/it]
 11%|█         | 943/8682 [34:25<4:11:32,  1.95s/it]
 11%|█         | 944/8682 [34:28<4:24:22,  2.05s/it]
 11%|█         | 945/8682 [34:30<4:28:40,  2.08s/it]
 11%|█         | 946/8682 [34:32<4:37:15,  2.15s/it]
 11%|█         | 947/8682 [34:34<4:37:36,  2.15s/it]
 11%|█         | 948/8682 [34:37<5:09:05,  2.40s/it]
 11%|█         | 949/8682 [34:40<5:03:26,  2.35s/it]
 11%|█         | 950/8682 [34:42<5:12:38,  2.43s/it]

{'loss': '6.186', 'grad_norm': '2.217', 'learning_rate': '4.918e-05', 'epoch': '0.3283'}

 11%|█         | 950/8682 [34:42<5:12:38,  2.43s/it]
 11%|█         | 951/8682 [34:44<4:48:57,  2.24s/it]
 11%|█         | 952/8682 [34:46<4:50:24,  2.25s/it]
 11%|█         | 953/8682 [34:49<5:05:52,  2.37s/it]
 11%|█         | 954/8682 [34:50<4:33:21,  2.12s/it]
 11%|█         | 955/8682 [34:53<4:35:23,  2.14s/it]
 11%|█         | 956/8682 [34:54<4:13:16,  1.97s/it]
 11%|█         | 957/8682 [34:57<4:28:13,  2.08s/it]
 11%|█         | 958/8682 [34:59<4:51:46,  2.27s/it]
 11%|█         | 959/8682 [35:01<4:47:07,  2.23s/it]
 11%|█         | 960/8682 [35:04<5:20:14,  2.49s/it]
 11%|█         | 961/8682 [35:06<4:45:12,  2.22s/it]
 11%|█         | 962/8682 [35:08<4:55:10,  2.29s/it]
 11%|█         | 963/8682 [35:11<4:48:25,  2.24s/it]
 11%|█         | 964/8682 [35:12<4:26:13,  2.07s/it]
 11%|█         | 965/8682 [35:14<4:15:29,  1.99s/it]
 11%|█         | 966/8682 [35:17<4:35:17,  2.14s/it]
 11%|█         | 967/8682 [35:19<4:44:22,  2.21s/it]
 11%|█         | 968/8682 [35:21<4:24:58,  2.06s/it]
 11%|█         | 969/8682 [35:23<4:31:43,  2.11s/it]
 11%|█         | 970/8682 [35:25<4:15:39,  1.99s/it]
 11%|█         | 971/8682 [35:26<4:06:45,  1.92s/it]
 11%|█         | 972/8682 [35:29<4:23:49,  2.05s/it]
 11%|█         | 973/8682 [35:32<4:55:49,  2.30s/it]
 11%|█         | 974/8682 [35:34<4:41:26,  2.19s/it]
 11%|█         | 975/8682 [35:35<4:28:11,  2.09s/it]
 11%|█         | 976/8682 [35:38<4:43:46,  2.21s/it]
 11%|█▏        | 977/8682 [35:40<4:25:42,  2.07s/it]
 11%|█▏        | 978/8682 [35:42<4:54:35,  2.29s/it]
 11%|█▏        | 979/8682 [35:44<4:37:10,  2.16s/it]
 11%|█▏        | 980/8682 [35:46<4:27:04,  2.08s/it]
 11%|█▏        | 981/8682 [35:49<5:02:26,  2.36s/it]
 11%|█▏        | 982/8682 [35:51<4:57:27,  2.32s/it]
 11%|█▏        | 983/8682 [35:54<4:58:24,  2.33s/it]
 11%|█▏        | 984/8682 [35:56<4:58:11,  2.32s/it]
 11%|█▏        | 985/8682 [35:58<4:38:17,  2.17s/it]
 11%|█▏        | 986/8682 [36:00<4:41:38,  2.20s/it]
 11%|█▏        | 987/8682 [36:02<4:31:24,  2.12s/it]
 11%|█▏        | 988/8682 [36:04<4:33:17,  2.13s/it]
 11%|█▏        | 989/8682 [36:06<4:30:16,  2.11s/it]
 11%|█▏        | 990/8682 [36:08<4:33:06,  2.13s/it]
 11%|█▏        | 991/8682 [36:11<4:37:39,  2.17s/it]
 11%|█▏        | 992/8682 [36:14<5:01:30,  2.35s/it]
 11%|█▏        | 993/8682 [36:16<5:03:23,  2.37s/it]
 11%|█▏        | 994/8682 [36:18<5:08:04,  2.40s/it]
 11%|█▏        | 995/8682 [36:20<4:53:31,  2.29s/it]
 11%|█▏        | 996/8682 [36:22<4:33:07,  2.13s/it]
 11%|█▏        | 997/8682 [36:24<4:25:28,  2.07s/it]
 11%|█▏        | 998/8682 [36:26<4:25:49,  2.08s/it]
 12%|█▏        | 999/8682 [36:28<4:29:03,  2.10s/it]
 12%|█▏        | 1000/8682 [36:31<4:41:11,  2.20s/it]

{'loss': '5.913', 'grad_norm': '2.167', 'learning_rate': '4.906e-05', 'epoch': '0.3456'}

 12%|█▏        | 1000/8682 [36:31<4:41:11,  2.20s/it]
 12%|█▏        | 1001/8682 [36:33<4:45:23,  2.23s/it]
 12%|█▏        | 1002/8682 [36:35<4:52:11,  2.28s/it]
 12%|█▏        | 1003/8682 [36:38<4:55:57,  2.31s/it]
 12%|█▏        | 1004/8682 [36:40<4:40:46,  2.19s/it]
 12%|█▏        | 1005/8682 [36:42<4:47:18,  2.25s/it]
 12%|█▏        | 1006/8682 [36:44<4:26:40,  2.08s/it]
 12%|█▏        | 1007/8682 [36:46<4:38:59,  2.18s/it]
 12%|█▏        | 1008/8682 [36:49<4:58:48,  2.34s/it]
 12%|█▏        | 1009/8682 [36:51<4:41:22,  2.20s/it]
 12%|█▏        | 1010/8682 [36:53<4:53:38,  2.30s/it]
 12%|█▏        | 1011/8682 [36:55<4:29:43,  2.11s/it]
 12%|█▏        | 1012/8682 [36:58<4:44:46,  2.23s/it]
 12%|█▏        | 1013/8682 [36:59<4:20:14,  2.04s/it]
 12%|█▏        | 1014/8682 [37:01<4:14:58,  2.00s/it]
 12%|█▏        | 1015/8682 [37:04<4:52:03,  2.29s/it]
 12%|█▏        | 1016/8682 [37:06<4:45:30,  2.23s/it]
 12%|█▏        | 1017/8682 [37:08<4:30:25,  2.12s/it]
 12%|█▏        | 1018/8682 [37:10<4:33:48,  2.14s/it]
 12%|█▏        | 1019/8682 [37:13<4:46:20,  2.24s/it]
 12%|█▏        | 1020/8682 [37:14<4:31:19,  2.12s/it]
 12%|█▏        | 1021/8682 [37:16<4:17:18,  2.02s/it]
 12%|█▏        | 1022/8682 [37:19<4:27:07,  2.09s/it]
 12%|█▏        | 1023/8682 [37:20<4:13:30,  1.99s/it]
 12%|█▏        | 1024/8682 [37:23<4:24:27,  2.07s/it]
 12%|█▏        | 1025/8682 [37:25<4:39:07,  2.19s/it]
 12%|█▏        | 1026/8682 [37:27<4:36:55,  2.17s/it]
 12%|█▏        | 1027/8682 [37:29<4:41:42,  2.21s/it]
 12%|█▏        | 1028/8682 [37:32<4:47:39,  2.25s/it]
 12%|█▏        | 1029/8682 [37:34<4:42:10,  2.21s/it]
 12%|█▏        | 1030/8682 [37:37<4:59:55,  2.35s/it]
 12%|█▏        | 1031/8682 [37:38<4:30:51,  2.12s/it]
 12%|█▏        | 1032/8682 [37:40<4:22:57,  2.06s/it]
 12%|█▏        | 1033/8682 [37:42<4:19:21,  2.03s/it]
 12%|█▏        | 1034/8682 [37:44<4:33:32,  2.15s/it]
 12%|█▏        | 1035/8682 [37:47<4:41:23,  2.21s/it]
 12%|█▏        | 1036/8682 [37:49<4:31:28,  2.13s/it]
 12%|█▏        | 1037/8682 [37:52<4:57:45,  2.34s/it]
 12%|█▏        | 1038/8682 [37:53<4:33:56,  2.15s/it]
 12%|█▏        | 1039/8682 [37:56<4:44:30,  2.23s/it]
 12%|█▏        | 1040/8682 [37:58<4:33:32,  2.15s/it]
 12%|█▏        | 1041/8682 [38:01<5:07:49,  2.42s/it]
 12%|█▏        | 1042/8682 [38:03<4:56:35,  2.33s/it]
 12%|█▏        | 1043/8682 [38:05<4:40:32,  2.20s/it]
 12%|█▏        | 1044/8682 [38:07<4:46:42,  2.25s/it]
 12%|█▏        | 1045/8682 [38:10<5:06:12,  2.41s/it]
 12%|█▏        | 1046/8682 [38:12<4:46:09,  2.25s/it]
 12%|█▏        | 1047/8682 [38:15<5:10:52,  2.44s/it]
 12%|█▏        | 1048/8682 [38:17<5:07:18,  2.42s/it]
 12%|█▏        | 1049/8682 [38:19<4:47:21,  2.26s/it]
 12%|█▏        | 1050/8682 [38:21<4:57:10,  2.34s/it]

{'loss': '5.687', 'grad_norm': '2.139', 'learning_rate': '4.893e-05', 'epoch': '0.3629'}

 12%|█▏        | 1050/8682 [38:21<4:57:10,  2.34s/it]
 12%|█▏        | 1051/8682 [38:23<4:26:16,  2.09s/it]
 12%|█▏        | 1052/8682 [38:25<4:12:08,  1.98s/it]
 12%|█▏        | 1053/8682 [38:27<4:32:32,  2.14s/it]
 12%|█▏        | 1054/8682 [38:29<4:38:10,  2.19s/it]
 12%|█▏        | 1055/8682 [38:32<4:54:37,  2.32s/it]
 12%|█▏        | 1056/8682 [38:34<4:44:44,  2.24s/it]
 12%|█▏        | 1057/8682 [38:36<4:40:21,  2.21s/it]
 12%|█▏        | 1058/8682 [38:39<4:40:37,  2.21s/it]
 12%|█▏        | 1059/8682 [38:40<4:18:26,  2.03s/it]
 12%|█▏        | 1060/8682 [38:43<4:31:49,  2.14s/it]
 12%|█▏        | 1061/8682 [38:44<4:18:17,  2.03s/it]
 12%|█▏        | 1062/8682 [38:46<4:20:01,  2.05s/it]
 12%|█▏        | 1063/8682 [38:49<4:31:12,  2.14s/it]
 12%|█▏        | 1064/8682 [38:51<4:34:16,  2.16s/it]
 12%|█▏        | 1065/8682 [38:53<4:21:18,  2.06s/it]
 12%|█▏        | 1066/8682 [38:55<4:19:01,  2.04s/it]
 12%|█▏        | 1067/8682 [38:57<4:16:35,  2.02s/it]
 12%|█▏        | 1068/8682 [39:00<4:47:35,  2.27s/it]
 12%|█▏        | 1069/8682 [39:02<4:43:49,  2.24s/it]
 12%|█▏        | 1070/8682 [39:04<4:48:21,  2.27s/it]
 12%|█▏        | 1071/8682 [39:06<4:50:41,  2.29s/it]
 12%|█▏        | 1072/8682 [39:08<4:39:27,  2.20s/it]
 12%|█▏        | 1073/8682 [39:11<4:44:44,  2.25s/it]
 12%|█▏        | 1074/8682 [39:12<4:24:07,  2.08s/it]
 12%|█▏        | 1075/8682 [39:15<4:29:19,  2.12s/it]
 12%|█▏        | 1076/8682 [39:16<4:12:58,  2.00s/it]
 12%|█▏        | 1077/8682 [39:19<4:23:57,  2.08s/it]
 12%|█▏        | 1078/8682 [39:21<4:30:15,  2.13s/it]
 12%|█▏        | 1079/8682 [39:24<4:56:41,  2.34s/it]
 12%|█▏        | 1080/8682 [39:26<4:36:48,  2.18s/it]
 12%|█▏        | 1081/8682 [39:27<4:23:14,  2.08s/it]
 12%|█▏        | 1082/8682 [39:30<4:26:48,  2.11s/it]
 12%|█▏        | 1083/8682 [39:32<4:20:22,  2.06s/it]
 12%|█▏        | 1084/8682 [39:33<4:11:27,  1.99s/it]
 12%|█▏        | 1085/8682 [39:35<4:11:07,  1.98s/it]
 13%|█▎        | 1086/8682 [39:38<4:30:26,  2.14s/it]
 13%|█▎        | 1087/8682 [39:40<4:31:31,  2.14s/it]
 13%|█▎        | 1088/8682 [39:42<4:28:04,  2.12s/it]
 13%|█▎        | 1089/8682 [39:44<4:39:30,  2.21s/it]
 13%|█▎        | 1090/8682 [39:47<4:43:04,  2.24s/it]
 13%|█▎        | 1091/8682 [39:49<4:42:11,  2.23s/it]
 13%|█▎        | 1092/8682 [39:51<4:47:37,  2.27s/it]
 13%|█▎        | 1093/8682 [39:53<4:27:39,  2.12s/it]
 13%|█▎        | 1094/8682 [39:56<4:38:45,  2.20s/it]
 13%|█▎        | 1095/8682 [39:57<4:18:25,  2.04s/it]
 13%|█▎        | 1096/8682 [39:59<4:24:21,  2.09s/it]
 13%|█▎        | 1097/8682 [40:01<4:10:17,  1.98s/it]
 13%|█▎        | 1098/8682 [40:03<4:16:47,  2.03s/it]
 13%|█▎        | 1099/8682 [40:05<4:02:48,  1.92s/it]
 13%|█▎        | 1100/8682 [40:07<4:09:38,  1.98s/it]

{'loss': '5.421', 'grad_norm': '2.109', 'learning_rate': '4.879e-05', 'epoch': '0.3802'}

 13%|█▎        | 1100/8682 [40:07<4:09:38,  1.98s/it]
 13%|█▎        | 1101/8682 [40:09<4:25:16,  2.10s/it]
 13%|█▎        | 1102/8682 [40:12<4:31:07,  2.15s/it]
 13%|█▎        | 1103/8682 [40:14<4:33:22,  2.16s/it]
 13%|█▎        | 1104/8682 [40:16<4:25:09,  2.10s/it]
 13%|█▎        | 1105/8682 [40:18<4:15:47,  2.03s/it]
 13%|█▎        | 1106/8682 [40:20<4:38:10,  2.20s/it]
 13%|█▎        | 1107/8682 [40:23<4:49:19,  2.29s/it]
 13%|█▎        | 1108/8682 [40:24<4:25:09,  2.10s/it]
 13%|█▎        | 1109/8682 [40:26<4:07:52,  1.96s/it]
 13%|█▎        | 1110/8682 [40:28<4:20:35,  2.06s/it]
 13%|█▎        | 1111/8682 [40:31<4:35:48,  2.19s/it]
 13%|█▎        | 1112/8682 [40:33<4:49:03,  2.29s/it]
 13%|█▎        | 1113/8682 [40:36<5:14:35,  2.49s/it]
 13%|█▎        | 1114/8682 [40:38<4:39:39,  2.22s/it]
 13%|█▎        | 1115/8682 [40:40<4:44:59,  2.26s/it]
 13%|█▎        | 1116/8682 [40:43<4:46:24,  2.27s/it]
 13%|█▎        | 1117/8682 [40:45<4:40:43,  2.23s/it]
 13%|█▎        | 1118/8682 [40:47<5:01:50,  2.39s/it]
 13%|█▎        | 1119/8682 [40:50<5:16:16,  2.51s/it]
 13%|█▎        | 1120/8682 [40:53<5:09:28,  2.46s/it]
 13%|█▎        | 1121/8682 [40:54<4:47:51,  2.28s/it]
 13%|█▎        | 1122/8682 [40:56<4:32:10,  2.16s/it]
 13%|█▎        | 1123/8682 [40:59<4:34:13,  2.18s/it]
 13%|█▎        | 1124/8682 [41:01<4:58:33,  2.37s/it]
 13%|█▎        | 1125/8682 [41:04<5:17:27,  2.52s/it]
 13%|█▎        | 1126/8682 [41:06<4:53:50,  2.33s/it]
 13%|█▎        | 1127/8682 [41:08<4:39:11,  2.22s/it]
 13%|█▎        | 1128/8682 [41:11<4:49:57,  2.30s/it]
 13%|█▎        | 1129/8682 [41:13<4:50:59,  2.31s/it]
 13%|█▎        | 1130/8682 [41:15<4:51:49,  2.32s/it]
 13%|█▎        | 1131/8682 [41:17<4:43:28,  2.25s/it]
 13%|█▎        | 1132/8682 [41:20<4:46:48,  2.28s/it]
 13%|█▎        | 1133/8682 [41:21<4:26:16,  2.12s/it]
 13%|█▎        | 1134/8682 [41:24<4:25:52,  2.11s/it]
 13%|█▎        | 1135/8682 [41:26<4:41:29,  2.24s/it]
 13%|█▎        | 1136/8682 [41:28<4:25:06,  2.11s/it]
 13%|█▎        | 1137/8682 [41:30<4:25:57,  2.12s/it]
 13%|█▎        | 1138/8682 [41:32<4:30:29,  2.15s/it]
 13%|█▎        | 1139/8682 [41:34<4:28:44,  2.14s/it]
 13%|█▎        | 1140/8682 [41:36<4:17:40,  2.05s/it]
 13%|█▎        | 1141/8682 [41:38<4:07:35,  1.97s/it]
 13%|█▎        | 1142/8682 [41:41<4:36:27,  2.20s/it]
 13%|█▎        | 1143/8682 [41:44<4:58:33,  2.38s/it]
 13%|█▎        | 1144/8682 [41:46<4:58:26,  2.38s/it]
 13%|█▎        | 1145/8682 [41:48<4:37:32,  2.21s/it]
 13%|█▎        | 1146/8682 [41:50<4:37:40,  2.21s/it]
 13%|█▎        | 1147/8682 [41:52<4:16:45,  2.04s/it]
 13%|█▎        | 1148/8682 [41:54<4:21:58,  2.09s/it]
 13%|█▎        | 1149/8682 [41:56<4:25:57,  2.12s/it]
 13%|█▎        | 1150/8682 [41:58<4:35:44,  2.20s/it]

{'loss': '5.215', 'grad_norm': '2.039', 'learning_rate': '4.864e-05', 'epoch': '0.3974'}

 13%|█▎        | 1150/8682 [41:58<4:35:44,  2.20s/it]
 13%|█▎        | 1151/8682 [42:00<4:13:07,  2.02s/it]
 13%|█▎        | 1152/8682 [42:02<4:05:21,  1.96s/it]
 13%|█▎        | 1153/8682 [42:04<4:27:32,  2.13s/it]
 13%|█▎        | 1154/8682 [42:06<4:11:51,  2.01s/it]
 13%|█▎        | 1155/8682 [42:08<4:12:39,  2.01s/it]
 13%|█▎        | 1156/8682 [42:10<4:23:54,  2.10s/it]
 13%|█▎        | 1157/8682 [42:12<4:23:05,  2.10s/it]
 13%|█▎        | 1158/8682 [42:15<4:23:46,  2.10s/it]
 13%|█▎        | 1159/8682 [42:16<4:08:46,  1.98s/it]
 13%|█▎        | 1160/8682 [42:18<4:17:23,  2.05s/it]
 13%|█▎        | 1161/8682 [42:21<4:18:07,  2.06s/it]
 13%|█▎        | 1162/8682 [42:22<4:06:12,  1.96s/it]
 13%|█▎        | 1163/8682 [42:24<3:48:07,  1.82s/it]
 13%|█▎        | 1164/8682 [42:26<4:07:01,  1.97s/it]
 13%|█▎        | 1165/8682 [42:28<4:19:32,  2.07s/it]
 13%|█▎        | 1166/8682 [42:30<4:04:23,  1.95s/it]
 13%|█▎        | 1167/8682 [42:32<4:09:30,  1.99s/it]
 13%|█▎        | 1168/8682 [42:34<3:57:39,  1.90s/it]
 13%|█▎        | 1169/8682 [42:36<3:59:12,  1.91s/it]
 13%|█▎        | 1170/8682 [42:38<3:59:23,  1.91s/it]
 13%|█▎        | 1171/8682 [42:40<4:09:05,  1.99s/it]
 13%|█▎        | 1172/8682 [42:42<4:28:30,  2.15s/it]
 14%|█▎        | 1173/8682 [42:44<4:07:31,  1.98s/it]
 14%|█▎        | 1174/8682 [42:46<4:22:43,  2.10s/it]
 14%|█▎        | 1175/8682 [42:48<3:59:57,  1.92s/it]
 14%|█▎        | 1176/8682 [42:50<4:22:45,  2.10s/it]
 14%|█▎        | 1177/8682 [42:53<4:29:57,  2.16s/it]
 14%|█▎        | 1178/8682 [42:55<4:26:13,  2.13s/it]
 14%|█▎        | 1179/8682 [42:57<4:13:27,  2.03s/it]
 14%|█▎        | 1180/8682 [42:59<4:17:53,  2.06s/it]
 14%|█▎        | 1181/8682 [43:00<4:07:25,  1.98s/it]
 14%|█▎        | 1182/8682 [43:02<3:56:26,  1.89s/it]
 14%|█▎        | 1183/8682 [43:05<4:36:21,  2.21s/it]
 14%|█▎        | 1184/8682 [43:08<4:52:41,  2.34s/it]
 14%|█▎        | 1185/8682 [43:11<5:17:29,  2.54s/it]
 14%|█▎        | 1186/8682 [43:13<5:13:32,  2.51s/it]
 14%|█▎        | 1187/8682 [43:15<4:49:19,  2.32s/it]
 14%|█▎        | 1188/8682 [43:17<4:25:32,  2.13s/it]
 14%|█▎        | 1189/8682 [43:18<4:07:46,  1.98s/it]
 14%|█▎        | 1190/8682 [43:21<4:22:53,  2.11s/it]
 14%|█▎        | 1191/8682 [43:23<4:16:46,  2.06s/it]
 14%|█▎        | 1192/8682 [43:24<4:05:44,  1.97s/it]
 14%|█▎        | 1193/8682 [43:27<4:19:25,  2.08s/it]
 14%|█▍        | 1194/8682 [43:29<4:28:01,  2.15s/it]
 14%|█▍        | 1195/8682 [43:31<4:21:32,  2.10s/it]
 14%|█▍        | 1196/8682 [43:33<4:16:14,  2.05s/it]
 14%|█▍        | 1197/8682 [43:35<4:08:58,  2.00s/it]
 14%|█▍        | 1198/8682 [43:36<3:52:04,  1.86s/it]
 14%|█▍        | 1199/8682 [43:39<4:22:20,  2.10s/it]
 14%|█▍        | 1200/8682 [43:41<4:28:53,  2.16s/it]

{'loss': '4.993', 'grad_norm': '1.991', 'learning_rate': '4.848e-05', 'epoch': '0.4147'}

 14%|█▍        | 1200/8682 [43:41<4:28:53,  2.16s/it]
 14%|█▍        | 1201/8682 [43:44<4:31:17,  2.18s/it]
 14%|█▍        | 1202/8682 [43:46<4:46:16,  2.30s/it]
 14%|█▍        | 1203/8682 [43:48<4:29:11,  2.16s/it]
 14%|█▍        | 1204/8682 [43:50<4:10:55,  2.01s/it]
 14%|█▍        | 1205/8682 [43:52<4:14:13,  2.04s/it]
 14%|█▍        | 1206/8682 [43:54<4:26:56,  2.14s/it]
 14%|█▍        | 1207/8682 [43:57<4:37:15,  2.23s/it]
 14%|█▍        | 1208/8682 [43:58<4:24:08,  2.12s/it]
 14%|█▍        | 1209/8682 [44:00<4:16:41,  2.06s/it]
 14%|█▍        | 1210/8682 [44:03<4:32:08,  2.19s/it]
 14%|█▍        | 1211/8682 [44:05<4:18:39,  2.08s/it]
 14%|█▍        | 1212/8682 [44:08<4:49:53,  2.33s/it]
 14%|█▍        | 1213/8682 [44:10<4:45:56,  2.30s/it]
 14%|█▍        | 1214/8682 [44:12<4:33:33,  2.20s/it]
 14%|█▍        | 1215/8682 [44:15<5:02:01,  2.43s/it]
 14%|█▍        | 1216/8682 [44:16<4:30:51,  2.18s/it]
 14%|█▍        | 1217/8682 [44:18<4:28:11,  2.16s/it]
 14%|█▍        | 1218/8682 [44:21<4:50:17,  2.33s/it]
 14%|█▍        | 1219/8682 [44:24<4:54:34,  2.37s/it]
 14%|█▍        | 1220/8682 [44:25<4:31:16,  2.18s/it]
 14%|█▍        | 1221/8682 [44:27<4:24:07,  2.12s/it]
 14%|█▍        | 1222/8682 [44:30<4:30:09,  2.17s/it]
 14%|█▍        | 1223/8682 [44:33<5:00:40,  2.42s/it]
 14%|█▍        | 1224/8682 [44:35<4:40:36,  2.26s/it]
 14%|█▍        | 1225/8682 [44:37<4:46:03,  2.30s/it]
 14%|█▍        | 1226/8682 [44:39<4:47:20,  2.31s/it]
 14%|█▍        | 1227/8682 [44:41<4:41:51,  2.27s/it]
 14%|█▍        | 1228/8682 [44:44<4:43:40,  2.28s/it]
 14%|█▍        | 1229/8682 [44:46<4:49:34,  2.33s/it]
 14%|█▍        | 1230/8682 [44:48<4:22:55,  2.12s/it]
 14%|█▍        | 1231/8682 [44:49<4:05:10,  1.97s/it]
 14%|█▍        | 1232/8682 [44:52<4:12:39,  2.03s/it]
 14%|█▍        | 1233/8682 [44:54<4:09:43,  2.01s/it]
 14%|█▍        | 1234/8682 [44:56<4:10:10,  2.02s/it]
 14%|█▍        | 1235/8682 [44:58<4:22:20,  2.11s/it]
 14%|█▍        | 1236/8682 [45:00<4:06:50,  1.99s/it]
 14%|█▍        | 1237/8682 [45:02<4:21:58,  2.11s/it]
 14%|█▍        | 1238/8682 [45:05<4:44:24,  2.29s/it]
 14%|█▍        | 1239/8682 [45:07<4:29:55,  2.18s/it]
 14%|█▍        | 1240/8682 [45:08<4:13:23,  2.04s/it]
 14%|█▍        | 1241/8682 [45:11<4:21:18,  2.11s/it]
 14%|█▍        | 1242/8682 [45:13<4:14:12,  2.05s/it]
 14%|█▍        | 1243/8682 [45:15<4:29:59,  2.18s/it]
 14%|█▍        | 1244/8682 [45:17<4:24:44,  2.14s/it]
 14%|█▍        | 1245/8682 [45:19<4:26:10,  2.15s/it]
 14%|█▍        | 1246/8682 [45:21<4:27:01,  2.15s/it]
 14%|█▍        | 1247/8682 [45:23<4:21:29,  2.11s/it]
 14%|█▍        | 1248/8682 [45:25<4:05:05,  1.98s/it]
 14%|█▍        | 1249/8682 [45:28<4:46:47,  2.32s/it]
 14%|█▍        | 1250/8682 [45:30<4:22:57,  2.12s/it]

{'loss': '4.796', 'grad_norm': '1.916', 'learning_rate': '4.832e-05', 'epoch': '0.432'}

 14%|█▍        | 1250/8682 [45:30<4:22:57,  2.12s/it]
 14%|█▍        | 1251/8682 [45:32<4:17:40,  2.08s/it]
 14%|█▍        | 1252/8682 [45:34<4:15:13,  2.06s/it]
 14%|█▍        | 1253/8682 [45:37<4:36:54,  2.24s/it]
 14%|█▍        | 1254/8682 [45:39<4:39:41,  2.26s/it]
 14%|█▍        | 1255/8682 [45:41<4:44:52,  2.30s/it]
 14%|█▍        | 1256/8682 [45:43<4:29:52,  2.18s/it]
 14%|█▍        | 1257/8682 [45:45<4:16:53,  2.08s/it]
 14%|█▍        | 1258/8682 [45:47<4:07:58,  2.00s/it]
 15%|█▍        | 1259/8682 [45:49<4:06:37,  1.99s/it]
 15%|█▍        | 1260/8682 [45:51<4:02:25,  1.96s/it]
 15%|█▍        | 1261/8682 [45:53<4:02:56,  1.96s/it]
 15%|█▍        | 1262/8682 [45:55<4:03:00,  1.97s/it]
 15%|█▍        | 1263/8682 [45:57<4:11:55,  2.04s/it]
 15%|█▍        | 1264/8682 [46:00<4:44:36,  2.30s/it]
 15%|█▍        | 1265/8682 [46:03<5:03:21,  2.45s/it]
 15%|█▍        | 1266/8682 [46:05<4:49:30,  2.34s/it]
 15%|█▍        | 1267/8682 [46:07<4:31:08,  2.19s/it]
 15%|█▍        | 1268/8682 [46:09<4:59:26,  2.42s/it]
 15%|█▍        | 1269/8682 [46:12<5:07:55,  2.49s/it]
 15%|█▍        | 1270/8682 [46:14<4:50:17,  2.35s/it]
 15%|█▍        | 1271/8682 [46:17<4:56:01,  2.40s/it]
 15%|█▍        | 1272/8682 [46:19<4:38:09,  2.25s/it]
 15%|█▍        | 1273/8682 [46:22<5:06:37,  2.48s/it]
 15%|█▍        | 1274/8682 [46:24<5:02:40,  2.45s/it]
 15%|█▍        | 1275/8682 [46:26<5:00:05,  2.43s/it]
 15%|█▍        | 1276/8682 [46:29<5:02:48,  2.45s/it]
 15%|█▍        | 1277/8682 [46:31<4:39:05,  2.26s/it]
 15%|█▍        | 1278/8682 [46:33<4:57:43,  2.41s/it]
 15%|█▍        | 1279/8682 [46:35<4:30:03,  2.19s/it]
 15%|█▍        | 1280/8682 [46:37<4:37:48,  2.25s/it]
 15%|█▍        | 1281/8682 [46:40<4:42:21,  2.29s/it]
 15%|█▍        | 1282/8682 [46:42<4:43:29,  2.30s/it]
 15%|█▍        | 1283/8682 [46:44<4:18:26,  2.10s/it]
 15%|█▍        | 1284/8682 [46:46<4:29:59,  2.19s/it]
 15%|█▍        | 1285/8682 [46:48<4:02:09,  1.96s/it]
 15%|█▍        | 1286/8682 [46:50<4:18:02,  2.09s/it]
 15%|█▍        | 1287/8682 [46:52<4:11:47,  2.04s/it]
 15%|█▍        | 1288/8682 [46:54<4:28:04,  2.18s/it]
 15%|█▍        | 1289/8682 [46:57<4:35:56,  2.24s/it]
 15%|█▍        | 1290/8682 [46:59<4:40:52,  2.28s/it]
 15%|█▍        | 1291/8682 [47:01<4:15:09,  2.07s/it]
 15%|█▍        | 1292/8682 [47:03<4:27:59,  2.18s/it]
 15%|█▍        | 1293/8682 [47:06<4:58:21,  2.42s/it]
 15%|█▍        | 1294/8682 [47:08<4:41:37,  2.29s/it]
 15%|█▍        | 1295/8682 [47:10<4:29:29,  2.19s/it]
 15%|█▍        | 1296/8682 [47:12<4:29:30,  2.19s/it]
 15%|█▍        | 1297/8682 [47:14<4:18:40,  2.10s/it]
 15%|█▍        | 1298/8682 [47:16<4:10:03,  2.03s/it]
 15%|█▍        | 1299/8682 [47:19<4:37:26,  2.25s/it]
 15%|█▍        | 1300/8682 [47:21<4:38:17,  2.26s/it]

{'loss': '4.6', 'grad_norm': '1.877', 'learning_rate': '4.815e-05', 'epoch': '0.4493'}

 15%|█▍        | 1300/8682 [47:21<4:38:17,  2.26s/it]
 15%|█▍        | 1301/8682 [47:24<4:47:45,  2.34s/it]
 15%|█▍        | 1302/8682 [47:26<4:38:07,  2.26s/it]
 15%|█▌        | 1303/8682 [47:28<4:37:56,  2.26s/it]
 15%|█▌        | 1304/8682 [47:30<4:28:07,  2.18s/it]
 15%|█▌        | 1305/8682 [47:32<4:30:34,  2.20s/it]
 15%|█▌        | 1306/8682 [47:35<4:37:02,  2.25s/it]
 15%|█▌        | 1307/8682 [47:37<4:29:04,  2.19s/it]
 15%|█▌        | 1308/8682 [47:39<4:29:43,  2.19s/it]
 15%|█▌        | 1309/8682 [47:41<4:21:47,  2.13s/it]
 15%|█▌        | 1310/8682 [47:43<4:35:37,  2.24s/it]
 15%|█▌        | 1311/8682 [47:46<4:46:11,  2.33s/it]
 15%|█▌        | 1312/8682 [47:48<4:35:28,  2.24s/it]
 15%|█▌        | 1313/8682 [47:50<4:42:35,  2.30s/it]
 15%|█▌        | 1314/8682 [47:53<4:57:29,  2.42s/it]
 15%|█▌        | 1315/8682 [47:55<4:42:19,  2.30s/it]
 15%|█▌        | 1316/8682 [47:58<4:49:07,  2.36s/it]
 15%|█▌        | 1317/8682 [48:00<4:46:44,  2.34s/it]
 15%|█▌        | 1318/8682 [48:02<4:34:11,  2.23s/it]
 15%|█▌        | 1319/8682 [48:04<4:37:26,  2.26s/it]
 15%|█▌        | 1320/8682 [48:06<4:11:12,  2.05s/it]
 15%|█▌        | 1321/8682 [48:07<3:54:17,  1.91s/it]
 15%|█▌        | 1322/8682 [48:10<4:15:55,  2.09s/it]
 15%|█▌        | 1323/8682 [48:12<4:04:19,  1.99s/it]
 15%|█▌        | 1324/8682 [48:14<4:20:44,  2.13s/it]
 15%|█▌        | 1325/8682 [48:16<4:10:09,  2.04s/it]
 15%|█▌        | 1326/8682 [48:18<4:00:15,  1.96s/it]
 15%|█▌        | 1327/8682 [48:20<4:06:09,  2.01s/it]
 15%|█▌        | 1328/8682 [48:22<4:09:26,  2.04s/it]
 15%|█▌        | 1329/8682 [48:24<4:04:53,  2.00s/it]
 15%|█▌        | 1330/8682 [48:26<4:03:33,  1.99s/it]
 15%|█▌        | 1331/8682 [48:28<4:20:09,  2.12s/it]
 15%|█▌        | 1332/8682 [48:31<4:43:02,  2.31s/it]
 15%|█▌        | 1333/8682 [48:33<4:47:45,  2.35s/it]
 15%|█▌        | 1334/8682 [48:36<4:43:56,  2.32s/it]
 15%|█▌        | 1335/8682 [48:38<4:34:01,  2.24s/it]
 15%|█▌        | 1336/8682 [48:40<4:38:22,  2.27s/it]
 15%|█▌        | 1337/8682 [48:42<4:29:03,  2.20s/it]
 15%|█▌        | 1338/8682 [48:44<4:34:10,  2.24s/it]
 15%|█▌        | 1339/8682 [48:47<4:33:37,  2.24s/it]
 15%|█▌        | 1340/8682 [48:49<4:45:41,  2.33s/it]
 15%|█▌        | 1341/8682 [48:51<4:27:58,  2.19s/it]
 15%|█▌        | 1342/8682 [48:53<4:35:49,  2.25s/it]
 15%|█▌        | 1343/8682 [48:55<4:26:59,  2.18s/it]
 15%|█▌        | 1344/8682 [48:57<4:12:43,  2.07s/it]
 15%|█▌        | 1345/8682 [48:59<3:59:37,  1.96s/it]
 16%|█▌        | 1346/8682 [49:01<3:49:47,  1.88s/it]
 16%|█▌        | 1347/8682 [49:03<4:07:11,  2.02s/it]
 16%|█▌        | 1348/8682 [49:05<4:00:27,  1.97s/it]
 16%|█▌        | 1349/8682 [49:07<4:11:50,  2.06s/it]
 16%|█▌        | 1350/8682 [49:09<3:56:10,  1.93s/it]

{'loss': '4.391', 'grad_norm': '1.813', 'learning_rate': '4.797e-05', 'epoch': '0.4666'}

 16%|█▌        | 1350/8682 [49:09<3:56:10,  1.93s/it]
 16%|█▌        | 1351/8682 [49:11<4:05:44,  2.01s/it]
 16%|█▌        | 1352/8682 [49:13<4:13:59,  2.08s/it]
 16%|█▌        | 1353/8682 [49:15<4:19:27,  2.12s/it]
 16%|█▌        | 1354/8682 [49:18<4:33:57,  2.24s/it]
 16%|█▌        | 1355/8682 [49:20<4:41:13,  2.30s/it]
 16%|█▌        | 1356/8682 [49:22<4:19:14,  2.12s/it]
 16%|█▌        | 1357/8682 [49:24<4:07:12,  2.02s/it]
 16%|█▌        | 1358/8682 [49:27<4:37:14,  2.27s/it]
 16%|█▌        | 1359/8682 [49:30<5:01:31,  2.47s/it]
 16%|█▌        | 1360/8682 [49:32<4:56:52,  2.43s/it]
 16%|█▌        | 1361/8682 [49:34<4:24:52,  2.17s/it]
 16%|█▌        | 1362/8682 [49:36<4:24:03,  2.16s/it]
 16%|█▌        | 1363/8682 [49:38<4:35:53,  2.26s/it]
 16%|█▌        | 1364/8682 [49:40<4:32:23,  2.23s/it]
 16%|█▌        | 1365/8682 [49:43<4:34:41,  2.25s/it]
 16%|█▌        | 1366/8682 [49:46<4:55:53,  2.43s/it]
 16%|█▌        | 1367/8682 [49:48<4:46:48,  2.35s/it]
 16%|█▌        | 1368/8682 [49:49<4:18:58,  2.12s/it]
 16%|█▌        | 1369/8682 [49:52<4:28:21,  2.20s/it]
 16%|█▌        | 1370/8682 [49:54<4:15:56,  2.10s/it]
 16%|█▌        | 1371/8682 [49:56<4:23:06,  2.16s/it]
 16%|█▌        | 1372/8682 [49:58<4:27:06,  2.19s/it]
 16%|█▌        | 1373/8682 [50:01<4:37:38,  2.28s/it]
 16%|█▌        | 1374/8682 [50:03<4:49:18,  2.38s/it]
 16%|█▌        | 1375/8682 [50:05<4:18:13,  2.12s/it]
 16%|█▌        | 1376/8682 [50:07<4:35:32,  2.26s/it]
 16%|█▌        | 1377/8682 [50:10<4:46:27,  2.35s/it]
 16%|█▌        | 1378/8682 [50:12<4:28:44,  2.21s/it]
 16%|█▌        | 1379/8682 [50:14<4:42:35,  2.32s/it]
 16%|█▌        | 1380/8682 [50:17<4:40:35,  2.31s/it]
 16%|█▌        | 1381/8682 [50:19<4:59:40,  2.46s/it]
 16%|█▌        | 1382/8682 [50:22<4:51:11,  2.39s/it]
 16%|█▌        | 1383/8682 [50:25<5:15:14,  2.59s/it]
 16%|█▌        | 1384/8682 [50:27<5:06:24,  2.52s/it]
 16%|█▌        | 1385/8682 [50:29<4:54:19,  2.42s/it]
 16%|█▌        | 1386/8682 [50:32<4:49:13,  2.38s/it]
 16%|█▌        | 1387/8682 [50:33<4:19:10,  2.13s/it]
 16%|█▌        | 1388/8682 [50:36<4:32:52,  2.24s/it]
 16%|█▌        | 1389/8682 [50:38<4:35:19,  2.27s/it]
 16%|█▌        | 1390/8682 [50:40<4:22:47,  2.16s/it]
 16%|█▌        | 1391/8682 [50:42<4:30:55,  2.23s/it]
 16%|█▌        | 1392/8682 [50:44<4:21:33,  2.15s/it]
 16%|█▌        | 1393/8682 [50:46<4:04:20,  2.01s/it]
 16%|█▌        | 1394/8682 [50:48<4:13:49,  2.09s/it]
 16%|█▌        | 1395/8682 [50:51<4:37:20,  2.28s/it]
 16%|█▌        | 1396/8682 [50:52<4:13:37,  2.09s/it]
 16%|█▌        | 1397/8682 [50:54<4:05:45,  2.02s/it]
 16%|█▌        | 1398/8682 [50:57<4:19:34,  2.14s/it]
 16%|█▌        | 1399/8682 [50:59<4:17:27,  2.12s/it]
 16%|█▌        | 1400/8682 [51:01<4:28:36,  2.21s/it]

{'loss': '4.224', 'grad_norm': '1.75', 'learning_rate': '4.778e-05', 'epoch': '0.4838'}

 16%|█▌        | 1400/8682 [51:01<4:28:36,  2.21s/it]
 16%|█▌        | 1401/8682 [51:04<4:29:38,  2.22s/it]
 16%|█▌        | 1402/8682 [51:06<4:32:10,  2.24s/it]
 16%|█▌        | 1403/8682 [51:08<4:28:51,  2.22s/it]
 16%|█▌        | 1404/8682 [51:11<4:42:04,  2.33s/it]
 16%|█▌        | 1405/8682 [51:13<4:37:23,  2.29s/it]
 16%|█▌        | 1406/8682 [51:14<4:17:49,  2.13s/it]
 16%|█▌        | 1407/8682 [51:17<4:18:47,  2.13s/it]
 16%|█▌        | 1408/8682 [51:19<4:15:43,  2.11s/it]
 16%|█▌        | 1409/8682 [51:22<4:44:39,  2.35s/it]
 16%|█▌        | 1410/8682 [51:23<4:26:05,  2.20s/it]
 16%|█▋        | 1411/8682 [51:26<4:56:52,  2.45s/it]
 16%|█▋        | 1412/8682 [51:29<5:02:34,  2.50s/it]
 16%|█▋        | 1413/8682 [51:31<4:54:11,  2.43s/it]
 16%|█▋        | 1414/8682 [51:34<4:44:06,  2.35s/it]
 16%|█▋        | 1415/8682 [51:36<4:43:18,  2.34s/it]
 16%|█▋        | 1416/8682 [51:39<4:57:47,  2.46s/it]
 16%|█▋        | 1417/8682 [51:41<4:47:23,  2.37s/it]
 16%|█▋        | 1418/8682 [51:43<4:34:25,  2.27s/it]
 16%|█▋        | 1419/8682 [51:45<4:16:28,  2.12s/it]
 16%|█▋        | 1420/8682 [51:47<4:22:25,  2.17s/it]
 16%|█▋        | 1421/8682 [51:49<4:10:16,  2.07s/it]
 16%|█▋        | 1422/8682 [51:51<4:25:17,  2.19s/it]
 16%|█▋        | 1423/8682 [51:53<4:20:21,  2.15s/it]
 16%|█▋        | 1424/8682 [51:55<4:06:30,  2.04s/it]
 16%|█▋        | 1425/8682 [51:58<4:41:54,  2.33s/it]
 16%|█▋        | 1426/8682 [52:00<4:43:21,  2.34s/it]
 16%|█▋        | 1427/8682 [52:03<5:00:12,  2.48s/it]
 16%|█▋        | 1428/8682 [52:05<4:49:25,  2.39s/it]
 16%|█▋        | 1429/8682 [52:08<5:12:21,  2.58s/it]
 16%|█▋        | 1430/8682 [52:11<5:06:03,  2.53s/it]
 16%|█▋        | 1431/8682 [52:13<5:00:06,  2.48s/it]
 16%|█▋        | 1432/8682 [52:15<4:39:12,  2.31s/it]
 17%|█▋        | 1433/8682 [52:18<4:58:33,  2.47s/it]
 17%|█▋        | 1434/8682 [52:20<4:40:15,  2.32s/it]
 17%|█▋        | 1435/8682 [52:21<4:13:05,  2.10s/it]
 17%|█▋        | 1436/8682 [52:24<4:12:55,  2.09s/it]
 17%|█▋        | 1437/8682 [52:25<4:00:31,  1.99s/it]
 17%|█▋        | 1438/8682 [52:27<3:57:36,  1.97s/it]
 17%|█▋        | 1439/8682 [52:30<4:10:23,  2.07s/it]
 17%|█▋        | 1440/8682 [52:31<3:59:37,  1.99s/it]
 17%|█▋        | 1441/8682 [52:34<4:11:55,  2.09s/it]
 17%|█▋        | 1442/8682 [52:36<4:20:07,  2.16s/it]
 17%|█▋        | 1443/8682 [52:38<4:18:21,  2.14s/it]
 17%|█▋        | 1444/8682 [52:41<4:30:17,  2.24s/it]
 17%|█▋        | 1445/8682 [52:43<4:32:38,  2.26s/it]
 17%|█▋        | 1446/8682 [52:44<4:08:57,  2.06s/it]
 17%|█▋        | 1447/8682 [52:46<3:58:35,  1.98s/it]
 17%|█▋        | 1448/8682 [52:48<3:47:45,  1.89s/it]
 17%|█▋        | 1449/8682 [52:50<4:02:27,  2.01s/it]
 17%|█▋        | 1450/8682 [52:52<4:02:04,  2.01s/it]

{'loss': '4.044', 'grad_norm': '1.729', 'learning_rate': '4.758e-05', 'epoch': '0.5011'}

 17%|█▋        | 1450/8682 [52:52<4:02:04,  2.01s/it]
 17%|█▋        | 1451/8682 [52:55<4:13:38,  2.10s/it]
 17%|█▋        | 1452/8682 [52:57<4:10:17,  2.08s/it]
 17%|█▋        | 1453/8682 [52:59<4:08:48,  2.07s/it]
 17%|█▋        | 1454/8682 [53:01<4:12:10,  2.09s/it]
 17%|█▋        | 1455/8682 [53:03<4:17:05,  2.13s/it]
 17%|█▋        | 1456/8682 [53:06<4:46:50,  2.38s/it]
 17%|█▋        | 1457/8682 [53:08<4:38:36,  2.31s/it]
 17%|█▋        | 1458/8682 [53:10<4:31:12,  2.25s/it]
 17%|█▋        | 1459/8682 [53:12<4:21:09,  2.17s/it]
 17%|█▋        | 1460/8682 [53:15<4:29:35,  2.24s/it]
 17%|█▋        | 1461/8682 [53:16<4:13:00,  2.10s/it]
 17%|█▋        | 1462/8682 [53:18<4:04:47,  2.03s/it]
 17%|█▋        | 1463/8682 [53:21<4:32:03,  2.26s/it]
 17%|█▋        | 1464/8682 [53:23<4:28:00,  2.23s/it]
 17%|█▋        | 1465/8682 [53:25<4:29:03,  2.24s/it]
 17%|█▋        | 1466/8682 [53:28<4:30:24,  2.25s/it]
 17%|█▋        | 1467/8682 [53:30<4:27:36,  2.23s/it]
 17%|█▋        | 1468/8682 [53:33<4:57:22,  2.47s/it]
 17%|█▋        | 1469/8682 [53:35<4:34:24,  2.28s/it]
 17%|█▋        | 1470/8682 [53:37<4:18:55,  2.15s/it]
 17%|█▋        | 1471/8682 [53:39<4:25:44,  2.21s/it]
 17%|█▋        | 1472/8682 [53:41<4:30:26,  2.25s/it]
 17%|█▋        | 1473/8682 [53:44<4:29:00,  2.24s/it]
 17%|█▋        | 1474/8682 [53:46<4:54:31,  2.45s/it]
 17%|█▋        | 1475/8682 [53:48<4:23:31,  2.19s/it]
 17%|█▋        | 1476/8682 [53:50<4:15:47,  2.13s/it]
 17%|█▋        | 1477/8682 [53:53<4:42:49,  2.36s/it]
 17%|█▋        | 1478/8682 [53:55<4:24:03,  2.20s/it]
 17%|█▋        | 1479/8682 [53:57<4:32:31,  2.27s/it]
 17%|█▋        | 1480/8682 [54:00<4:34:49,  2.29s/it]
 17%|█▋        | 1481/8682 [54:02<4:24:16,  2.20s/it]
 17%|█▋        | 1482/8682 [54:04<4:19:08,  2.16s/it]
 17%|█▋        | 1483/8682 [54:06<4:28:55,  2.24s/it]
 17%|█▋        | 1484/8682 [54:08<4:07:55,  2.07s/it]
 17%|█▋        | 1485/8682 [54:10<4:21:09,  2.18s/it]
 17%|█▋        | 1486/8682 [54:13<4:29:30,  2.25s/it]
 17%|█▋        | 1487/8682 [54:15<4:27:54,  2.23s/it]
 17%|█▋        | 1488/8682 [54:17<4:16:52,  2.14s/it]
 17%|█▋        | 1489/8682 [54:18<4:01:50,  2.02s/it]
 17%|█▋        | 1490/8682 [54:20<3:55:25,  1.96s/it]
 17%|█▋        | 1491/8682 [54:22<4:04:57,  2.04s/it]
 17%|█▋        | 1492/8682 [54:24<3:56:41,  1.98s/it]
 17%|█▋        | 1493/8682 [54:26<3:49:31,  1.92s/it]
 17%|█▋        | 1494/8682 [54:28<3:58:41,  1.99s/it]
 17%|█▋        | 1495/8682 [54:30<3:59:37,  2.00s/it]
 17%|█▋        | 1496/8682 [54:33<4:09:10,  2.08s/it]
 17%|█▋        | 1497/8682 [54:35<4:11:27,  2.10s/it]
 17%|█▋        | 1498/8682 [54:37<4:17:36,  2.15s/it]
============================================================
SANITY CHECK @ Step 1499
============================================================
  ✓ IN:  hello there
    EXP: Hello there
    OUT: Hello there

  ✓ IN:  thx 4 the help
    EXP: Thanks for the help
    OUT: Thanks for the help

  ✓ IN:  c u l8r
    EXP: See you later
    OUT: See you later

  ✓ IN:  idk wh4t 2 d0 tbh
    EXP: I don't know what to do to be honest
    OUT: I don't know what to do to be honest

  ✓ IN:  1 h4v3 2 c4t5
    EXP: I have 2 cats
    OUT: I have 2 cats

  ✓ IN:  ur prolly right
    EXP: You're probably right
    OUT: You're probably right

  ✓ IN:  1t5 2 l8
    EXP: It is too late
    OUT: It is too late

  ✗ IN:  th4t5 2 much 4 m3
    EXP: That's too much for me
    OUT: That is too much for.

  ✓ IN:  1 n33d 2 g0 2 w0rk
    EXP: I need to go to work
    OUT: I need to go to work

  ✗ IN:  wh4t t1m3 15 th3 m33t1ng @ 3 pm
    EXP: What time is the meeting at 3 PM
    OUT: What time is the meeting a 3 PM

  ✓ IN:  1 g0t 100 p01nt5 0n th3 t35t
    EXP: I got 100 points on the test
    OUT: I got 100 points on the test

  ✓ IN:  I have 2 cats
    EXP: I have 2 cats
    OUT: I have 2 cats

  ✓ IN:  The meeting is at 3 PM
    EXP: The meeting is at 3 PM
    OUT: The meeting is at 3 PM

Accuracy: 11/13 (84.6%)
============================================================


 17%|█▋        | 1499/8682 [54:42<6:16:52,  3.15s/it]
 17%|█▋        | 1500/8682 [54:45<5:56:35,  2.98s/it]

{'loss': '3.873', 'grad_norm': '1.658', 'learning_rate': '4.738e-05', 'epoch': '0.5184'}

 17%|█▋        | 1500/8682 [54:45<5:56:35,  2.98s/it]

  0%|          | 0/94 [00:00<?, ?it/s][A

  2%|▏         | 2/94 [00:00<00:41,  2.24it/s][A

  3%|▎         | 3/94 [00:01<00:55,  1.64it/s][A

  4%|▍         | 4/94 [00:02<00:57,  1.56it/s][A

  5%|▌         | 5/94 [00:03<01:22,  1.09it/s][A

  6%|▋         | 6/94 [00:04<01:17,  1.14it/s][A

  7%|▋         | 7/94 [00:05<01:09,  1.26it/s][A

  9%|▊         | 8/94 [00:06<01:21,  1.05it/s][A

 10%|▉         | 9/94 [00:07<01:24,  1.00it/s][A

 11%|█         | 10/94 [00:08<01:16,  1.10it/s][A

 12%|█▏        | 11/94 [00:09<01:17,  1.06it/s][A

 13%|█▎        | 12/94 [00:10<01:17,  1.05it/s][A

 14%|█▍        | 13/94 [00:11<01:15,  1.07it/s][A

 15%|█▍        | 14/94 [00:12<01:14,  1.07it/s][A

 16%|█▌        | 15/94 [00:13<01:21,  1.03s/it][A

 17%|█▋        | 16/94 [00:14<01:18,  1.01s/it][A

 18%|█▊        | 17/94 [00:15<01:19,  1.03s/it][A

 19%|█▉        | 18/94 [00:16<01:10,  1.07it/s][A

 20%|██        | 19/94 [00:17<01:08,  1.09it/s][A

 21%|██▏       | 20/94 [00:18<01:09,  1.07it/s][A

 22%|██▏       | 21/94 [00:18<01:01,  1.18it/s][A

 23%|██▎       | 22/94 [00:19<01:08,  1.04it/s][A

 24%|██▍       | 23/94 [00:20<01:02,  1.14it/s][A

 26%|██▌       | 24/94 [00:21<00:55,  1.25it/s][A

 27%|██▋       | 25/94 [00:22<00:57,  1.19it/s][A

 28%|██▊       | 26/94 [00:23<00:59,  1.15it/s][A

 29%|██▊       | 27/94 [00:23<00:57,  1.16it/s][A

 30%|██▉       | 28/94 [00:24<00:51,  1.29it/s][A

 31%|███       | 29/94 [00:25<01:00,  1.07it/s][A

 32%|███▏      | 30/94 [00:26<00:55,  1.15it/s][A

 33%|███▎      | 31/94 [00:27<01:05,  1.03s/it][A

 34%|███▍      | 32/94 [00:29<01:04,  1.05s/it][A

 35%|███▌      | 33/94 [00:30<01:04,  1.05s/it][A

 36%|███▌      | 34/94 [00:31<01:03,  1.06s/it][A

 37%|███▋      | 35/94 [00:32<01:00,  1.03s/it][A

 38%|███▊      | 36/94 [00:32<00:54,  1.07it/s][A

 39%|███▉      | 37/94 [00:33<00:49,  1.15it/s][A

 40%|████      | 38/94 [00:34<00:46,  1.20it/s][A

 41%|████▏     | 39/94 [00:35<00:53,  1.03it/s][A

 43%|████▎     | 40/94 [00:36<00:52,  1.03it/s][A

 44%|████▎     | 41/94 [00:38<00:59,  1.12s/it][A

 45%|████▍     | 42/94 [00:38<00:50,  1.03it/s][A

 46%|████▌     | 43/94 [00:39<00:52,  1.04s/it][A

 47%|████▋     | 44/94 [00:40<00:46,  1.09it/s][A

 48%|████▊     | 45/94 [00:42<00:54,  1.11s/it][A

 49%|████▉     | 46/94 [00:43<00:52,  1.10s/it][A

 50%|█████     | 47/94 [00:43<00:47,  1.01s/it][A

 51%|█████     | 48/94 [00:44<00:45,  1.01it/s][A

 52%|█████▏    | 49/94 [00:45<00:44,  1.00it/s][A

 53%|█████▎    | 50/94 [00:46<00:42,  1.05it/s][A

 54%|█████▍    | 51/94 [00:47<00:43,  1.01s/it][A

 55%|█████▌    | 52/94 [00:48<00:41,  1.00it/s][A

 56%|█████▋    | 53/94 [00:49<00:36,  1.12it/s][A

 57%|█████▋    | 54/94 [00:50<00:33,  1.18it/s][A

 59%|█████▊    | 55/94 [00:51<00:39,  1.00s/it][A

 60%|█████▉    | 56/94 [00:52<00:39,  1.03s/it][A

 61%|██████    | 57/94 [00:53<00:34,  1.07it/s][A

 62%|██████▏   | 58/94 [00:54<00:35,  1.01it/s][A

 63%|██████▎   | 59/94 [00:55<00:36,  1.04s/it][A

 64%|██████▍   | 60/94 [00:56<00:34,  1.01s/it][A

 65%|██████▍   | 61/94 [00:57<00:32,  1.02it/s][A

 66%|██████▌   | 62/94 [00:58<00:33,  1.05s/it][A

 67%|██████▋   | 63/94 [00:59<00:32,  1.06s/it][A

 68%|██████▊   | 64/94 [01:00<00:31,  1.06s/it][A

 69%|██████▉   | 65/94 [01:01<00:30,  1.04s/it][A

 70%|███████   | 66/94 [01:02<00:27,  1.03it/s][A

 71%|███████▏  | 67/94 [01:03<00:27,  1.00s/it][A

 72%|███████▏  | 68/94 [01:04<00:26,  1.03s/it][A

 73%|███████▎  | 69/94 [01:05<00:26,  1.04s/it][A

 74%|███████▍  | 70/94 [01:06<00:23,  1.01it/s][A

 76%|███████▌  | 71/94 [01:08<00:25,  1.09s/it][A

 77%|███████▋  | 72/94 [01:08<00:21,  1.03it/s][A

 78%|███████▊  | 73/94 [01:09<00:19,  1.06it/s][A

 79%|███████▊  | 74/94 [01:11<00:21,  1.08s/it][A

 80%|███████▉  | 75/94 [01:11<00:18,  1.04it/s][A

 81%|████████  | 76/94 [01:12<00:17,  1.01it/s][A

 82%|████████▏ | 77/94 [01:13<00:17,  1.03s/it][A

 83%|████████▎ | 78/94 [01:15<00:18,  1.14s/it][A

 84%|████████▍ | 79/94 [01:16<00:15,  1.05s/it][A

 85%|████████▌ | 80/94 [01:16<00:13,  1.04it/s][A

 86%|████████▌ | 81/94 [01:17<00:12,  1.02it/s][A

 87%|████████▋ | 82/94 [01:19<00:12,  1.07s/it][A

 88%|████████▊ | 83/94 [01:20<00:11,  1.02s/it][A

 89%|████████▉ | 84/94 [01:21<00:09,  1.00it/s][A

 90%|█████████ | 85/94 [01:22<00:09,  1.01s/it][A

 91%|█████████▏| 86/94 [01:23<00:08,  1.03s/it][A

 93%|█████████▎| 87/94 [01:24<00:06,  1.02it/s][A

 94%|█████████▎| 88/94 [01:25<00:06,  1.02s/it][A

 95%|█████████▍| 89/94 [01:25<00:04,  1.08it/s][A

 96%|█████████▌| 90/94 [01:26<00:03,  1.08it/s][A

 97%|█████████▋| 91/94 [01:27<00:02,  1.16it/s][A

 98%|█████████▊| 92/94 [01:28<00:01,  1.24it/s][A

 99%|█████████▉| 93/94 [01:29<00:00,  1.08it/s][A

100%|██████████| 94/94 [01:31<00:00,  1.17s/it][A



[A{'eval_loss': '1.547', 'eval_runtime': '95.19', 'eval_samples_per_second': '378', 'eval_steps_per_second': '0.987', 'epoch': '0.5184'}

 17%|█▋        | 1500/8682 [56:20<5:56:35,  2.98s/it]

100%|██████████| 94/94 [01:31<00:00,  1.17s/it][A

                                               [A

Writing model shards:   0%|          | 0/1 [00:00<?, ?it/s][A

Writing model shards: 100%|██████████| 1/1 [00:03<00:00,  3.15s/it][A
Writing model shards: 100%|██████████| 1/1 [00:03<00:00,  3.15s/it]
/venv/main/lib/python3.12/site-packages/torch/distributed/c10d_logger.py:83: UserWarning: barrier(): using the device under current context. You can specify `device_id` in `init_process_group` to mute this warning.
  return func(*args, **kwargs)

 17%|█▋        | 1501/8682 [56:28<66:01:30, 33.10s/it]
 17%|█▋        | 1502/8682 [56:31<47:44:44, 23.94s/it]
 17%|█▋        | 1503/8682 [56:33<34:24:44, 17.26s/it]
 17%|█▋        | 1504/8682 [56:35<25:17:59, 12.69s/it]
 17%|█▋        | 1505/8682 [56:37<18:53:52,  9.48s/it]
 17%|█▋        | 1506/8682 [56:39<14:32:52,  7.30s/it]
 17%|█▋        | 1507/8682 [56:42<11:50:42,  5.94s/it]
 17%|█▋        | 1508/8682 [56:43<9:19:33,  4.68s/it]
 17%|█▋        | 1509/8682 [56:45<7:41:10,  3.86s/it]
 17%|█▋        | 1510/8682 [56:48<6:52:37,  3.45s/it]
 17%|█▋        | 1511/8682 [56:51<6:31:29,  3.28s/it]
 17%|█▋        | 1512/8682 [56:53<5:56:52,  2.99s/it]
 17%|█▋        | 1513/8682 [56:55<5:30:18,  2.76s/it]
 17%|█▋        | 1514/8682 [56:57<5:05:21,  2.56s/it]
 17%|█▋        | 1515/8682 [56:59<4:53:22,  2.46s/it]
 17%|█▋        | 1516/8682 [57:02<4:53:00,  2.45s/it]
 17%|█▋        | 1517/8682 [57:04<4:33:22,  2.29s/it]
 17%|█▋        | 1518/8682 [57:06<4:23:04,  2.20s/it]
 17%|█▋        | 1519/8682 [57:08<4:26:18,  2.23s/it]
 18%|█▊        | 1520/8682 [57:10<4:21:48,  2.19s/it]
 18%|█▊        | 1521/8682 [57:13<4:26:52,  2.24s/it]
 18%|█▊        | 1522/8682 [57:15<4:27:05,  2.24s/it]
 18%|█▊        | 1523/8682 [57:17<4:29:06,  2.26s/it]
 18%|█▊        | 1524/8682 [57:19<4:27:16,  2.24s/it]
 18%|█▊        | 1525/8682 [57:21<4:12:02,  2.11s/it]
 18%|█▊        | 1526/8682 [57:23<4:15:12,  2.14s/it]
 18%|█▊        | 1527/8682 [57:26<4:28:08,  2.25s/it]
 18%|█▊        | 1528/8682 [57:29<4:56:30,  2.49s/it]
 18%|█▊        | 1529/8682 [57:31<4:44:02,  2.38s/it]
 18%|█▊        | 1530/8682 [57:33<4:43:11,  2.38s/it]
 18%|█▊        | 1531/8682 [57:35<4:16:11,  2.15s/it]
 18%|█▊        | 1532/8682 [57:37<3:59:40,  2.01s/it]
 18%|█▊        | 1533/8682 [57:39<4:08:07,  2.08s/it]
 18%|█▊        | 1534/8682 [57:41<4:06:17,  2.07s/it]
 18%|█▊        | 1535/8682 [57:43<4:01:18,  2.03s/it]
 18%|█▊        | 1536/8682 [57:45<3:59:17,  2.01s/it]
 18%|█▊        | 1537/8682 [57:48<4:28:54,  2.26s/it]
 18%|█▊        | 1538/8682 [57:50<4:17:00,  2.16s/it]
 18%|█▊        | 1539/8682 [57:51<3:58:58,  2.01s/it]
 18%|█▊        | 1540/8682 [57:53<4:04:30,  2.05s/it]
 18%|█▊        | 1541/8682 [57:56<4:05:05,  2.06s/it]
 18%|█▊        | 1542/8682 [57:57<3:56:01,  1.98s/it]
 18%|█▊        | 1543/8682 [58:00<4:05:56,  2.07s/it]
 18%|█▊        | 1544/8682 [58:02<4:17:33,  2.16s/it]
 18%|█▊        | 1545/8682 [58:04<4:16:04,  2.15s/it]
 18%|█▊        | 1546/8682 [58:06<4:22:33,  2.21s/it]
 18%|█▊        | 1547/8682 [58:09<4:28:21,  2.26s/it]
 18%|█▊        | 1548/8682 [58:10<4:06:09,  2.07s/it]
 18%|█▊        | 1549/8682 [58:13<4:08:16,  2.09s/it]
 18%|█▊        | 1550/8682 [58:15<4:09:21,  2.10s/it]

{'loss': '3.697', 'grad_norm': '1.567', 'learning_rate': '4.717e-05', 'epoch': '0.5357'}

 18%|█▊        | 1550/8682 [58:15<4:09:21,  2.10s/it]
 18%|█▊        | 1551/8682 [58:17<4:10:59,  2.11s/it]
 18%|█▊        | 1552/8682 [58:19<4:09:42,  2.10s/it]
 18%|█▊        | 1553/8682 [58:21<3:55:25,  1.98s/it]
 18%|█▊        | 1554/8682 [58:23<3:56:16,  1.99s/it]
 18%|█▊        | 1555/8682 [58:24<3:44:53,  1.89s/it]
 18%|█▊        | 1556/8682 [58:26<3:41:00,  1.86s/it]
 18%|█▊        | 1557/8682 [58:28<3:52:08,  1.95s/it]
 18%|█▊        | 1558/8682 [58:31<4:10:19,  2.11s/it]
 18%|█▊        | 1559/8682 [58:33<4:01:44,  2.04s/it]
 18%|█▊        | 1560/8682 [58:34<3:54:45,  1.98s/it]
 18%|█▊        | 1561/8682 [58:36<3:40:31,  1.86s/it]
 18%|█▊        | 1562/8682 [58:38<3:30:28,  1.77s/it]
 18%|█▊        | 1563/8682 [58:40<3:39:12,  1.85s/it]
 18%|█▊        | 1564/8682 [58:41<3:34:00,  1.80s/it]
 18%|█▊        | 1565/8682 [58:44<4:02:44,  2.05s/it]
 18%|█▊        | 1566/8682 [58:46<3:48:44,  1.93s/it]
 18%|█▊        | 1567/8682 [58:47<3:44:59,  1.90s/it]
 18%|█▊        | 1568/8682 [58:50<4:17:14,  2.17s/it]
 18%|█▊        | 1569/8682 [58:52<4:06:04,  2.08s/it]
 18%|█▊        | 1570/8682 [58:54<3:56:54,  2.00s/it]
 18%|█▊        | 1571/8682 [58:56<4:01:42,  2.04s/it]
 18%|█▊        | 1572/8682 [58:59<4:21:55,  2.21s/it]
 18%|█▊        | 1573/8682 [59:01<4:24:40,  2.23s/it]
 18%|█▊        | 1574/8682 [59:03<4:29:05,  2.27s/it]
 18%|█▊        | 1575/8682 [59:06<4:54:29,  2.49s/it]
 18%|█▊        | 1576/8682 [59:08<4:42:52,  2.39s/it]
 18%|█▊        | 1577/8682 [59:10<4:21:46,  2.21s/it]
 18%|█▊        | 1578/8682 [59:12<4:19:43,  2.19s/it]
 18%|█▊        | 1579/8682 [59:15<4:18:18,  2.18s/it]
 18%|█▊        | 1580/8682 [59:17<4:19:06,  2.19s/it]
 18%|█▊        | 1581/8682 [59:19<4:24:58,  2.24s/it]
 18%|█▊        | 1582/8682 [59:21<4:03:17,  2.06s/it]
 18%|█▊        | 1583/8682 [59:23<4:12:20,  2.13s/it]
 18%|█▊        | 1584/8682 [59:25<4:11:32,  2.13s/it]
 18%|█▊        | 1585/8682 [59:27<3:59:20,  2.02s/it]
 18%|█▊        | 1586/8682 [59:29<3:54:25,  1.98s/it]
 18%|█▊        | 1587/8682 [59:32<4:28:26,  2.27s/it]
 18%|█▊        | 1588/8682 [59:35<4:54:15,  2.49s/it]
 18%|█▊        | 1589/8682 [59:37<4:39:50,  2.37s/it]
 18%|█▊        | 1590/8682 [59:38<4:14:04,  2.15s/it]
 18%|█▊        | 1591/8682 [59:40<4:08:41,  2.10s/it]
 18%|█▊        | 1592/8682 [59:43<4:14:33,  2.15s/it]
 18%|█▊        | 1593/8682 [59:45<4:17:46,  2.18s/it]
 18%|█▊        | 1594/8682 [59:48<4:29:10,  2.28s/it]
 18%|█▊        | 1595/8682 [59:49<4:13:27,  2.15s/it]
 18%|█▊        | 1596/8682 [59:52<4:23:05,  2.23s/it]
 18%|█▊        | 1597/8682 [59:54<4:19:48,  2.20s/it]
 18%|█▊        | 1598/8682 [59:56<4:19:47,  2.20s/it]
 18%|█▊        | 1599/8682 [59:58<4:10:03,  2.12s/it]
 18%|█▊        | 1600/8682 [1:00:00<4:09:48,  2.12s/it]

{'loss': '3.549', 'grad_norm': '1.505', 'learning_rate': '4.695e-05', 'epoch': '0.553'}

 18%|█▊        | 1600/8682 [1:00:00<4:09:48,  2.12s/it]
 18%|█▊        | 1601/8682 [1:00:02<4:02:28,  2.05s/it]
 18%|█▊        | 1602/8682 [1:00:04<4:14:39,  2.16s/it]
 18%|█▊        | 1603/8682 [1:00:06<4:03:13,  2.06s/it]
 18%|█▊        | 1604/8682 [1:00:09<4:10:05,  2.12s/it]
 18%|█▊        | 1605/8682 [1:00:11<4:06:05,  2.09s/it]
 18%|█▊        | 1606/8682 [1:00:13<4:16:37,  2.18s/it]
 19%|█▊        | 1607/8682 [1:00:15<4:08:13,  2.11s/it]
 19%|█▊        | 1608/8682 [1:00:17<4:18:14,  2.19s/it]
 19%|█▊        | 1609/8682 [1:00:19<4:11:32,  2.13s/it]
 19%|█▊        | 1610/8682 [1:00:22<4:20:19,  2.21s/it]
 19%|█▊        | 1611/8682 [1:00:25<4:45:24,  2.42s/it]
 19%|█▊        | 1612/8682 [1:00:26<4:25:53,  2.26s/it]
 19%|█▊        | 1613/8682 [1:00:29<4:43:38,  2.41s/it]
 19%|█▊        | 1614/8682 [1:00:31<4:19:58,  2.21s/it]
 19%|█▊        | 1615/8682 [1:00:33<4:09:25,  2.12s/it]
 19%|█▊        | 1616/8682 [1:00:35<4:01:04,  2.05s/it]
 19%|█▊        | 1617/8682 [1:00:36<3:47:24,  1.93s/it]
 19%|█▊        | 1618/8682 [1:00:39<4:13:05,  2.15s/it]
 19%|█▊        | 1619/8682 [1:00:42<4:28:00,  2.28s/it]
 19%|█▊        | 1620/8682 [1:00:44<4:29:20,  2.29s/it]
 19%|█▊        | 1621/8682 [1:00:46<4:08:49,  2.11s/it]
 19%|█▊        | 1622/8682 [1:00:48<4:08:10,  2.11s/it]
 19%|█▊        | 1623/8682 [1:00:50<4:07:16,  2.10s/it]
 19%|█▊        | 1624/8682 [1:00:52<4:16:46,  2.18s/it]
 19%|█▊        | 1625/8682 [1:00:54<4:15:08,  2.17s/it]
 19%|█▊        | 1626/8682 [1:00:56<4:11:52,  2.14s/it]
 19%|█▊        | 1627/8682 [1:00:59<4:14:12,  2.16s/it]
 19%|█▉        | 1628/8682 [1:01:00<4:00:27,  2.05s/it]
 19%|█▉        | 1629/8682 [1:01:02<3:58:45,  2.03s/it]
 19%|█▉        | 1630/8682 [1:01:05<4:05:25,  2.09s/it]
 19%|█▉        | 1631/8682 [1:01:06<3:54:30,  2.00s/it]
 19%|█▉        | 1632/8682 [1:01:09<4:14:40,  2.17s/it]
 19%|█▉        | 1633/8682 [1:01:11<4:19:09,  2.21s/it]
 19%|█▉        | 1634/8682 [1:01:13<3:58:53,  2.03s/it]
 19%|█▉        | 1635/8682 [1:01:16<4:27:58,  2.28s/it]
 19%|█▉        | 1636/8682 [1:01:18<4:29:49,  2.30s/it]
 19%|█▉        | 1637/8682 [1:01:20<4:05:16,  2.09s/it]
 19%|█▉        | 1638/8682 [1:01:21<3:47:13,  1.94s/it]
 19%|█▉        | 1639/8682 [1:01:24<4:18:56,  2.21s/it]
 19%|█▉        | 1640/8682 [1:01:26<4:23:54,  2.25s/it]
 19%|█▉        | 1641/8682 [1:01:29<4:33:20,  2.33s/it]
 19%|█▉        | 1642/8682 [1:01:31<4:14:16,  2.17s/it]
 19%|█▉        | 1643/8682 [1:01:33<4:13:12,  2.16s/it]
 19%|█▉        | 1644/8682 [1:01:35<4:06:19,  2.10s/it]
 19%|█▉        | 1645/8682 [1:01:37<4:12:20,  2.15s/it]
 19%|█▉        | 1646/8682 [1:01:39<4:00:25,  2.05s/it]
 19%|█▉        | 1647/8682 [1:01:41<4:04:27,  2.08s/it]
 19%|█▉        | 1648/8682 [1:01:44<4:17:34,  2.20s/it]
 19%|█▉        | 1649/8682 [1:01:46<4:22:19,  2.24s/it]
 19%|█▉        | 1650/8682 [1:01:48<4:26:06,  2.27s/it]

{'loss': '3.412', 'grad_norm': '1.421', 'learning_rate': '4.672e-05', 'epoch': '0.5702'}

 19%|█▉        | 1650/8682 [1:01:48<4:26:06,  2.27s/it]
 19%|█▉        | 1651/8682 [1:01:50<4:02:47,  2.07s/it]
 19%|█▉        | 1652/8682 [1:01:53<4:27:28,  2.28s/it]
 19%|█▉        | 1653/8682 [1:01:54<4:05:20,  2.09s/it]
 19%|█▉        | 1654/8682 [1:01:57<4:15:36,  2.18s/it]
 19%|█▉        | 1655/8682 [1:01:59<4:08:52,  2.13s/it]
 19%|█▉        | 1656/8682 [1:02:01<4:18:37,  2.21s/it]
 19%|█▉        | 1657/8682 [1:02:04<4:45:04,  2.43s/it]
 19%|█▉        | 1658/8682 [1:02:06<4:26:07,  2.27s/it]
 19%|█▉        | 1659/8682 [1:02:08<4:16:50,  2.19s/it]
 19%|█▉        | 1660/8682 [1:02:10<4:15:48,  2.19s/it]
 19%|█▉        | 1661/8682 [1:02:12<4:07:08,  2.11s/it]
 19%|█▉        | 1662/8682 [1:02:15<4:23:20,  2.25s/it]
 19%|█▉        | 1663/8682 [1:02:17<4:40:11,  2.40s/it]
 19%|█▉        | 1664/8682 [1:02:19<4:14:51,  2.18s/it]
 19%|█▉        | 1665/8682 [1:02:21<4:09:39,  2.13s/it]
 19%|█▉        | 1666/8682 [1:02:23<4:08:02,  2.12s/it]
 19%|█▉        | 1667/8682 [1:02:25<4:04:07,  2.09s/it]
 19%|█▉        | 1668/8682 [1:02:28<4:16:24,  2.19s/it]
 19%|█▉        | 1669/8682 [1:02:30<4:07:07,  2.11s/it]
 19%|█▉        | 1670/8682 [1:02:31<3:52:24,  1.99s/it]
 19%|█▉        | 1671/8682 [1:02:34<4:06:28,  2.11s/it]
 19%|█▉        | 1672/8682 [1:02:36<4:00:22,  2.06s/it]
 19%|█▉        | 1673/8682 [1:02:38<4:14:03,  2.17s/it]
 19%|█▉        | 1674/8682 [1:02:40<3:54:07,  2.00s/it]
 19%|█▉        | 1675/8682 [1:02:42<3:54:04,  2.00s/it]
 19%|█▉        | 1676/8682 [1:02:44<4:05:41,  2.10s/it]
 19%|█▉        | 1677/8682 [1:02:46<4:09:59,  2.14s/it]
 19%|█▉        | 1678/8682 [1:02:49<4:23:57,  2.26s/it]
 19%|█▉        | 1679/8682 [1:02:51<4:14:25,  2.18s/it]
 19%|█▉        | 1680/8682 [1:02:53<4:03:05,  2.08s/it]
 19%|█▉        | 1681/8682 [1:02:54<3:49:43,  1.97s/it]
 19%|█▉        | 1682/8682 [1:02:56<3:50:06,  1.97s/it]
 19%|█▉        | 1683/8682 [1:02:58<3:50:11,  1.97s/it]
 19%|█▉        | 1684/8682 [1:03:01<4:02:57,  2.08s/it]
 19%|█▉        | 1685/8682 [1:03:03<4:16:47,  2.20s/it]
 19%|█▉        | 1686/8682 [1:03:05<4:11:22,  2.16s/it]
 19%|█▉        | 1687/8682 [1:03:07<4:16:19,  2.20s/it]
 19%|█▉        | 1688/8682 [1:03:10<4:29:49,  2.31s/it]
 19%|█▉        | 1689/8682 [1:03:12<4:20:09,  2.23s/it]
 19%|█▉        | 1690/8682 [1:03:14<3:59:02,  2.05s/it]
 19%|█▉        | 1691/8682 [1:03:16<4:12:07,  2.16s/it]
 19%|█▉        | 1692/8682 [1:03:18<4:14:20,  2.18s/it]
 20%|█▉        | 1693/8682 [1:03:20<4:06:49,  2.12s/it]
 20%|█▉        | 1694/8682 [1:03:23<4:17:50,  2.21s/it]
 20%|█▉        | 1695/8682 [1:03:25<4:21:45,  2.25s/it]
 20%|█▉        | 1696/8682 [1:03:27<4:28:23,  2.31s/it]
 20%|█▉        | 1697/8682 [1:03:29<4:17:10,  2.21s/it]
 20%|█▉        | 1698/8682 [1:03:32<4:36:07,  2.37s/it]
 20%|█▉        | 1699/8682 [1:03:35<4:34:33,  2.36s/it]
 20%|█▉        | 1700/8682 [1:03:37<4:31:53,  2.34s/it]

{'loss': '3.27', 'grad_norm': '1.45', 'learning_rate': '4.649e-05', 'epoch': '0.5875'}

 20%|█▉        | 1700/8682 [1:03:37<4:31:53,  2.34s/it]
 20%|█▉        | 1701/8682 [1:03:39<4:27:25,  2.30s/it]
 20%|█▉        | 1702/8682 [1:03:41<4:22:37,  2.26s/it]
 20%|█▉        | 1703/8682 [1:03:43<4:21:19,  2.25s/it]
 20%|█▉        | 1704/8682 [1:03:46<4:25:02,  2.28s/it]
 20%|█▉        | 1705/8682 [1:03:49<4:43:52,  2.44s/it]
 20%|█▉        | 1706/8682 [1:03:51<4:26:39,  2.29s/it]
 20%|█▉        | 1707/8682 [1:03:53<4:32:07,  2.34s/it]
 20%|█▉        | 1708/8682 [1:03:55<4:22:16,  2.26s/it]
 20%|█▉        | 1709/8682 [1:03:57<4:22:11,  2.26s/it]
 20%|█▉        | 1710/8682 [1:04:00<4:20:37,  2.24s/it]
 20%|█▉        | 1711/8682 [1:04:02<4:24:50,  2.28s/it]
 20%|█▉        | 1712/8682 [1:04:04<4:15:00,  2.20s/it]
 20%|█▉        | 1713/8682 [1:04:06<4:10:16,  2.15s/it]
 20%|█▉        | 1714/8682 [1:04:08<4:00:16,  2.07s/it]
 20%|█▉        | 1715/8682 [1:04:10<3:58:15,  2.05s/it]
 20%|█▉        | 1716/8682 [1:04:12<4:06:26,  2.12s/it]
 20%|█▉        | 1717/8682 [1:04:14<4:11:03,  2.16s/it]
 20%|█▉        | 1718/8682 [1:04:17<4:15:37,  2.20s/it]
 20%|█▉        | 1719/8682 [1:04:19<4:26:21,  2.30s/it]
 20%|█▉        | 1720/8682 [1:04:22<4:41:40,  2.43s/it]
 20%|█▉        | 1721/8682 [1:04:24<4:18:23,  2.23s/it]
 20%|█▉        | 1722/8682 [1:04:26<4:18:39,  2.23s/it]
 20%|█▉        | 1723/8682 [1:04:28<3:56:59,  2.04s/it]
 20%|█▉        | 1724/8682 [1:04:30<3:57:36,  2.05s/it]
 20%|█▉        | 1725/8682 [1:04:32<3:58:29,  2.06s/it]
 20%|█▉        | 1726/8682 [1:04:34<3:58:26,  2.06s/it]
 20%|█▉        | 1727/8682 [1:04:36<4:03:27,  2.10s/it]
 20%|█▉        | 1728/8682 [1:04:38<4:02:17,  2.09s/it]
 20%|█▉        | 1729/8682 [1:04:40<4:12:32,  2.18s/it]
 20%|█▉        | 1730/8682 [1:04:43<4:14:46,  2.20s/it]
 20%|█▉        | 1731/8682 [1:04:44<4:03:41,  2.10s/it]
 20%|█▉        | 1732/8682 [1:04:46<3:54:29,  2.02s/it]
 20%|█▉        | 1733/8682 [1:04:49<4:07:51,  2.14s/it]
 20%|█▉        | 1734/8682 [1:04:51<4:19:53,  2.24s/it]
 20%|█▉        | 1735/8682 [1:04:53<4:00:46,  2.08s/it]
 20%|█▉        | 1736/8682 [1:04:55<3:54:46,  2.03s/it]
 20%|██        | 1737/8682 [1:04:58<4:30:01,  2.33s/it]
 20%|██        | 1738/8682 [1:05:00<4:22:46,  2.27s/it]
 20%|██        | 1739/8682 [1:05:02<4:25:12,  2.29s/it]
 20%|██        | 1740/8682 [1:05:04<4:10:57,  2.17s/it]
 20%|██        | 1741/8682 [1:05:06<4:10:18,  2.16s/it]
 20%|██        | 1742/8682 [1:05:09<4:12:36,  2.18s/it]
 20%|██        | 1743/8682 [1:05:10<3:59:16,  2.07s/it]
 20%|██        | 1744/8682 [1:05:12<3:49:29,  1.98s/it]
 20%|██        | 1745/8682 [1:05:14<3:39:05,  1.90s/it]
 20%|██        | 1746/8682 [1:05:16<3:46:13,  1.96s/it]
 20%|██        | 1747/8682 [1:05:18<3:56:16,  2.04s/it]
 20%|██        | 1748/8682 [1:05:20<3:55:59,  2.04s/it]
 20%|██        | 1749/8682 [1:05:23<4:26:06,  2.30s/it]
 20%|██        | 1750/8682 [1:05:25<4:24:50,  2.29s/it]

{'loss': '3.143', 'grad_norm': '1.343', 'learning_rate': '4.625e-05', 'epoch': '0.6048'}

 20%|██        | 1750/8682 [1:05:25<4:24:50,  2.29s/it]
 20%|██        | 1751/8682 [1:05:27<4:03:41,  2.11s/it]
 20%|██        | 1752/8682 [1:05:29<4:12:44,  2.19s/it]
 20%|██        | 1753/8682 [1:05:31<3:56:52,  2.05s/it]
 20%|██        | 1754/8682 [1:05:33<3:48:31,  1.98s/it]
 20%|██        | 1755/8682 [1:05:35<3:51:12,  2.00s/it]
 20%|██        | 1756/8682 [1:05:37<3:57:05,  2.05s/it]
 20%|██        | 1757/8682 [1:05:40<4:11:34,  2.18s/it]
 20%|██        | 1758/8682 [1:05:42<3:59:49,  2.08s/it]
 20%|██        | 1759/8682 [1:05:43<3:41:44,  1.92s/it]
 20%|██        | 1760/8682 [1:05:45<3:37:37,  1.89s/it]
 20%|██        | 1761/8682 [1:05:47<3:49:37,  1.99s/it]
 20%|██        | 1762/8682 [1:05:49<3:33:32,  1.85s/it]
 20%|██        | 1763/8682 [1:05:51<3:42:45,  1.93s/it]
 20%|██        | 1764/8682 [1:05:53<3:56:17,  2.05s/it]
 20%|██        | 1765/8682 [1:05:55<4:05:31,  2.13s/it]
 20%|██        | 1766/8682 [1:05:57<3:51:29,  2.01s/it]
 20%|██        | 1767/8682 [1:05:59<3:57:05,  2.06s/it]
 20%|██        | 1768/8682 [1:06:02<4:08:22,  2.16s/it]
 20%|██        | 1769/8682 [1:06:03<3:50:40,  2.00s/it]
 20%|██        | 1770/8682 [1:06:05<3:47:06,  1.97s/it]
 20%|██        | 1771/8682 [1:06:08<4:10:31,  2.17s/it]
 20%|██        | 1772/8682 [1:06:10<4:06:31,  2.14s/it]
 20%|██        | 1773/8682 [1:06:12<3:50:40,  2.00s/it]
 20%|██        | 1774/8682 [1:06:14<4:07:18,  2.15s/it]
 20%|██        | 1775/8682 [1:06:17<4:15:20,  2.22s/it]
 20%|██        | 1776/8682 [1:06:18<3:58:33,  2.07s/it]
 20%|██        | 1777/8682 [1:06:20<3:47:23,  1.98s/it]
 20%|██        | 1778/8682 [1:06:22<3:41:05,  1.92s/it]
 20%|██        | 1779/8682 [1:06:24<3:37:51,  1.89s/it]
 21%|██        | 1780/8682 [1:06:26<3:54:35,  2.04s/it]
 21%|██        | 1781/8682 [1:06:29<4:14:04,  2.21s/it]
 21%|██        | 1782/8682 [1:06:31<4:22:44,  2.28s/it]
 21%|██        | 1783/8682 [1:06:33<4:01:38,  2.10s/it]
 21%|██        | 1784/8682 [1:06:35<4:10:41,  2.18s/it]
 21%|██        | 1785/8682 [1:06:37<4:09:07,  2.17s/it]
 21%|██        | 1786/8682 [1:06:39<4:05:14,  2.13s/it]
 21%|██        | 1787/8682 [1:06:42<4:09:58,  2.18s/it]
 21%|██        | 1788/8682 [1:06:44<4:12:54,  2.20s/it]
 21%|██        | 1789/8682 [1:06:46<3:55:27,  2.05s/it]
 21%|██        | 1790/8682 [1:06:48<3:58:10,  2.07s/it]
 21%|██        | 1791/8682 [1:06:50<3:51:04,  2.01s/it]
 21%|██        | 1792/8682 [1:06:52<3:59:24,  2.08s/it]
 21%|██        | 1793/8682 [1:06:54<4:11:32,  2.19s/it]
 21%|██        | 1794/8682 [1:06:56<4:11:50,  2.19s/it]
 21%|██        | 1795/8682 [1:06:59<4:32:49,  2.38s/it]
 21%|██        | 1796/8682 [1:07:01<4:15:36,  2.23s/it]
 21%|██        | 1797/8682 [1:07:03<4:16:33,  2.24s/it]
 21%|██        | 1798/8682 [1:07:05<4:10:47,  2.19s/it]
 21%|██        | 1799/8682 [1:07:08<4:26:53,  2.33s/it]
 21%|██        | 1800/8682 [1:07:10<4:21:21,  2.28s/it]

{'loss': '3.014', 'grad_norm': '1.296', 'learning_rate': '4.6e-05', 'epoch': '0.6221'}

 21%|██        | 1800/8682 [1:07:10<4:21:21,  2.28s/it]
 21%|██        | 1801/8682 [1:07:12<4:06:35,  2.15s/it]
 21%|██        | 1802/8682 [1:07:14<4:02:20,  2.11s/it]
 21%|██        | 1803/8682 [1:07:16<4:02:37,  2.12s/it]
 21%|██        | 1804/8682 [1:07:19<4:26:59,  2.33s/it]
 21%|██        | 1805/8682 [1:07:22<4:33:17,  2.38s/it]
 21%|██        | 1806/8682 [1:07:24<4:29:44,  2.35s/it]
 21%|██        | 1807/8682 [1:07:26<4:08:03,  2.16s/it]
 21%|██        | 1808/8682 [1:07:28<4:26:20,  2.32s/it]
 21%|██        | 1809/8682 [1:07:30<4:15:04,  2.23s/it]
 21%|██        | 1810/8682 [1:07:33<4:17:07,  2.25s/it]
 21%|██        | 1811/8682 [1:07:35<4:22:47,  2.29s/it]
 21%|██        | 1812/8682 [1:07:37<4:24:25,  2.31s/it]
 21%|██        | 1813/8682 [1:07:39<4:14:57,  2.23s/it]
 21%|██        | 1814/8682 [1:07:41<4:01:14,  2.11s/it]
 21%|██        | 1815/8682 [1:07:43<3:45:57,  1.97s/it]
 21%|██        | 1816/8682 [1:07:45<4:01:59,  2.11s/it]
 21%|██        | 1817/8682 [1:07:48<4:05:08,  2.14s/it]
 21%|██        | 1818/8682 [1:07:50<4:20:37,  2.28s/it]
 21%|██        | 1819/8682 [1:07:53<4:31:58,  2.38s/it]
 21%|██        | 1820/8682 [1:07:55<4:41:03,  2.46s/it]
 21%|██        | 1821/8682 [1:07:58<4:43:51,  2.48s/it]
 21%|██        | 1822/8682 [1:08:00<4:17:56,  2.26s/it]
 21%|██        | 1823/8682 [1:08:02<4:14:24,  2.23s/it]
 21%|██        | 1824/8682 [1:08:04<4:09:22,  2.18s/it]
 21%|██        | 1825/8682 [1:08:06<4:11:30,  2.20s/it]
 21%|██        | 1826/8682 [1:08:09<4:21:18,  2.29s/it]
 21%|██        | 1827/8682 [1:08:11<4:29:13,  2.36s/it]
 21%|██        | 1828/8682 [1:08:13<4:17:53,  2.26s/it]
 21%|██        | 1829/8682 [1:08:15<4:06:16,  2.16s/it]
 21%|██        | 1830/8682 [1:08:17<3:54:37,  2.05s/it]
 21%|██        | 1831/8682 [1:08:19<3:59:56,  2.10s/it]
 21%|██        | 1832/8682 [1:08:22<4:14:58,  2.23s/it]
 21%|██        | 1833/8682 [1:08:24<4:23:25,  2.31s/it]
 21%|██        | 1834/8682 [1:08:26<4:05:10,  2.15s/it]
 21%|██        | 1835/8682 [1:08:28<4:03:36,  2.13s/it]
 21%|██        | 1836/8682 [1:08:30<3:49:02,  2.01s/it]
 21%|██        | 1837/8682 [1:08:32<3:50:03,  2.02s/it]
 21%|██        | 1838/8682 [1:08:33<3:36:29,  1.90s/it]
 21%|██        | 1839/8682 [1:08:35<3:40:45,  1.94s/it]
 21%|██        | 1840/8682 [1:08:37<3:39:09,  1.92s/it]
 21%|██        | 1841/8682 [1:08:39<3:34:38,  1.88s/it]
 21%|██        | 1842/8682 [1:08:41<3:33:17,  1.87s/it]
 21%|██        | 1843/8682 [1:08:43<3:49:08,  2.01s/it]
 21%|██        | 1844/8682 [1:08:45<3:42:30,  1.95s/it]
 21%|██▏       | 1845/8682 [1:08:47<3:41:35,  1.94s/it]
 21%|██▏       | 1846/8682 [1:08:49<3:38:24,  1.92s/it]
 21%|██▏       | 1847/8682 [1:08:50<3:24:09,  1.79s/it]
 21%|██▏       | 1848/8682 [1:08:53<3:44:40,  1.97s/it]
 21%|██▏       | 1849/8682 [1:08:55<3:54:38,  2.06s/it]
 21%|██▏       | 1850/8682 [1:08:57<3:49:12,  2.01s/it]

{'loss': '2.885', 'grad_norm': '1.226', 'learning_rate': '4.574e-05', 'epoch': '0.6394'}

 21%|██▏       | 1850/8682 [1:08:57<3:49:12,  2.01s/it]
 21%|██▏       | 1851/8682 [1:08:59<3:42:07,  1.95s/it]
 21%|██▏       | 1852/8682 [1:09:00<3:31:51,  1.86s/it]
 21%|██▏       | 1853/8682 [1:09:03<3:55:35,  2.07s/it]
 21%|██▏       | 1854/8682 [1:09:05<4:02:20,  2.13s/it]
 21%|██▏       | 1855/8682 [1:09:07<3:56:47,  2.08s/it]
 21%|██▏       | 1856/8682 [1:09:09<4:04:45,  2.15s/it]
 21%|██▏       | 1857/8682 [1:09:12<4:14:05,  2.23s/it]
 21%|██▏       | 1858/8682 [1:09:14<4:15:15,  2.24s/it]
 21%|██▏       | 1859/8682 [1:09:17<4:18:57,  2.28s/it]
 21%|██▏       | 1860/8682 [1:09:18<3:56:30,  2.08s/it]
 21%|██▏       | 1861/8682 [1:09:20<3:49:18,  2.02s/it]
 21%|██▏       | 1862/8682 [1:09:22<3:56:15,  2.08s/it]
 21%|██▏       | 1863/8682 [1:09:24<4:00:36,  2.12s/it]
 21%|██▏       | 1864/8682 [1:09:26<3:42:15,  1.96s/it]
 21%|██▏       | 1865/8682 [1:09:29<4:02:16,  2.13s/it]
 21%|██▏       | 1866/8682 [1:09:31<4:08:54,  2.19s/it]
 22%|██▏       | 1867/8682 [1:09:32<3:47:19,  2.00s/it]
 22%|██▏       | 1868/8682 [1:09:35<3:59:01,  2.10s/it]
 22%|██▏       | 1869/8682 [1:09:37<4:10:08,  2.20s/it]
 22%|██▏       | 1870/8682 [1:09:39<3:53:08,  2.05s/it]
 22%|██▏       | 1871/8682 [1:09:41<3:56:26,  2.08s/it]
 22%|██▏       | 1872/8682 [1:09:43<3:43:57,  1.97s/it]
 22%|██▏       | 1873/8682 [1:09:45<3:47:03,  2.00s/it]
 22%|██▏       | 1874/8682 [1:09:47<3:53:56,  2.06s/it]
 22%|██▏       | 1875/8682 [1:09:49<3:39:03,  1.93s/it]
 22%|██▏       | 1876/8682 [1:09:51<3:44:38,  1.98s/it]
 22%|██▏       | 1877/8682 [1:09:53<3:40:32,  1.94s/it]
 22%|██▏       | 1878/8682 [1:09:55<3:43:38,  1.97s/it]
 22%|██▏       | 1879/8682 [1:09:57<3:46:23,  2.00s/it]
 22%|██▏       | 1880/8682 [1:09:58<3:36:39,  1.91s/it]
 22%|██▏       | 1881/8682 [1:10:01<3:48:26,  2.02s/it]
 22%|██▏       | 1882/8682 [1:10:03<3:43:49,  1.97s/it]
 22%|██▏       | 1883/8682 [1:10:05<3:58:36,  2.11s/it]
 22%|██▏       | 1884/8682 [1:10:07<3:53:15,  2.06s/it]
 22%|██▏       | 1885/8682 [1:10:09<3:45:27,  1.99s/it]
 22%|██▏       | 1886/8682 [1:10:11<4:01:50,  2.14s/it]
 22%|██▏       | 1887/8682 [1:10:13<4:00:53,  2.13s/it]
 22%|██▏       | 1888/8682 [1:10:15<3:46:31,  2.00s/it]
 22%|██▏       | 1889/8682 [1:10:17<3:43:38,  1.98s/it]
 22%|██▏       | 1890/8682 [1:10:19<3:42:48,  1.97s/it]
 22%|██▏       | 1891/8682 [1:10:21<3:28:03,  1.84s/it]
 22%|██▏       | 1892/8682 [1:10:23<3:53:04,  2.06s/it]
 22%|██▏       | 1893/8682 [1:10:25<3:48:54,  2.02s/it]
 22%|██▏       | 1894/8682 [1:10:28<4:07:27,  2.19s/it]
 22%|██▏       | 1895/8682 [1:10:29<3:51:41,  2.05s/it]
 22%|██▏       | 1896/8682 [1:10:32<4:09:28,  2.21s/it]
 22%|██▏       | 1897/8682 [1:10:34<4:17:18,  2.28s/it]
 22%|██▏       | 1898/8682 [1:10:36<3:53:14,  2.06s/it]
 22%|██▏       | 1899/8682 [1:10:38<4:01:56,  2.14s/it]
 22%|██▏       | 1900/8682 [1:10:41<4:21:27,  2.31s/it]

{'loss': '2.784', 'grad_norm': '1.183', 'learning_rate': '4.548e-05', 'epoch': '0.6566'}

 22%|██▏       | 1900/8682 [1:10:41<4:21:27,  2.31s/it]
 22%|██▏       | 1901/8682 [1:10:43<4:06:13,  2.18s/it]
 22%|██▏       | 1902/8682 [1:10:45<4:00:51,  2.13s/it]
 22%|██▏       | 1903/8682 [1:10:47<4:16:39,  2.27s/it]
 22%|██▏       | 1904/8682 [1:10:50<4:11:19,  2.22s/it]
 22%|██▏       | 1905/8682 [1:10:52<4:28:33,  2.38s/it]
 22%|██▏       | 1906/8682 [1:10:54<4:23:16,  2.33s/it]
 22%|██▏       | 1907/8682 [1:10:56<4:00:26,  2.13s/it]
 22%|██▏       | 1908/8682 [1:10:58<3:55:52,  2.09s/it]
 22%|██▏       | 1909/8682 [1:11:00<3:50:42,  2.04s/it]
 22%|██▏       | 1910/8682 [1:11:02<3:51:59,  2.06s/it]
 22%|██▏       | 1911/8682 [1:11:04<3:58:23,  2.11s/it]
 22%|██▏       | 1912/8682 [1:11:07<4:03:54,  2.16s/it]
 22%|██▏       | 1913/8682 [1:11:08<3:44:40,  1.99s/it]
 22%|██▏       | 1914/8682 [1:11:11<3:54:24,  2.08s/it]
 22%|██▏       | 1915/8682 [1:11:12<3:45:49,  2.00s/it]
 22%|██▏       | 1916/8682 [1:11:14<3:37:40,  1.93s/it]
 22%|██▏       | 1917/8682 [1:11:16<3:49:23,  2.03s/it]
 22%|██▏       | 1918/8682 [1:11:18<3:34:46,  1.91s/it]
 22%|██▏       | 1919/8682 [1:11:20<3:39:10,  1.94s/it]
 22%|██▏       | 1920/8682 [1:11:23<3:58:03,  2.11s/it]
 22%|██▏       | 1921/8682 [1:11:25<4:14:41,  2.26s/it]
 22%|██▏       | 1922/8682 [1:11:28<4:28:40,  2.38s/it]
 22%|██▏       | 1923/8682 [1:11:30<4:27:09,  2.37s/it]
 22%|██▏       | 1924/8682 [1:11:32<4:10:08,  2.22s/it]
 22%|██▏       | 1925/8682 [1:11:34<4:10:00,  2.22s/it]
 22%|██▏       | 1926/8682 [1:11:37<4:10:35,  2.23s/it]
 22%|██▏       | 1927/8682 [1:11:38<3:56:06,  2.10s/it]
 22%|██▏       | 1928/8682 [1:11:40<3:37:46,  1.93s/it]
 22%|██▏       | 1929/8682 [1:11:42<3:40:50,  1.96s/it]
 22%|██▏       | 1930/8682 [1:11:44<3:37:25,  1.93s/it]
 22%|██▏       | 1931/8682 [1:11:46<3:35:51,  1.92s/it]
 22%|██▏       | 1932/8682 [1:11:47<3:32:47,  1.89s/it]
 22%|██▏       | 1933/8682 [1:11:49<3:28:56,  1.86s/it]
 22%|██▏       | 1934/8682 [1:11:51<3:23:38,  1.81s/it]
 22%|██▏       | 1935/8682 [1:11:53<3:41:40,  1.97s/it]
 22%|██▏       | 1936/8682 [1:11:55<3:49:00,  2.04s/it]
 22%|██▏       | 1937/8682 [1:11:57<3:37:19,  1.93s/it]
 22%|██▏       | 1938/8682 [1:11:59<3:40:37,  1.96s/it]
 22%|██▏       | 1939/8682 [1:12:01<3:45:26,  2.01s/it]
 22%|██▏       | 1940/8682 [1:12:03<3:48:07,  2.03s/it]
 22%|██▏       | 1941/8682 [1:12:05<3:41:59,  1.98s/it]
 22%|██▏       | 1942/8682 [1:12:08<3:57:18,  2.11s/it]
 22%|██▏       | 1943/8682 [1:12:09<3:46:51,  2.02s/it]
 22%|██▏       | 1944/8682 [1:12:11<3:32:16,  1.89s/it]
 22%|██▏       | 1945/8682 [1:12:13<3:47:18,  2.02s/it]
 22%|██▏       | 1946/8682 [1:12:15<3:36:31,  1.93s/it]
 22%|██▏       | 1947/8682 [1:12:17<3:50:17,  2.05s/it]
 22%|██▏       | 1948/8682 [1:12:20<3:55:57,  2.10s/it]
 22%|██▏       | 1949/8682 [1:12:22<3:48:20,  2.03s/it]
 22%|██▏       | 1950/8682 [1:12:23<3:42:29,  1.98s/it]

{'loss': '2.658', 'grad_norm': '1.125', 'learning_rate': '4.52e-05', 'epoch': '0.6739'}

 22%|██▏       | 1950/8682 [1:12:23<3:42:29,  1.98s/it]
 22%|██▏       | 1951/8682 [1:12:25<3:32:12,  1.89s/it]
 22%|██▏       | 1952/8682 [1:12:27<3:23:55,  1.82s/it]
 22%|██▏       | 1953/8682 [1:12:29<3:44:37,  2.00s/it]
 23%|██▎       | 1954/8682 [1:12:32<4:15:48,  2.28s/it]
 23%|██▎       | 1955/8682 [1:12:34<3:56:13,  2.11s/it]
 23%|██▎       | 1956/8682 [1:12:35<3:41:37,  1.98s/it]
 23%|██▎       | 1957/8682 [1:12:37<3:35:24,  1.92s/it]
 23%|██▎       | 1958/8682 [1:12:39<3:28:57,  1.86s/it]
 23%|██▎       | 1959/8682 [1:12:41<3:46:00,  2.02s/it]
 23%|██▎       | 1960/8682 [1:12:44<4:17:50,  2.30s/it]
 23%|██▎       | 1961/8682 [1:12:47<4:38:29,  2.49s/it]
 23%|██▎       | 1962/8682 [1:12:49<4:15:24,  2.28s/it]
 23%|██▎       | 1963/8682 [1:12:51<4:09:27,  2.23s/it]
 23%|██▎       | 1964/8682 [1:12:54<4:16:23,  2.29s/it]
 23%|██▎       | 1965/8682 [1:12:55<4:00:07,  2.14s/it]
 23%|██▎       | 1966/8682 [1:12:57<3:47:24,  2.03s/it]
 23%|██▎       | 1967/8682 [1:13:00<3:58:41,  2.13s/it]
 23%|██▎       | 1968/8682 [1:13:02<4:01:27,  2.16s/it]
 23%|██▎       | 1969/8682 [1:13:04<3:48:33,  2.04s/it]
 23%|██▎       | 1970/8682 [1:13:05<3:32:42,  1.90s/it]
 23%|██▎       | 1971/8682 [1:13:07<3:24:45,  1.83s/it]
 23%|██▎       | 1972/8682 [1:13:09<3:40:12,  1.97s/it]
 23%|██▎       | 1973/8682 [1:13:11<3:51:26,  2.07s/it]
 23%|██▎       | 1974/8682 [1:13:14<3:57:09,  2.12s/it]
 23%|██▎       | 1975/8682 [1:13:16<4:04:15,  2.19s/it]
 23%|██▎       | 1976/8682 [1:13:18<3:57:35,  2.13s/it]
 23%|██▎       | 1977/8682 [1:13:20<4:06:07,  2.20s/it]
 23%|██▎       | 1978/8682 [1:13:22<3:49:29,  2.05s/it]
 23%|██▎       | 1979/8682 [1:13:24<3:59:12,  2.14s/it]
 23%|██▎       | 1980/8682 [1:13:27<4:15:43,  2.29s/it]
 23%|██▎       | 1981/8682 [1:13:30<4:40:59,  2.52s/it]
 23%|██▎       | 1982/8682 [1:13:32<4:31:45,  2.43s/it]
 23%|██▎       | 1983/8682 [1:13:35<4:47:14,  2.57s/it]
 23%|██▎       | 1984/8682 [1:13:37<4:38:06,  2.49s/it]
 23%|██▎       | 1985/8682 [1:13:40<4:23:02,  2.36s/it]
 23%|██▎       | 1986/8682 [1:13:42<4:29:40,  2.42s/it]
 23%|██▎       | 1987/8682 [1:13:44<4:20:29,  2.33s/it]
 23%|██▎       | 1988/8682 [1:13:47<4:26:36,  2.39s/it]
 23%|██▎       | 1989/8682 [1:13:48<4:01:19,  2.16s/it]
 23%|██▎       | 1990/8682 [1:13:51<4:08:16,  2.23s/it]
 23%|██▎       | 1991/8682 [1:13:53<4:06:36,  2.21s/it]
 23%|██▎       | 1992/8682 [1:13:55<3:49:39,  2.06s/it]
 23%|██▎       | 1993/8682 [1:13:57<3:49:29,  2.06s/it]
 23%|██▎       | 1994/8682 [1:14:00<4:20:31,  2.34s/it]
 23%|██▎       | 1995/8682 [1:14:02<4:09:18,  2.24s/it]
 23%|██▎       | 1996/8682 [1:14:04<4:08:45,  2.23s/it]
 23%|██▎       | 1997/8682 [1:14:06<4:12:17,  2.26s/it]
 23%|██▎       | 1998/8682 [1:14:08<4:05:19,  2.20s/it]
 23%|██▎       | 1999/8682 [1:14:11<4:07:40,  2.22s/it]
 23%|██▎       | 2000/8682 [1:14:13<4:05:00,  2.20s/it]

{'loss': '2.573', 'grad_norm': '1.106', 'learning_rate': '4.493e-05', 'epoch': '0.6912'}

 23%|██▎       | 2000/8682 [1:14:13<4:05:00,  2.20s/it]
 23%|██▎       | 2001/8682 [1:14:15<3:57:27,  2.13s/it]
 23%|██▎       | 2002/8682 [1:14:17<3:58:35,  2.14s/it]
 23%|██▎       | 2003/8682 [1:14:20<4:27:54,  2.41s/it]
 23%|██▎       | 2004/8682 [1:14:22<4:05:23,  2.20s/it]
 23%|██▎       | 2005/8682 [1:14:24<4:00:08,  2.16s/it]
 23%|██▎       | 2006/8682 [1:14:26<4:00:06,  2.16s/it]
 23%|██▎       | 2007/8682 [1:14:28<4:09:29,  2.24s/it]
 23%|██▎       | 2008/8682 [1:14:31<4:31:06,  2.44s/it]
 23%|██▎       | 2009/8682 [1:14:33<4:07:36,  2.23s/it]
 23%|██▎       | 2010/8682 [1:14:36<4:33:06,  2.46s/it]
 23%|██▎       | 2011/8682 [1:14:38<4:09:13,  2.24s/it]
 23%|██▎       | 2012/8682 [1:14:39<3:45:20,  2.03s/it]
 23%|██▎       | 2013/8682 [1:14:41<3:44:22,  2.02s/it]
 23%|██▎       | 2014/8682 [1:14:43<3:41:04,  1.99s/it]
 23%|██▎       | 2015/8682 [1:14:45<3:46:40,  2.04s/it]
 23%|██▎       | 2016/8682 [1:14:48<4:01:05,  2.17s/it]
 23%|██▎       | 2017/8682 [1:14:50<4:09:42,  2.25s/it]
 23%|██▎       | 2018/8682 [1:14:52<4:08:35,  2.24s/it]
 23%|██▎       | 2019/8682 [1:14:54<3:49:42,  2.07s/it]
 23%|██▎       | 2020/8682 [1:14:56<3:49:34,  2.07s/it]
 23%|██▎       | 2021/8682 [1:14:58<3:51:20,  2.08s/it]
 23%|██▎       | 2022/8682 [1:15:01<4:02:37,  2.19s/it]
 23%|██▎       | 2023/8682 [1:15:03<4:09:45,  2.25s/it]
 23%|██▎       | 2024/8682 [1:15:05<4:00:05,  2.16s/it]
 23%|██▎       | 2025/8682 [1:15:07<3:47:55,  2.05s/it]
 23%|██▎       | 2026/8682 [1:15:09<4:00:04,  2.16s/it]
 23%|██▎       | 2027/8682 [1:15:11<3:48:42,  2.06s/it]
 23%|██▎       | 2028/8682 [1:15:13<3:36:16,  1.95s/it]
 23%|██▎       | 2029/8682 [1:15:15<3:58:39,  2.15s/it]
 23%|██▎       | 2030/8682 [1:15:17<3:57:40,  2.14s/it]
 23%|██▎       | 2031/8682 [1:15:20<4:16:16,  2.31s/it]
 23%|██▎       | 2032/8682 [1:15:23<4:20:33,  2.35s/it]
 23%|██▎       | 2033/8682 [1:15:25<4:09:44,  2.25s/it]
 23%|██▎       | 2034/8682 [1:15:26<3:55:48,  2.13s/it]
 23%|██▎       | 2035/8682 [1:15:29<4:23:53,  2.38s/it]
 23%|██▎       | 2036/8682 [1:15:32<4:19:49,  2.35s/it]
 23%|██▎       | 2037/8682 [1:15:34<4:09:59,  2.26s/it]
 23%|██▎       | 2038/8682 [1:15:36<3:59:02,  2.16s/it]
 23%|██▎       | 2039/8682 [1:15:38<4:06:22,  2.23s/it]
 23%|██▎       | 2040/8682 [1:15:40<4:04:59,  2.21s/it]
 24%|██▎       | 2041/8682 [1:15:42<3:47:44,  2.06s/it]
 24%|██▎       | 2042/8682 [1:15:44<3:34:14,  1.94s/it]
 24%|██▎       | 2043/8682 [1:15:45<3:26:49,  1.87s/it]
 24%|██▎       | 2044/8682 [1:15:48<3:37:54,  1.97s/it]
 24%|██▎       | 2045/8682 [1:15:50<3:40:05,  1.99s/it]
 24%|██▎       | 2046/8682 [1:15:52<3:56:13,  2.14s/it]
 24%|██▎       | 2047/8682 [1:15:54<3:43:11,  2.02s/it]
 24%|██▎       | 2048/8682 [1:15:56<3:56:21,  2.14s/it]
 24%|██▎       | 2049/8682 [1:15:58<3:41:11,  2.00s/it]
 24%|██▎       | 2050/8682 [1:15:59<3:26:41,  1.87s/it]

{'loss': '2.468', 'grad_norm': '1.019', 'learning_rate': '4.464e-05', 'epoch': '0.7085'}

 24%|██▎       | 2050/8682 [1:15:59<3:26:41,  1.87s/it]
 24%|██▎       | 2051/8682 [1:16:02<3:39:28,  1.99s/it]
 24%|██▎       | 2052/8682 [1:16:03<3:24:20,  1.85s/it]
 24%|██▎       | 2053/8682 [1:16:05<3:21:56,  1.83s/it]
 24%|██▎       | 2054/8682 [1:16:07<3:34:17,  1.94s/it]
 24%|██▎       | 2055/8682 [1:16:09<3:30:27,  1.91s/it]
 24%|██▎       | 2056/8682 [1:16:11<3:39:54,  1.99s/it]
 24%|██▎       | 2057/8682 [1:16:14<3:57:10,  2.15s/it]
 24%|██▎       | 2058/8682 [1:16:16<3:54:35,  2.12s/it]
 24%|██▎       | 2059/8682 [1:16:18<3:50:17,  2.09s/it]
 24%|██▎       | 2060/8682 [1:16:20<3:47:42,  2.06s/it]
 24%|██▎       | 2061/8682 [1:16:22<3:46:49,  2.06s/it]
 24%|██▍       | 2062/8682 [1:16:24<3:58:14,  2.16s/it]
 24%|██▍       | 2063/8682 [1:16:26<3:40:59,  2.00s/it]
 24%|██▍       | 2064/8682 [1:16:28<3:35:16,  1.95s/it]
 24%|██▍       | 2065/8682 [1:16:30<3:33:47,  1.94s/it]
 24%|██▍       | 2066/8682 [1:16:31<3:26:12,  1.87s/it]
 24%|██▍       | 2067/8682 [1:16:34<4:05:28,  2.23s/it]
 24%|██▍       | 2068/8682 [1:16:37<4:08:06,  2.25s/it]
 24%|██▍       | 2069/8682 [1:16:39<4:05:38,  2.23s/it]
 24%|██▍       | 2070/8682 [1:16:40<3:43:34,  2.03s/it]
 24%|██▍       | 2071/8682 [1:16:43<3:46:48,  2.06s/it]
 24%|██▍       | 2072/8682 [1:16:45<3:49:04,  2.08s/it]
 24%|██▍       | 2073/8682 [1:16:47<3:45:15,  2.05s/it]
 24%|██▍       | 2074/8682 [1:16:49<3:42:42,  2.02s/it]
 24%|██▍       | 2075/8682 [1:16:51<3:50:04,  2.09s/it]
 24%|██▍       | 2076/8682 [1:16:53<3:53:36,  2.12s/it]
 24%|██▍       | 2077/8682 [1:16:55<4:00:20,  2.18s/it]
 24%|██▍       | 2078/8682 [1:16:58<4:00:00,  2.18s/it]
 24%|██▍       | 2079/8682 [1:16:59<3:44:43,  2.04s/it]
 24%|██▍       | 2080/8682 [1:17:01<3:30:39,  1.91s/it]
 24%|██▍       | 2081/8682 [1:17:03<3:47:48,  2.07s/it]
 24%|██▍       | 2082/8682 [1:17:06<4:06:51,  2.24s/it]
 24%|██▍       | 2083/8682 [1:17:08<3:52:25,  2.11s/it]
 24%|██▍       | 2084/8682 [1:17:10<4:11:15,  2.28s/it]
 24%|██▍       | 2085/8682 [1:17:13<4:19:35,  2.36s/it]
 24%|██▍       | 2086/8682 [1:17:15<4:17:16,  2.34s/it]
 24%|██▍       | 2087/8682 [1:17:17<4:07:51,  2.26s/it]
 24%|██▍       | 2088/8682 [1:17:20<4:10:53,  2.28s/it]
 24%|██▍       | 2089/8682 [1:17:22<4:09:00,  2.27s/it]
 24%|██▍       | 2090/8682 [1:17:24<4:07:20,  2.25s/it]
 24%|██▍       | 2091/8682 [1:17:26<3:44:30,  2.04s/it]
 24%|██▍       | 2092/8682 [1:17:28<3:53:34,  2.13s/it]
 24%|██▍       | 2093/8682 [1:17:30<3:41:05,  2.01s/it]
 24%|██▍       | 2094/8682 [1:17:31<3:22:01,  1.84s/it]
 24%|██▍       | 2095/8682 [1:17:34<3:43:35,  2.04s/it]
 24%|██▍       | 2096/8682 [1:17:36<4:05:09,  2.23s/it]
 24%|██▍       | 2097/8682 [1:17:38<3:46:01,  2.06s/it]
 24%|██▍       | 2098/8682 [1:17:40<3:43:02,  2.03s/it]
 24%|██▍       | 2099/8682 [1:17:42<3:53:21,  2.13s/it]
 24%|██▍       | 2100/8682 [1:17:44<3:47:03,  2.07s/it]

{'loss': '2.387', 'grad_norm': '1.126', 'learning_rate': '4.435e-05', 'epoch': '0.7258'}

 24%|██▍       | 2100/8682 [1:17:44<3:47:03,  2.07s/it]
 24%|██▍       | 2101/8682 [1:17:47<3:53:50,  2.13s/it]
 24%|██▍       | 2102/8682 [1:17:48<3:38:56,  2.00s/it]
 24%|██▍       | 2103/8682 [1:17:50<3:44:11,  2.04s/it]
 24%|██▍       | 2104/8682 [1:17:53<4:03:41,  2.22s/it]
 24%|██▍       | 2105/8682 [1:17:55<4:01:40,  2.20s/it]
 24%|██▍       | 2106/8682 [1:17:58<4:24:35,  2.41s/it]
 24%|██▍       | 2107/8682 [1:18:01<4:25:58,  2.43s/it]
 24%|██▍       | 2108/8682 [1:18:02<4:02:36,  2.21s/it]
 24%|██▍       | 2109/8682 [1:18:05<4:03:48,  2.23s/it]
 24%|██▍       | 2110/8682 [1:18:06<3:53:26,  2.13s/it]
 24%|██▍       | 2111/8682 [1:18:08<3:32:21,  1.94s/it]
 24%|██▍       | 2112/8682 [1:18:10<3:42:52,  2.04s/it]
 24%|██▍       | 2113/8682 [1:18:12<3:30:44,  1.92s/it]
 24%|██▍       | 2114/8682 [1:18:14<3:47:25,  2.08s/it]
 24%|██▍       | 2115/8682 [1:18:16<3:38:45,  2.00s/it]
 24%|██▍       | 2116/8682 [1:18:18<3:48:38,  2.09s/it]
 24%|██▍       | 2117/8682 [1:18:21<3:56:09,  2.16s/it]
 24%|██▍       | 2118/8682 [1:18:23<3:43:30,  2.04s/it]
 24%|██▍       | 2119/8682 [1:18:25<3:51:12,  2.11s/it]
 24%|██▍       | 2120/8682 [1:18:27<3:47:08,  2.08s/it]
 24%|██▍       | 2121/8682 [1:18:29<3:38:10,  2.00s/it]
 24%|██▍       | 2122/8682 [1:18:30<3:24:51,  1.87s/it]
 24%|██▍       | 2123/8682 [1:18:32<3:36:14,  1.98s/it]
 24%|██▍       | 2124/8682 [1:18:35<3:49:01,  2.10s/it]
 24%|██▍       | 2125/8682 [1:18:37<4:03:28,  2.23s/it]
 24%|██▍       | 2126/8682 [1:18:39<4:00:04,  2.20s/it]
 24%|██▍       | 2127/8682 [1:18:42<4:04:34,  2.24s/it]
 25%|██▍       | 2128/8682 [1:18:44<3:51:16,  2.12s/it]
 25%|██▍       | 2129/8682 [1:18:46<4:14:56,  2.33s/it]
 25%|██▍       | 2130/8682 [1:18:49<4:11:46,  2.31s/it]
 25%|██▍       | 2131/8682 [1:18:51<3:55:42,  2.16s/it]
 25%|██▍       | 2132/8682 [1:18:52<3:45:22,  2.06s/it]
 25%|██▍       | 2133/8682 [1:18:54<3:33:26,  1.96s/it]
 25%|██▍       | 2134/8682 [1:18:57<3:50:51,  2.12s/it]
 25%|██▍       | 2135/8682 [1:18:59<3:50:52,  2.12s/it]
 25%|██▍       | 2136/8682 [1:19:01<3:55:48,  2.16s/it]
 25%|██▍       | 2137/8682 [1:19:03<3:58:41,  2.19s/it]
 25%|██▍       | 2138/8682 [1:19:05<3:39:00,  2.01s/it]
 25%|██▍       | 2139/8682 [1:19:07<3:37:42,  2.00s/it]
 25%|██▍       | 2140/8682 [1:19:08<3:26:38,  1.90s/it]
 25%|██▍       | 2141/8682 [1:19:10<3:20:25,  1.84s/it]
 25%|██▍       | 2142/8682 [1:19:12<3:33:53,  1.96s/it]
 25%|██▍       | 2143/8682 [1:19:14<3:34:48,  1.97s/it]
 25%|██▍       | 2144/8682 [1:19:17<3:44:01,  2.06s/it]
 25%|██▍       | 2145/8682 [1:19:19<3:52:44,  2.14s/it]
 25%|██▍       | 2146/8682 [1:19:21<3:56:29,  2.17s/it]
 25%|██▍       | 2147/8682 [1:19:23<3:59:53,  2.20s/it]
 25%|██▍       | 2148/8682 [1:19:25<3:42:31,  2.04s/it]
 25%|██▍       | 2149/8682 [1:19:27<3:48:48,  2.10s/it]
 25%|██▍       | 2150/8682 [1:19:30<4:13:57,  2.33s/it]

{'loss': '2.318', 'grad_norm': '0.9206', 'learning_rate': '4.405e-05', 'epoch': '0.743'}

 25%|██▍       | 2150/8682 [1:19:30<4:13:57,  2.33s/it]
 25%|██▍       | 2151/8682 [1:19:32<3:51:54,  2.13s/it]
 25%|██▍       | 2152/8682 [1:19:34<3:52:34,  2.14s/it]
 25%|██▍       | 2153/8682 [1:19:36<3:59:45,  2.20s/it]
 25%|██▍       | 2154/8682 [1:19:39<3:58:18,  2.19s/it]
 25%|██▍       | 2155/8682 [1:19:40<3:41:00,  2.03s/it]
 25%|██▍       | 2156/8682 [1:19:42<3:36:04,  1.99s/it]
 25%|██▍       | 2157/8682 [1:19:44<3:39:47,  2.02s/it]
 25%|██▍       | 2158/8682 [1:19:47<3:50:50,  2.12s/it]
 25%|██▍       | 2159/8682 [1:19:49<4:00:57,  2.22s/it]
 25%|██▍       | 2160/8682 [1:19:52<4:14:39,  2.34s/it]
 25%|██▍       | 2161/8682 [1:19:54<4:13:37,  2.33s/it]
 25%|██▍       | 2162/8682 [1:19:56<4:17:41,  2.37s/it]
 25%|██▍       | 2163/8682 [1:19:58<3:52:55,  2.14s/it]
 25%|██▍       | 2164/8682 [1:20:00<4:00:30,  2.21s/it]
 25%|██▍       | 2165/8682 [1:20:03<4:17:05,  2.37s/it]
 25%|██▍       | 2166/8682 [1:20:05<4:14:00,  2.34s/it]
 25%|██▍       | 2167/8682 [1:20:07<3:49:20,  2.11s/it]
 25%|██▍       | 2168/8682 [1:20:10<4:09:42,  2.30s/it]
 25%|██▍       | 2169/8682 [1:20:12<4:11:56,  2.32s/it]
 25%|██▍       | 2170/8682 [1:20:14<4:03:41,  2.25s/it]
 25%|██▌       | 2171/8682 [1:20:17<4:07:29,  2.28s/it]
 25%|██▌       | 2172/8682 [1:20:18<3:56:02,  2.18s/it]
 25%|██▌       | 2173/8682 [1:20:20<3:36:12,  1.99s/it]
 25%|██▌       | 2174/8682 [1:20:22<3:22:46,  1.87s/it]
 25%|██▌       | 2175/8682 [1:20:24<3:41:10,  2.04s/it]
 25%|██▌       | 2176/8682 [1:20:27<4:03:22,  2.24s/it]
 25%|██▌       | 2177/8682 [1:20:29<4:02:58,  2.24s/it]
 25%|██▌       | 2178/8682 [1:20:31<3:52:12,  2.14s/it]
 25%|██▌       | 2179/8682 [1:20:33<3:56:29,  2.18s/it]
 25%|██▌       | 2180/8682 [1:20:36<4:11:10,  2.32s/it]
 25%|██▌       | 2181/8682 [1:20:38<4:02:09,  2.24s/it]
 25%|██▌       | 2182/8682 [1:20:41<4:22:26,  2.42s/it]
 25%|██▌       | 2183/8682 [1:20:43<4:26:55,  2.46s/it]
 25%|██▌       | 2184/8682 [1:20:46<4:32:05,  2.51s/it]
 25%|██▌       | 2185/8682 [1:20:48<4:23:01,  2.43s/it]
 25%|██▌       | 2186/8682 [1:20:50<4:05:03,  2.26s/it]
 25%|██▌       | 2187/8682 [1:20:52<3:54:50,  2.17s/it]
 25%|██▌       | 2188/8682 [1:20:54<4:00:43,  2.22s/it]
 25%|██▌       | 2189/8682 [1:20:56<3:38:29,  2.02s/it]
 25%|██▌       | 2190/8682 [1:20:58<3:32:23,  1.96s/it]
 25%|██▌       | 2191/8682 [1:21:00<3:38:13,  2.02s/it]
 25%|██▌       | 2192/8682 [1:21:03<4:07:28,  2.29s/it]
 25%|██▌       | 2193/8682 [1:21:05<4:07:59,  2.29s/it]
 25%|██▌       | 2194/8682 [1:21:07<3:52:36,  2.15s/it]
 25%|██▌       | 2195/8682 [1:21:09<3:38:36,  2.02s/it]
 25%|██▌       | 2196/8682 [1:21:10<3:27:26,  1.92s/it]
 25%|██▌       | 2197/8682 [1:21:13<3:43:17,  2.07s/it]
 25%|██▌       | 2198/8682 [1:21:15<3:48:13,  2.11s/it]
 25%|██▌       | 2199/8682 [1:21:17<3:46:00,  2.09s/it]
 25%|██▌       | 2200/8682 [1:21:19<3:46:55,  2.10s/it]

{'loss': '2.222', 'grad_norm': '0.9263', 'learning_rate': '4.375e-05', 'epoch': '0.7603'}

 25%|██▌       | 2200/8682 [1:21:19<3:46:55,  2.10s/it]
 25%|██▌       | 2201/8682 [1:21:21<3:38:20,  2.02s/it]
 25%|██▌       | 2202/8682 [1:21:23<3:32:30,  1.97s/it]
 25%|██▌       | 2203/8682 [1:21:25<3:38:41,  2.03s/it]
 25%|██▌       | 2204/8682 [1:21:27<3:56:13,  2.19s/it]
 25%|██▌       | 2205/8682 [1:21:29<3:48:06,  2.11s/it]
 25%|██▌       | 2206/8682 [1:21:32<3:59:07,  2.22s/it]
 25%|██▌       | 2207/8682 [1:21:34<3:43:57,  2.08s/it]
 25%|██▌       | 2208/8682 [1:21:35<3:33:54,  1.98s/it]
 25%|██▌       | 2209/8682 [1:21:37<3:26:28,  1.91s/it]
 25%|██▌       | 2210/8682 [1:21:39<3:36:26,  2.01s/it]
 25%|██▌       | 2211/8682 [1:21:42<3:45:38,  2.09s/it]
 25%|██▌       | 2212/8682 [1:21:44<3:54:46,  2.18s/it]
 25%|██▌       | 2213/8682 [1:21:46<3:56:30,  2.19s/it]
 26%|██▌       | 2214/8682 [1:21:48<3:56:09,  2.19s/it]
 26%|██▌       | 2215/8682 [1:21:51<4:01:00,  2.24s/it]
 26%|██▌       | 2216/8682 [1:21:53<3:56:39,  2.20s/it]
 26%|██▌       | 2217/8682 [1:21:55<3:43:59,  2.08s/it]
 26%|██▌       | 2218/8682 [1:21:57<3:53:05,  2.16s/it]
 26%|██▌       | 2219/8682 [1:21:59<3:57:20,  2.20s/it]
 26%|██▌       | 2220/8682 [1:22:01<3:45:32,  2.09s/it]
 26%|██▌       | 2221/8682 [1:22:04<3:59:18,  2.22s/it]
 26%|██▌       | 2222/8682 [1:22:06<3:54:50,  2.18s/it]
 26%|██▌       | 2223/8682 [1:22:08<3:57:24,  2.21s/it]
 26%|██▌       | 2224/8682 [1:22:10<4:03:40,  2.26s/it]
 26%|██▌       | 2225/8682 [1:22:13<4:10:57,  2.33s/it]
 26%|██▌       | 2226/8682 [1:22:15<3:50:05,  2.14s/it]
 26%|██▌       | 2227/8682 [1:22:16<3:35:22,  2.00s/it]
 26%|██▌       | 2228/8682 [1:22:19<3:45:28,  2.10s/it]
 26%|██▌       | 2229/8682 [1:22:22<4:13:26,  2.36s/it]
 26%|██▌       | 2230/8682 [1:22:23<3:50:42,  2.15s/it]
 26%|██▌       | 2231/8682 [1:22:26<4:09:50,  2.32s/it]
 26%|██▌       | 2232/8682 [1:22:28<3:53:48,  2.17s/it]
 26%|██▌       | 2233/8682 [1:22:30<3:55:56,  2.20s/it]
 26%|██▌       | 2234/8682 [1:22:32<3:50:14,  2.14s/it]
 26%|██▌       | 2235/8682 [1:22:35<4:00:08,  2.23s/it]
 26%|██▌       | 2236/8682 [1:22:37<3:59:29,  2.23s/it]
 26%|██▌       | 2237/8682 [1:22:39<3:56:58,  2.21s/it]
 26%|██▌       | 2238/8682 [1:22:42<4:12:59,  2.36s/it]
 26%|██▌       | 2239/8682 [1:22:43<3:44:00,  2.09s/it]
 26%|██▌       | 2240/8682 [1:22:45<3:53:39,  2.18s/it]
 26%|██▌       | 2241/8682 [1:22:48<3:50:03,  2.14s/it]
 26%|██▌       | 2242/8682 [1:22:49<3:42:04,  2.07s/it]
 26%|██▌       | 2243/8682 [1:22:52<3:55:22,  2.19s/it]
 26%|██▌       | 2244/8682 [1:22:54<3:57:42,  2.22s/it]
 26%|██▌       | 2245/8682 [1:22:56<3:44:26,  2.09s/it]
 26%|██▌       | 2246/8682 [1:22:58<3:55:43,  2.20s/it]
 26%|██▌       | 2247/8682 [1:23:01<4:00:32,  2.24s/it]
 26%|██▌       | 2248/8682 [1:23:03<3:57:02,  2.21s/it]
 26%|██▌       | 2249/8682 [1:23:05<3:41:19,  2.06s/it]
 26%|██▌       | 2250/8682 [1:23:06<3:25:22,  1.92s/it]

{'loss': '2.153', 'grad_norm': '0.9072', 'learning_rate': '4.343e-05', 'epoch': '0.7776'}

 26%|██▌       | 2250/8682 [1:23:06<3:25:22,  1.92s/it]
 26%|██▌       | 2251/8682 [1:23:08<3:25:48,  1.92s/it]
 26%|██▌       | 2252/8682 [1:23:10<3:30:51,  1.97s/it]
 26%|██▌       | 2253/8682 [1:23:12<3:33:59,  2.00s/it]
 26%|██▌       | 2254/8682 [1:23:14<3:31:17,  1.97s/it]
 26%|██▌       | 2255/8682 [1:23:17<4:04:56,  2.29s/it]
 26%|██▌       | 2256/8682 [1:23:19<3:51:18,  2.16s/it]
 26%|██▌       | 2257/8682 [1:23:21<3:49:36,  2.14s/it]
 26%|██▌       | 2258/8682 [1:23:23<3:32:36,  1.99s/it]
 26%|██▌       | 2259/8682 [1:23:26<4:09:53,  2.33s/it]
 26%|██▌       | 2260/8682 [1:23:28<4:11:49,  2.35s/it]
 26%|██▌       | 2261/8682 [1:23:30<4:05:16,  2.29s/it]
 26%|██▌       | 2262/8682 [1:23:32<3:47:28,  2.13s/it]
 26%|██▌       | 2263/8682 [1:23:34<3:51:56,  2.17s/it]
 26%|██▌       | 2264/8682 [1:23:36<3:33:05,  1.99s/it]
 26%|██▌       | 2265/8682 [1:23:38<3:23:33,  1.90s/it]
 26%|██▌       | 2266/8682 [1:23:40<3:46:30,  2.12s/it]
 26%|██▌       | 2267/8682 [1:23:43<4:01:47,  2.26s/it]
 26%|██▌       | 2268/8682 [1:23:46<4:22:28,  2.46s/it]
 26%|██▌       | 2269/8682 [1:23:48<4:12:19,  2.36s/it]
 26%|██▌       | 2270/8682 [1:23:50<3:53:39,  2.19s/it]
 26%|██▌       | 2271/8682 [1:23:52<4:00:55,  2.25s/it]
 26%|██▌       | 2272/8682 [1:23:55<4:02:09,  2.27s/it]
 26%|██▌       | 2273/8682 [1:23:57<4:07:08,  2.31s/it]
 26%|██▌       | 2274/8682 [1:23:59<4:08:13,  2.32s/it]
 26%|██▌       | 2275/8682 [1:24:01<3:52:12,  2.17s/it]
 26%|██▌       | 2276/8682 [1:24:04<4:05:13,  2.30s/it]
 26%|██▌       | 2277/8682 [1:24:06<3:58:35,  2.24s/it]
 26%|██▌       | 2278/8682 [1:24:08<3:43:24,  2.09s/it]
 26%|██▌       | 2279/8682 [1:24:09<3:29:30,  1.96s/it]
 26%|██▋       | 2280/8682 [1:24:12<3:50:47,  2.16s/it]
 26%|██▋       | 2281/8682 [1:24:14<3:47:32,  2.13s/it]
 26%|██▋       | 2282/8682 [1:24:16<3:31:30,  1.98s/it]
 26%|██▋       | 2283/8682 [1:24:17<3:20:26,  1.88s/it]
 26%|██▋       | 2284/8682 [1:24:20<3:36:56,  2.03s/it]
 26%|██▋       | 2285/8682 [1:24:22<3:56:13,  2.22s/it]
 26%|██▋       | 2286/8682 [1:24:24<3:45:37,  2.12s/it]
 26%|██▋       | 2287/8682 [1:24:26<3:50:39,  2.16s/it]
 26%|██▋       | 2288/8682 [1:24:29<4:00:03,  2.25s/it]
 26%|██▋       | 2289/8682 [1:24:32<4:24:14,  2.48s/it]
 26%|██▋       | 2290/8682 [1:24:34<4:05:23,  2.30s/it]
 26%|██▋       | 2291/8682 [1:24:36<4:05:34,  2.31s/it]
 26%|██▋       | 2292/8682 [1:24:38<3:55:49,  2.21s/it]
 26%|██▋       | 2293/8682 [1:24:40<3:41:22,  2.08s/it]
 26%|██▋       | 2294/8682 [1:24:42<3:58:45,  2.24s/it]
 26%|██▋       | 2295/8682 [1:24:44<3:46:47,  2.13s/it]
 26%|██▋       | 2296/8682 [1:24:46<3:36:34,  2.03s/it]
 26%|██▋       | 2297/8682 [1:24:49<4:02:21,  2.28s/it]
 26%|██▋       | 2298/8682 [1:24:51<3:53:52,  2.20s/it]
 26%|██▋       | 2299/8682 [1:24:53<3:53:01,  2.19s/it]
 26%|██▋       | 2300/8682 [1:24:55<3:55:11,  2.21s/it]

{'loss': '2.109', 'grad_norm': '0.953', 'learning_rate': '4.312e-05', 'epoch': '0.7949'}

 26%|██▋       | 2300/8682 [1:24:55<3:55:11,  2.21s/it]
 27%|██▋       | 2301/8682 [1:24:58<3:58:29,  2.24s/it]
 27%|██▋       | 2302/8682 [1:25:01<4:22:07,  2.47s/it]
 27%|██▋       | 2303/8682 [1:25:03<4:10:53,  2.36s/it]
 27%|██▋       | 2304/8682 [1:25:05<4:14:48,  2.40s/it]
 27%|██▋       | 2305/8682 [1:25:08<4:23:46,  2.48s/it]
 27%|██▋       | 2306/8682 [1:25:10<4:16:13,  2.41s/it]
 27%|██▋       | 2307/8682 [1:25:12<4:05:07,  2.31s/it]
 27%|██▋       | 2308/8682 [1:25:14<3:46:35,  2.13s/it]
 27%|██▋       | 2309/8682 [1:25:16<3:31:00,  1.99s/it]
 27%|██▋       | 2310/8682 [1:25:18<3:42:56,  2.10s/it]
 27%|██▋       | 2311/8682 [1:25:20<3:34:28,  2.02s/it]
 27%|██▋       | 2312/8682 [1:25:22<3:31:19,  1.99s/it]
 27%|██▋       | 2313/8682 [1:25:24<3:22:54,  1.91s/it]
 27%|██▋       | 2314/8682 [1:25:26<3:37:52,  2.05s/it]
 27%|██▋       | 2315/8682 [1:25:29<4:04:22,  2.30s/it]
 27%|██▋       | 2316/8682 [1:25:31<4:08:12,  2.34s/it]
 27%|██▋       | 2317/8682 [1:25:33<3:45:58,  2.13s/it]
 27%|██▋       | 2318/8682 [1:25:36<4:11:44,  2.37s/it]
 27%|██▋       | 2319/8682 [1:25:38<4:04:33,  2.31s/it]
 27%|██▋       | 2320/8682 [1:25:40<3:58:18,  2.25s/it]
 27%|██▋       | 2321/8682 [1:25:42<3:40:40,  2.08s/it]
 27%|██▋       | 2322/8682 [1:25:43<3:25:03,  1.93s/it]
 27%|██▋       | 2323/8682 [1:25:46<3:40:00,  2.08s/it]
 27%|██▋       | 2324/8682 [1:25:48<3:45:02,  2.12s/it]
 27%|██▋       | 2325/8682 [1:25:50<3:51:04,  2.18s/it]
 27%|██▋       | 2326/8682 [1:25:52<3:45:55,  2.13s/it]
 27%|██▋       | 2327/8682 [1:25:54<3:46:00,  2.13s/it]
 27%|██▋       | 2328/8682 [1:25:58<4:15:46,  2.42s/it]
 27%|██▋       | 2329/8682 [1:26:00<4:16:57,  2.43s/it]
 27%|██▋       | 2330/8682 [1:26:03<4:25:48,  2.51s/it]
 27%|██▋       | 2331/8682 [1:26:04<3:55:33,  2.23s/it]
 27%|██▋       | 2332/8682 [1:26:06<3:49:26,  2.17s/it]
 27%|██▋       | 2333/8682 [1:26:09<4:05:44,  2.32s/it]
 27%|██▋       | 2334/8682 [1:26:11<4:08:48,  2.35s/it]
 27%|██▋       | 2335/8682 [1:26:13<3:48:56,  2.16s/it]
 27%|██▋       | 2336/8682 [1:26:15<3:38:18,  2.06s/it]
 27%|██▋       | 2337/8682 [1:26:18<4:04:09,  2.31s/it]
 27%|██▋       | 2338/8682 [1:26:20<4:01:31,  2.28s/it]
 27%|██▋       | 2339/8682 [1:26:22<3:44:04,  2.12s/it]
 27%|██▋       | 2340/8682 [1:26:24<3:49:21,  2.17s/it]
 27%|██▋       | 2341/8682 [1:26:26<3:36:25,  2.05s/it]
 27%|██▋       | 2342/8682 [1:26:28<3:52:43,  2.20s/it]
 27%|██▋       | 2343/8682 [1:26:31<3:51:34,  2.19s/it]
 27%|██▋       | 2344/8682 [1:26:33<3:57:04,  2.24s/it]
 27%|██▋       | 2345/8682 [1:26:35<3:46:18,  2.14s/it]
 27%|██▋       | 2346/8682 [1:26:37<3:52:44,  2.20s/it]
 27%|██▋       | 2347/8682 [1:26:39<3:37:28,  2.06s/it]
 27%|██▋       | 2348/8682 [1:26:41<3:42:42,  2.11s/it]
 27%|██▋       | 2349/8682 [1:26:44<3:55:02,  2.23s/it]
 27%|██▋       | 2350/8682 [1:26:45<3:31:31,  2.00s/it]

{'loss': '2.036', 'grad_norm': '0.8229', 'learning_rate': '4.279e-05', 'epoch': '0.8122'}

 27%|██▋       | 2350/8682 [1:26:45<3:31:31,  2.00s/it]
 27%|██▋       | 2351/8682 [1:26:47<3:19:55,  1.89s/it]
 27%|██▋       | 2352/8682 [1:26:49<3:35:02,  2.04s/it]
 27%|██▋       | 2353/8682 [1:26:51<3:39:56,  2.09s/it]
 27%|██▋       | 2354/8682 [1:26:53<3:27:21,  1.97s/it]
 27%|██▋       | 2355/8682 [1:26:55<3:26:32,  1.96s/it]
 27%|██▋       | 2356/8682 [1:26:57<3:30:04,  1.99s/it]
 27%|██▋       | 2357/8682 [1:26:59<3:34:54,  2.04s/it]
 27%|██▋       | 2358/8682 [1:27:02<3:49:34,  2.18s/it]
 27%|██▋       | 2359/8682 [1:27:03<3:35:46,  2.05s/it]
 27%|██▋       | 2360/8682 [1:27:05<3:25:11,  1.95s/it]
 27%|██▋       | 2361/8682 [1:27:08<3:40:38,  2.09s/it]
 27%|██▋       | 2362/8682 [1:27:09<3:31:42,  2.01s/it]
 27%|██▋       | 2363/8682 [1:27:11<3:26:54,  1.96s/it]
 27%|██▋       | 2364/8682 [1:27:13<3:34:16,  2.03s/it]
 27%|██▋       | 2365/8682 [1:27:15<3:32:40,  2.02s/it]
 27%|██▋       | 2366/8682 [1:27:17<3:33:49,  2.03s/it]
 27%|██▋       | 2367/8682 [1:27:20<3:45:54,  2.15s/it]
 27%|██▋       | 2368/8682 [1:27:22<3:45:37,  2.14s/it]
 27%|██▋       | 2369/8682 [1:27:24<3:35:38,  2.05s/it]
 27%|██▋       | 2370/8682 [1:27:26<3:31:21,  2.01s/it]
 27%|██▋       | 2371/8682 [1:27:28<3:51:07,  2.20s/it]
 27%|██▋       | 2372/8682 [1:27:31<3:49:42,  2.18s/it]
 27%|██▋       | 2373/8682 [1:27:32<3:39:51,  2.09s/it]
 27%|██▋       | 2374/8682 [1:27:35<3:49:07,  2.18s/it]
 27%|██▋       | 2375/8682 [1:27:37<3:34:56,  2.04s/it]
 27%|██▋       | 2376/8682 [1:27:39<3:32:36,  2.02s/it]
 27%|██▋       | 2377/8682 [1:27:40<3:24:00,  1.94s/it]
 27%|██▋       | 2378/8682 [1:27:42<3:32:49,  2.03s/it]
 27%|██▋       | 2379/8682 [1:27:45<3:34:33,  2.04s/it]
 27%|██▋       | 2380/8682 [1:27:46<3:28:18,  1.98s/it]
 27%|██▋       | 2381/8682 [1:27:49<3:38:55,  2.08s/it]
 27%|██▋       | 2382/8682 [1:27:51<3:39:05,  2.09s/it]
 27%|██▋       | 2383/8682 [1:27:52<3:23:12,  1.94s/it]
 27%|██▋       | 2384/8682 [1:27:55<3:30:15,  2.00s/it]
 27%|██▋       | 2385/8682 [1:27:57<3:48:19,  2.18s/it]
 27%|██▋       | 2386/8682 [1:27:59<3:51:34,  2.21s/it]
 27%|██▋       | 2387/8682 [1:28:01<3:39:41,  2.09s/it]
 28%|██▊       | 2388/8682 [1:28:04<3:58:19,  2.27s/it]
 28%|██▊       | 2389/8682 [1:28:06<3:55:29,  2.25s/it]
 28%|██▊       | 2390/8682 [1:28:08<3:57:55,  2.27s/it]
 28%|██▊       | 2391/8682 [1:28:11<3:59:45,  2.29s/it]
 28%|██▊       | 2392/8682 [1:28:13<4:09:34,  2.38s/it]
 28%|██▊       | 2393/8682 [1:28:16<4:14:04,  2.42s/it]
 28%|██▊       | 2394/8682 [1:28:19<4:32:27,  2.60s/it]
 28%|██▊       | 2395/8682 [1:28:21<4:08:57,  2.38s/it]
 28%|██▊       | 2396/8682 [1:28:23<3:58:52,  2.28s/it]
 28%|██▊       | 2397/8682 [1:28:25<4:00:05,  2.29s/it]
 28%|██▊       | 2398/8682 [1:28:28<4:05:51,  2.35s/it]
 28%|██▊       | 2399/8682 [1:28:30<3:53:16,  2.23s/it]
 28%|██▊       | 2400/8682 [1:28:32<3:54:44,  2.24s/it]

{'loss': '1.978', 'grad_norm': '0.8084', 'learning_rate': '4.246e-05', 'epoch': '0.8294'}

 28%|██▊       | 2400/8682 [1:28:32<3:54:44,  2.24s/it]
 28%|██▊       | 2401/8682 [1:28:34<3:38:00,  2.08s/it]
 28%|██▊       | 2402/8682 [1:28:36<3:54:25,  2.24s/it]
 28%|██▊       | 2403/8682 [1:28:38<3:50:39,  2.20s/it]
 28%|██▊       | 2404/8682 [1:28:41<3:57:14,  2.27s/it]
 28%|██▊       | 2405/8682 [1:28:42<3:39:51,  2.10s/it]
 28%|██▊       | 2406/8682 [1:28:45<3:54:14,  2.24s/it]
 28%|██▊       | 2407/8682 [1:28:47<3:49:28,  2.19s/it]
 28%|██▊       | 2408/8682 [1:28:49<3:44:44,  2.15s/it]
 28%|██▊       | 2409/8682 [1:28:51<3:46:09,  2.16s/it]
 28%|██▊       | 2410/8682 [1:28:54<3:59:17,  2.29s/it]
 28%|██▊       | 2411/8682 [1:28:56<3:47:17,  2.17s/it]
 28%|██▊       | 2412/8682 [1:28:58<3:38:10,  2.09s/it]
 28%|██▊       | 2413/8682 [1:28:59<3:22:27,  1.94s/it]
 28%|██▊       | 2414/8682 [1:29:02<3:37:28,  2.08s/it]
 28%|██▊       | 2415/8682 [1:29:04<3:32:40,  2.04s/it]
 28%|██▊       | 2416/8682 [1:29:06<3:29:05,  2.00s/it]
 28%|██▊       | 2417/8682 [1:29:08<3:40:53,  2.12s/it]
 28%|██▊       | 2418/8682 [1:29:10<3:54:35,  2.25s/it]
 28%|██▊       | 2419/8682 [1:29:13<3:58:37,  2.29s/it]
 28%|██▊       | 2420/8682 [1:29:15<4:01:14,  2.31s/it]
 28%|██▊       | 2421/8682 [1:29:17<3:58:28,  2.29s/it]
 28%|██▊       | 2422/8682 [1:29:20<4:06:28,  2.36s/it]
 28%|██▊       | 2423/8682 [1:29:22<3:50:41,  2.21s/it]
 28%|██▊       | 2424/8682 [1:29:24<3:35:07,  2.06s/it]
 28%|██▊       | 2425/8682 [1:29:26<3:46:33,  2.17s/it]
 28%|██▊       | 2426/8682 [1:29:28<3:26:35,  1.98s/it]
 28%|██▊       | 2427/8682 [1:29:30<3:33:23,  2.05s/it]
 28%|██▊       | 2428/8682 [1:29:32<3:42:08,  2.13s/it]
 28%|██▊       | 2429/8682 [1:29:34<3:48:21,  2.19s/it]
 28%|██▊       | 2430/8682 [1:29:37<4:04:36,  2.35s/it]
 28%|██▊       | 2431/8682 [1:29:40<4:14:56,  2.45s/it]
 28%|██▊       | 2432/8682 [1:29:41<3:49:34,  2.20s/it]
 28%|██▊       | 2433/8682 [1:29:43<3:35:44,  2.07s/it]
 28%|██▊       | 2434/8682 [1:29:45<3:38:38,  2.10s/it]
 28%|██▊       | 2435/8682 [1:29:48<3:43:03,  2.14s/it]
 28%|██▊       | 2436/8682 [1:29:50<3:46:03,  2.17s/it]
 28%|██▊       | 2437/8682 [1:29:51<3:26:29,  1.98s/it]
 28%|██▊       | 2438/8682 [1:29:53<3:21:11,  1.93s/it]
 28%|██▊       | 2439/8682 [1:29:55<3:18:27,  1.91s/it]
 28%|██▊       | 2440/8682 [1:29:57<3:12:56,  1.85s/it]
 28%|██▊       | 2441/8682 [1:29:59<3:32:21,  2.04s/it]
 28%|██▊       | 2442/8682 [1:30:01<3:24:34,  1.97s/it]
 28%|██▊       | 2443/8682 [1:30:03<3:17:57,  1.90s/it]
 28%|██▊       | 2444/8682 [1:30:05<3:36:14,  2.08s/it]
 28%|██▊       | 2445/8682 [1:30:07<3:25:42,  1.98s/it]
 28%|██▊       | 2446/8682 [1:30:09<3:32:36,  2.05s/it]
 28%|██▊       | 2447/8682 [1:30:11<3:33:58,  2.06s/it]
 28%|██▊       | 2448/8682 [1:30:13<3:34:45,  2.07s/it]
 28%|██▊       | 2449/8682 [1:30:16<3:39:37,  2.11s/it]
 28%|██▊       | 2450/8682 [1:30:18<3:38:57,  2.11s/it]

{'loss': '1.925', 'grad_norm': '0.8031', 'learning_rate': '4.212e-05', 'epoch': '0.8467'}

 28%|██▊       | 2450/8682 [1:30:18<3:38:57,  2.11s/it]
 28%|██▊       | 2451/8682 [1:30:20<3:36:53,  2.09s/it]
 28%|██▊       | 2452/8682 [1:30:22<3:43:19,  2.15s/it]
 28%|██▊       | 2453/8682 [1:30:24<3:36:37,  2.09s/it]
 28%|██▊       | 2454/8682 [1:30:26<3:22:52,  1.95s/it]
 28%|██▊       | 2455/8682 [1:30:28<3:31:05,  2.03s/it]
 28%|██▊       | 2456/8682 [1:30:30<3:42:17,  2.14s/it]
 28%|██▊       | 2457/8682 [1:30:32<3:41:20,  2.13s/it]
 28%|██▊       | 2458/8682 [1:30:35<3:47:12,  2.19s/it]
 28%|██▊       | 2459/8682 [1:30:37<3:59:06,  2.31s/it]
 28%|██▊       | 2460/8682 [1:30:40<4:07:43,  2.39s/it]
 28%|██▊       | 2461/8682 [1:30:42<4:06:04,  2.37s/it]
 28%|██▊       | 2462/8682 [1:30:45<4:14:49,  2.46s/it]
 28%|██▊       | 2463/8682 [1:30:48<4:27:37,  2.58s/it]
 28%|██▊       | 2464/8682 [1:30:50<4:09:15,  2.41s/it]
 28%|██▊       | 2465/8682 [1:30:52<4:05:49,  2.37s/it]
 28%|██▊       | 2466/8682 [1:30:54<3:41:18,  2.14s/it]
 28%|██▊       | 2467/8682 [1:30:56<3:43:07,  2.15s/it]
 28%|██▊       | 2468/8682 [1:30:58<3:57:17,  2.29s/it]
 28%|██▊       | 2469/8682 [1:31:00<3:39:42,  2.12s/it]
 28%|██▊       | 2470/8682 [1:31:03<3:59:44,  2.32s/it]
 28%|██▊       | 2471/8682 [1:31:05<3:42:31,  2.15s/it]
 28%|██▊       | 2472/8682 [1:31:07<3:57:27,  2.29s/it]
 28%|██▊       | 2473/8682 [1:31:09<3:46:23,  2.19s/it]
 28%|██▊       | 2474/8682 [1:31:12<3:49:48,  2.22s/it]
 29%|██▊       | 2475/8682 [1:31:14<3:50:47,  2.23s/it]
 29%|██▊       | 2476/8682 [1:31:16<3:53:27,  2.26s/it]
 29%|██▊       | 2477/8682 [1:31:18<3:37:29,  2.10s/it]
 29%|██▊       | 2478/8682 [1:31:20<3:26:21,  2.00s/it]
 29%|██▊       | 2479/8682 [1:31:21<3:12:52,  1.87s/it]
 29%|██▊       | 2480/8682 [1:31:23<3:27:42,  2.01s/it]
 29%|██▊       | 2481/8682 [1:31:26<3:36:06,  2.09s/it]
 29%|██▊       | 2482/8682 [1:31:28<3:31:03,  2.04s/it]
 29%|██▊       | 2483/8682 [1:31:30<3:33:59,  2.07s/it]
 29%|██▊       | 2484/8682 [1:31:32<3:41:09,  2.14s/it]
 29%|██▊       | 2485/8682 [1:31:34<3:47:11,  2.20s/it]
 29%|██▊       | 2486/8682 [1:31:36<3:39:10,  2.12s/it]
 29%|██▊       | 2487/8682 [1:31:38<3:29:52,  2.03s/it]
 29%|██▊       | 2488/8682 [1:31:40<3:35:33,  2.09s/it]
 29%|██▊       | 2489/8682 [1:31:42<3:22:57,  1.97s/it]
 29%|██▊       | 2490/8682 [1:31:44<3:31:42,  2.05s/it]
 29%|██▊       | 2491/8682 [1:31:46<3:31:39,  2.05s/it]
 29%|██▊       | 2492/8682 [1:31:48<3:21:23,  1.95s/it]
 29%|██▊       | 2493/8682 [1:31:51<3:39:18,  2.13s/it]
 29%|██▊       | 2494/8682 [1:31:53<3:33:37,  2.07s/it]
 29%|██▊       | 2495/8682 [1:31:55<3:31:25,  2.05s/it]
 29%|██▊       | 2496/8682 [1:31:56<3:15:41,  1.90s/it]
 29%|██▉       | 2497/8682 [1:31:58<3:24:42,  1.99s/it]
 29%|██▉       | 2498/8682 [1:32:01<3:37:01,  2.11s/it]
 29%|██▉       | 2499/8682 [1:32:03<3:41:03,  2.15s/it]
 29%|██▉       | 2500/8682 [1:32:05<3:50:16,  2.23s/it]

{'loss': '1.892', 'grad_norm': '0.7447', 'learning_rate': '4.178e-05', 'epoch': '0.864'}

 29%|██▉       | 2500/8682 [1:32:05<3:50:16,  2.23s/it]
 29%|██▉       | 2501/8682 [1:32:08<3:47:38,  2.21s/it]
 29%|██▉       | 2502/8682 [1:32:11<4:08:57,  2.42s/it]
 29%|██▉       | 2503/8682 [1:32:13<3:57:19,  2.30s/it]
 29%|██▉       | 2504/8682 [1:32:15<3:58:07,  2.31s/it]
 29%|██▉       | 2505/8682 [1:32:17<3:42:50,  2.16s/it]
 29%|██▉       | 2506/8682 [1:32:19<3:46:45,  2.20s/it]
 29%|██▉       | 2507/8682 [1:32:21<3:36:08,  2.10s/it]
 29%|██▉       | 2508/8682 [1:32:23<3:30:11,  2.04s/it]
 29%|██▉       | 2509/8682 [1:32:25<3:21:23,  1.96s/it]
 29%|██▉       | 2510/8682 [1:32:26<3:14:19,  1.89s/it]
 29%|██▉       | 2511/8682 [1:32:28<3:14:14,  1.89s/it]
 29%|██▉       | 2512/8682 [1:32:31<3:30:31,  2.05s/it]
 29%|██▉       | 2513/8682 [1:32:32<3:22:18,  1.97s/it]
 29%|██▉       | 2514/8682 [1:32:34<3:28:30,  2.03s/it]
 29%|██▉       | 2515/8682 [1:32:37<3:36:32,  2.11s/it]
 29%|██▉       | 2516/8682 [1:32:40<4:03:52,  2.37s/it]
 29%|██▉       | 2517/8682 [1:32:42<3:55:39,  2.29s/it]
 29%|██▉       | 2518/8682 [1:32:44<3:55:21,  2.29s/it]
 29%|██▉       | 2519/8682 [1:32:46<3:44:05,  2.18s/it]
 29%|██▉       | 2520/8682 [1:32:49<3:56:04,  2.30s/it]
 29%|██▉       | 2521/8682 [1:32:51<3:54:52,  2.29s/it]
 29%|██▉       | 2522/8682 [1:32:53<3:53:22,  2.27s/it]
 29%|██▉       | 2523/8682 [1:32:55<3:46:31,  2.21s/it]
 29%|██▉       | 2524/8682 [1:32:57<3:40:39,  2.15s/it]
 29%|██▉       | 2525/8682 [1:33:00<3:51:20,  2.25s/it]
 29%|██▉       | 2526/8682 [1:33:02<3:38:38,  2.13s/it]
 29%|██▉       | 2527/8682 [1:33:04<3:55:16,  2.29s/it]
 29%|██▉       | 2528/8682 [1:33:06<3:40:28,  2.15s/it]
 29%|██▉       | 2529/8682 [1:33:08<3:32:53,  2.08s/it]
 29%|██▉       | 2530/8682 [1:33:10<3:27:10,  2.02s/it]
 29%|██▉       | 2531/8682 [1:33:12<3:15:46,  1.91s/it]
 29%|██▉       | 2532/8682 [1:33:14<3:26:16,  2.01s/it]
 29%|██▉       | 2533/8682 [1:33:15<3:10:49,  1.86s/it]
 29%|██▉       | 2534/8682 [1:33:18<3:23:11,  1.98s/it]
 29%|██▉       | 2535/8682 [1:33:19<3:14:59,  1.90s/it]
 29%|██▉       | 2536/8682 [1:33:21<3:13:51,  1.89s/it]
 29%|██▉       | 2537/8682 [1:33:24<3:30:05,  2.05s/it]
 29%|██▉       | 2538/8682 [1:33:25<3:19:30,  1.95s/it]
 29%|██▉       | 2539/8682 [1:33:27<3:12:05,  1.88s/it]
 29%|██▉       | 2540/8682 [1:33:29<3:28:32,  2.04s/it]
 29%|██▉       | 2541/8682 [1:33:31<3:21:44,  1.97s/it]
 29%|██▉       | 2542/8682 [1:33:34<3:52:05,  2.27s/it]
 29%|██▉       | 2543/8682 [1:33:37<4:13:55,  2.48s/it]
 29%|██▉       | 2544/8682 [1:33:39<3:56:35,  2.31s/it]
 29%|██▉       | 2545/8682 [1:33:41<3:59:21,  2.34s/it]
 29%|██▉       | 2546/8682 [1:33:44<3:53:01,  2.28s/it]
 29%|██▉       | 2547/8682 [1:33:46<4:01:24,  2.36s/it]
 29%|██▉       | 2548/8682 [1:33:48<3:53:38,  2.29s/it]
 29%|██▉       | 2549/8682 [1:33:50<3:45:50,  2.21s/it]
 29%|██▉       | 2550/8682 [1:33:53<3:48:33,  2.24s/it]

{'loss': '1.846', 'grad_norm': '0.7392', 'learning_rate': '4.143e-05', 'epoch': '0.8813'}

 29%|██▉       | 2550/8682 [1:33:53<3:48:33,  2.24s/it]
 29%|██▉       | 2551/8682 [1:33:55<3:54:57,  2.30s/it]
 29%|██▉       | 2552/8682 [1:33:57<3:46:19,  2.22s/it]
 29%|██▉       | 2553/8682 [1:33:59<3:37:31,  2.13s/it]
 29%|██▉       | 2554/8682 [1:34:01<3:30:44,  2.06s/it]
 29%|██▉       | 2555/8682 [1:34:03<3:17:43,  1.94s/it]
 29%|██▉       | 2556/8682 [1:34:05<3:26:14,  2.02s/it]
 29%|██▉       | 2557/8682 [1:34:07<3:18:57,  1.95s/it]
 29%|██▉       | 2558/8682 [1:34:09<3:29:29,  2.05s/it]
 29%|██▉       | 2559/8682 [1:34:11<3:31:49,  2.08s/it]
 29%|██▉       | 2560/8682 [1:34:13<3:36:17,  2.12s/it]
 29%|██▉       | 2561/8682 [1:34:16<3:42:27,  2.18s/it]
 30%|██▉       | 2562/8682 [1:34:17<3:33:24,  2.09s/it]
 30%|██▉       | 2563/8682 [1:34:20<4:00:06,  2.35s/it]
 30%|██▉       | 2564/8682 [1:34:22<3:36:25,  2.12s/it]
 30%|██▉       | 2565/8682 [1:34:24<3:42:28,  2.18s/it]
 30%|██▉       | 2566/8682 [1:34:26<3:31:29,  2.07s/it]
 30%|██▉       | 2567/8682 [1:34:29<3:44:35,  2.20s/it]
 30%|██▉       | 2568/8682 [1:34:30<3:24:08,  2.00s/it]
 30%|██▉       | 2569/8682 [1:34:33<3:35:49,  2.12s/it]
 30%|██▉       | 2570/8682 [1:34:34<3:21:17,  1.98s/it]
 30%|██▉       | 2571/8682 [1:34:36<3:31:09,  2.07s/it]
 30%|██▉       | 2572/8682 [1:34:39<3:38:17,  2.14s/it]
 30%|██▉       | 2573/8682 [1:34:41<3:31:00,  2.07s/it]
 30%|██▉       | 2574/8682 [1:34:44<3:57:50,  2.34s/it]
 30%|██▉       | 2575/8682 [1:34:46<4:07:42,  2.43s/it]
 30%|██▉       | 2576/8682 [1:34:48<3:45:22,  2.21s/it]
 30%|██▉       | 2577/8682 [1:34:51<4:04:57,  2.41s/it]
 30%|██▉       | 2578/8682 [1:34:52<3:37:23,  2.14s/it]
 30%|██▉       | 2579/8682 [1:34:55<3:47:25,  2.24s/it]
 30%|██▉       | 2580/8682 [1:34:57<3:41:10,  2.17s/it]
 30%|██▉       | 2581/8682 [1:35:00<4:04:04,  2.40s/it]
 30%|██▉       | 2582/8682 [1:35:02<4:09:22,  2.45s/it]
 30%|██▉       | 2583/8682 [1:35:04<3:50:19,  2.27s/it]
 30%|██▉       | 2584/8682 [1:35:06<3:51:58,  2.28s/it]
 30%|██▉       | 2585/8682 [1:35:09<3:46:17,  2.23s/it]
 30%|██▉       | 2586/8682 [1:35:11<3:43:49,  2.20s/it]
 30%|██▉       | 2587/8682 [1:35:12<3:26:41,  2.03s/it]
 30%|██▉       | 2588/8682 [1:35:15<3:55:45,  2.32s/it]
 30%|██▉       | 2589/8682 [1:35:18<3:57:14,  2.34s/it]
 30%|██▉       | 2590/8682 [1:35:20<3:49:34,  2.26s/it]
 30%|██▉       | 2591/8682 [1:35:22<3:50:03,  2.27s/it]
 30%|██▉       | 2592/8682 [1:35:24<3:36:35,  2.13s/it]
 30%|██▉       | 2593/8682 [1:35:26<3:38:52,  2.16s/it]
 30%|██▉       | 2594/8682 [1:35:28<3:43:00,  2.20s/it]
 30%|██▉       | 2595/8682 [1:35:31<3:43:34,  2.20s/it]
 30%|██▉       | 2596/8682 [1:35:32<3:32:09,  2.09s/it]
 30%|██▉       | 2597/8682 [1:35:34<3:26:35,  2.04s/it]
 30%|██▉       | 2598/8682 [1:35:37<3:35:03,  2.12s/it]
 30%|██▉       | 2599/8682 [1:35:39<3:35:34,  2.13s/it]
 30%|██▉       | 2600/8682 [1:35:41<3:32:04,  2.09s/it]

{'loss': '1.809', 'grad_norm': '0.7501', 'learning_rate': '4.108e-05', 'epoch': '0.8986'}

 30%|██▉       | 2600/8682 [1:35:41<3:32:04,  2.09s/it]
 30%|██▉       | 2601/8682 [1:35:43<3:34:42,  2.12s/it]
 30%|██▉       | 2602/8682 [1:35:45<3:19:49,  1.97s/it]
 30%|██▉       | 2603/8682 [1:35:46<3:06:30,  1.84s/it]
 30%|██▉       | 2604/8682 [1:35:48<3:17:00,  1.94s/it]
 30%|███       | 2605/8682 [1:35:51<3:22:58,  2.00s/it]
 30%|███       | 2606/8682 [1:35:53<3:30:55,  2.08s/it]
 30%|███       | 2607/8682 [1:35:55<3:25:09,  2.03s/it]
 30%|███       | 2608/8682 [1:35:56<3:11:30,  1.89s/it]
 30%|███       | 2609/8682 [1:35:59<3:21:35,  1.99s/it]
 30%|███       | 2610/8682 [1:36:00<3:17:37,  1.95s/it]
 30%|███       | 2611/8682 [1:36:03<3:26:35,  2.04s/it]
 30%|███       | 2612/8682 [1:36:04<3:21:38,  1.99s/it]
 30%|███       | 2613/8682 [1:36:06<3:19:38,  1.97s/it]
 30%|███       | 2614/8682 [1:36:09<3:29:37,  2.07s/it]
 30%|███       | 2615/8682 [1:36:11<3:37:20,  2.15s/it]
 30%|███       | 2616/8682 [1:36:14<3:55:20,  2.33s/it]
 30%|███       | 2617/8682 [1:36:16<3:56:03,  2.34s/it]
 30%|███       | 2618/8682 [1:36:18<3:46:36,  2.24s/it]
 30%|███       | 2619/8682 [1:36:21<3:51:02,  2.29s/it]
 30%|███       | 2620/8682 [1:36:23<3:48:17,  2.26s/it]
 30%|███       | 2621/8682 [1:36:25<3:33:49,  2.12s/it]
 30%|███       | 2622/8682 [1:36:27<3:34:47,  2.13s/it]
 30%|███       | 2623/8682 [1:36:29<3:35:57,  2.14s/it]
 30%|███       | 2624/8682 [1:36:31<3:41:36,  2.19s/it]
 30%|███       | 2625/8682 [1:36:33<3:33:11,  2.11s/it]
 30%|███       | 2626/8682 [1:36:36<3:44:39,  2.23s/it]
 30%|███       | 2627/8682 [1:36:38<3:44:37,  2.23s/it]
 30%|███       | 2628/8682 [1:36:40<3:49:12,  2.27s/it]
 30%|███       | 2629/8682 [1:36:42<3:48:29,  2.26s/it]
 30%|███       | 2630/8682 [1:36:45<3:58:20,  2.36s/it]
 30%|███       | 2631/8682 [1:36:47<3:56:00,  2.34s/it]
 30%|███       | 2632/8682 [1:36:50<3:52:17,  2.30s/it]
 30%|███       | 2633/8682 [1:36:52<3:52:58,  2.31s/it]
 30%|███       | 2634/8682 [1:36:54<3:48:58,  2.27s/it]
 30%|███       | 2635/8682 [1:36:56<3:50:29,  2.29s/it]
 30%|███       | 2636/8682 [1:36:58<3:29:15,  2.08s/it]
 30%|███       | 2637/8682 [1:37:00<3:34:20,  2.13s/it]
 30%|███       | 2638/8682 [1:37:03<3:51:36,  2.30s/it]
 30%|███       | 2639/8682 [1:37:05<3:45:10,  2.24s/it]
 30%|███       | 2640/8682 [1:37:07<3:46:48,  2.25s/it]
 30%|███       | 2641/8682 [1:37:09<3:28:25,  2.07s/it]
 30%|███       | 2642/8682 [1:37:11<3:32:18,  2.11s/it]
 30%|███       | 2643/8682 [1:37:14<3:50:35,  2.29s/it]
 30%|███       | 2644/8682 [1:37:16<3:46:48,  2.25s/it]
 30%|███       | 2645/8682 [1:37:18<3:29:52,  2.09s/it]
 30%|███       | 2646/8682 [1:37:20<3:33:16,  2.12s/it]
 30%|███       | 2647/8682 [1:37:22<3:24:20,  2.03s/it]
 30%|███       | 2648/8682 [1:37:24<3:28:33,  2.07s/it]
 31%|███       | 2649/8682 [1:37:26<3:34:04,  2.13s/it]
 31%|███       | 2650/8682 [1:37:28<3:30:40,  2.10s/it]

{'loss': '1.763', 'grad_norm': '0.7203', 'learning_rate': '4.072e-05', 'epoch': '0.9158'}

 31%|███       | 2650/8682 [1:37:28<3:30:40,  2.10s/it]
 31%|███       | 2651/8682 [1:37:31<3:40:36,  2.19s/it]
 31%|███       | 2652/8682 [1:37:32<3:28:50,  2.08s/it]
 31%|███       | 2653/8682 [1:37:35<3:32:13,  2.11s/it]
 31%|███       | 2654/8682 [1:37:36<3:22:24,  2.01s/it]
 31%|███       | 2655/8682 [1:37:38<3:18:56,  1.98s/it]
 31%|███       | 2656/8682 [1:37:40<3:12:34,  1.92s/it]
 31%|███       | 2657/8682 [1:37:43<3:30:41,  2.10s/it]
 31%|███       | 2658/8682 [1:37:44<3:16:14,  1.95s/it]
 31%|███       | 2659/8682 [1:37:46<3:16:27,  1.96s/it]
 31%|███       | 2660/8682 [1:37:48<3:12:59,  1.92s/it]
 31%|███       | 2661/8682 [1:37:50<3:20:44,  2.00s/it]
 31%|███       | 2662/8682 [1:37:52<3:22:25,  2.02s/it]
 31%|███       | 2663/8682 [1:37:54<3:14:03,  1.93s/it]
 31%|███       | 2664/8682 [1:37:56<3:24:06,  2.03s/it]
 31%|███       | 2665/8682 [1:37:59<3:45:12,  2.25s/it]
 31%|███       | 2666/8682 [1:38:01<3:32:05,  2.12s/it]
 31%|███       | 2667/8682 [1:38:03<3:30:03,  2.10s/it]
 31%|███       | 2668/8682 [1:38:05<3:17:48,  1.97s/it]
 31%|███       | 2669/8682 [1:38:07<3:17:50,  1.97s/it]
 31%|███       | 2670/8682 [1:38:09<3:34:06,  2.14s/it]
 31%|███       | 2671/8682 [1:38:11<3:14:48,  1.94s/it]
 31%|███       | 2672/8682 [1:38:12<3:14:32,  1.94s/it]
 31%|███       | 2673/8682 [1:38:15<3:37:41,  2.17s/it]
 31%|███       | 2674/8682 [1:38:17<3:37:43,  2.17s/it]
 31%|███       | 2675/8682 [1:38:20<3:40:20,  2.20s/it]
 31%|███       | 2676/8682 [1:38:22<3:47:17,  2.27s/it]
 31%|███       | 2677/8682 [1:38:24<3:44:09,  2.24s/it]
 31%|███       | 2678/8682 [1:38:27<3:45:22,  2.25s/it]
 31%|███       | 2679/8682 [1:38:29<3:52:07,  2.32s/it]
 31%|███       | 2680/8682 [1:38:31<3:39:39,  2.20s/it]
 31%|███       | 2681/8682 [1:38:33<3:38:45,  2.19s/it]
 31%|███       | 2682/8682 [1:38:35<3:37:40,  2.18s/it]
 31%|███       | 2683/8682 [1:38:38<3:44:29,  2.25s/it]
 31%|███       | 2684/8682 [1:38:40<3:40:32,  2.21s/it]
 31%|███       | 2685/8682 [1:38:43<4:03:11,  2.43s/it]
 31%|███       | 2686/8682 [1:38:45<4:00:22,  2.41s/it]
 31%|███       | 2687/8682 [1:38:47<3:59:10,  2.39s/it]
 31%|███       | 2688/8682 [1:38:49<3:39:02,  2.19s/it]
 31%|███       | 2689/8682 [1:38:51<3:38:24,  2.19s/it]
 31%|███       | 2690/8682 [1:38:54<3:48:19,  2.29s/it]
 31%|███       | 2691/8682 [1:38:56<3:40:56,  2.21s/it]
 31%|███       | 2692/8682 [1:38:58<3:43:27,  2.24s/it]
 31%|███       | 2693/8682 [1:39:00<3:31:43,  2.12s/it]
 31%|███       | 2694/8682 [1:39:02<3:22:09,  2.03s/it]
 31%|███       | 2695/8682 [1:39:04<3:20:05,  2.01s/it]
 31%|███       | 2696/8682 [1:39:06<3:15:15,  1.96s/it]
 31%|███       | 2697/8682 [1:39:07<3:04:13,  1.85s/it]
 31%|███       | 2698/8682 [1:39:10<3:22:54,  2.03s/it]
 31%|███       | 2699/8682 [1:39:11<3:12:23,  1.93s/it]
 31%|███       | 2700/8682 [1:39:14<3:32:08,  2.13s/it]

{'loss': '1.731', 'grad_norm': '0.7352', 'learning_rate': '4.035e-05', 'epoch': '0.9331'}

 31%|███       | 2700/8682 [1:39:14<3:32:08,  2.13s/it]
 31%|███       | 2701/8682 [1:39:17<3:49:49,  2.31s/it]
 31%|███       | 2702/8682 [1:39:19<3:52:06,  2.33s/it]
 31%|███       | 2703/8682 [1:39:21<3:50:30,  2.31s/it]
 31%|███       | 2704/8682 [1:39:23<3:32:39,  2.13s/it]
 31%|███       | 2705/8682 [1:39:25<3:24:49,  2.06s/it]
 31%|███       | 2706/8682 [1:39:27<3:24:48,  2.06s/it]
 31%|███       | 2707/8682 [1:39:29<3:34:07,  2.15s/it]
 31%|███       | 2708/8682 [1:39:31<3:28:12,  2.09s/it]
 31%|███       | 2709/8682 [1:39:34<3:35:11,  2.16s/it]
 31%|███       | 2710/8682 [1:39:36<3:33:07,  2.14s/it]
 31%|███       | 2711/8682 [1:39:38<3:37:27,  2.19s/it]
 31%|███       | 2712/8682 [1:39:40<3:20:30,  2.02s/it]
 31%|███       | 2713/8682 [1:39:41<3:09:37,  1.91s/it]
 31%|███▏      | 2714/8682 [1:39:44<3:24:48,  2.06s/it]
 31%|███▏      | 2715/8682 [1:39:46<3:23:39,  2.05s/it]
 31%|███▏      | 2716/8682 [1:39:49<3:52:39,  2.34s/it]
 31%|███▏      | 2717/8682 [1:39:52<4:11:08,  2.53s/it]
 31%|███▏      | 2718/8682 [1:39:54<4:04:17,  2.46s/it]
 31%|███▏      | 2719/8682 [1:39:56<3:45:33,  2.27s/it]
 31%|███▏      | 2720/8682 [1:39:58<3:52:15,  2.34s/it]
 31%|███▏      | 2721/8682 [1:40:00<3:42:00,  2.23s/it]
 31%|███▏      | 2722/8682 [1:40:03<3:49:05,  2.31s/it]
 31%|███▏      | 2723/8682 [1:40:04<3:28:42,  2.10s/it]
 31%|███▏      | 2724/8682 [1:40:07<3:32:57,  2.14s/it]
 31%|███▏      | 2725/8682 [1:40:08<3:16:40,  1.98s/it]
 31%|███▏      | 2726/8682 [1:40:11<3:33:52,  2.15s/it]
 31%|███▏      | 2727/8682 [1:40:13<3:23:35,  2.05s/it]
 31%|███▏      | 2728/8682 [1:40:14<3:10:21,  1.92s/it]
 31%|███▏      | 2729/8682 [1:40:16<3:15:49,  1.97s/it]
 31%|███▏      | 2730/8682 [1:40:18<3:10:06,  1.92s/it]
 31%|███▏      | 2731/8682 [1:40:21<3:26:12,  2.08s/it]
 31%|███▏      | 2732/8682 [1:40:24<3:54:54,  2.37s/it]
 31%|███▏      | 2733/8682 [1:40:25<3:32:46,  2.15s/it]
 31%|███▏      | 2734/8682 [1:40:27<3:20:28,  2.02s/it]
 32%|███▏      | 2735/8682 [1:40:29<3:32:52,  2.15s/it]
 32%|███▏      | 2736/8682 [1:40:32<3:56:46,  2.39s/it]
 32%|███▏      | 2737/8682 [1:40:35<3:53:33,  2.36s/it]
 32%|███▏      | 2738/8682 [1:40:37<3:43:49,  2.26s/it]
 32%|███▏      | 2739/8682 [1:40:38<3:25:07,  2.07s/it]
 32%|███▏      | 2740/8682 [1:40:41<3:45:15,  2.27s/it]
 32%|███▏      | 2741/8682 [1:40:43<3:33:32,  2.16s/it]
 32%|███▏      | 2742/8682 [1:40:45<3:22:55,  2.05s/it]
 32%|███▏      | 2743/8682 [1:40:47<3:28:15,  2.10s/it]
 32%|███▏      | 2744/8682 [1:40:49<3:16:03,  1.98s/it]
 32%|███▏      | 2745/8682 [1:40:50<3:06:25,  1.88s/it]
 32%|███▏      | 2746/8682 [1:40:53<3:18:55,  2.01s/it]
 32%|███▏      | 2747/8682 [1:40:54<3:11:30,  1.94s/it]
 32%|███▏      | 2748/8682 [1:40:57<3:24:16,  2.07s/it]
 32%|███▏      | 2749/8682 [1:40:58<3:14:14,  1.96s/it]
 32%|███▏      | 2750/8682 [1:41:00<3:03:00,  1.85s/it]

{'loss': '1.719', 'grad_norm': '0.6868', 'learning_rate': '3.998e-05', 'epoch': '0.9504'}

 32%|███▏      | 2750/8682 [1:41:00<3:03:00,  1.85s/it]
 32%|███▏      | 2751/8682 [1:41:02<3:05:30,  1.88s/it]
 32%|███▏      | 2752/8682 [1:41:05<3:23:53,  2.06s/it]
 32%|███▏      | 2753/8682 [1:41:07<3:21:54,  2.04s/it]
 32%|███▏      | 2754/8682 [1:41:09<3:31:54,  2.14s/it]
 32%|███▏      | 2755/8682 [1:41:12<3:50:24,  2.33s/it]
 32%|███▏      | 2756/8682 [1:41:13<3:29:49,  2.12s/it]
 32%|███▏      | 2757/8682 [1:41:16<3:52:42,  2.36s/it]
 32%|███▏      | 2758/8682 [1:41:18<3:50:07,  2.33s/it]
 32%|███▏      | 2759/8682 [1:41:21<3:50:21,  2.33s/it]
 32%|███▏      | 2760/8682 [1:41:23<3:46:23,  2.29s/it]
 32%|███▏      | 2761/8682 [1:41:25<3:42:18,  2.25s/it]
 32%|███▏      | 2762/8682 [1:41:28<3:45:11,  2.28s/it]
 32%|███▏      | 2763/8682 [1:41:30<3:46:21,  2.29s/it]
 32%|███▏      | 2764/8682 [1:41:32<3:38:47,  2.22s/it]
 32%|███▏      | 2765/8682 [1:41:34<3:21:03,  2.04s/it]
 32%|███▏      | 2766/8682 [1:41:36<3:29:24,  2.12s/it]
 32%|███▏      | 2767/8682 [1:41:38<3:37:04,  2.20s/it]
 32%|███▏      | 2768/8682 [1:41:40<3:22:42,  2.06s/it]
 32%|███▏      | 2769/8682 [1:41:42<3:22:17,  2.05s/it]
 32%|███▏      | 2770/8682 [1:41:44<3:33:19,  2.17s/it]
 32%|███▏      | 2771/8682 [1:41:47<3:48:34,  2.32s/it]
 32%|███▏      | 2772/8682 [1:41:50<3:53:37,  2.37s/it]
 32%|███▏      | 2773/8682 [1:41:51<3:36:31,  2.20s/it]
 32%|███▏      | 2774/8682 [1:41:54<3:37:32,  2.21s/it]
 32%|███▏      | 2775/8682 [1:41:56<3:41:38,  2.25s/it]
 32%|███▏      | 2776/8682 [1:41:59<4:00:55,  2.45s/it]
 32%|███▏      | 2777/8682 [1:42:00<3:34:49,  2.18s/it]
 32%|███▏      | 2778/8682 [1:42:02<3:12:20,  1.95s/it]
 32%|███▏      | 2779/8682 [1:42:04<3:10:22,  1.93s/it]
 32%|███▏      | 2780/8682 [1:42:06<3:11:09,  1.94s/it]
 32%|███▏      | 2781/8682 [1:42:08<3:25:24,  2.09s/it]
 32%|███▏      | 2782/8682 [1:42:10<3:15:33,  1.99s/it]
 32%|███▏      | 2783/8682 [1:42:13<3:34:25,  2.18s/it]
 32%|███▏      | 2784/8682 [1:42:14<3:18:00,  2.01s/it]
 32%|███▏      | 2785/8682 [1:42:16<3:26:52,  2.10s/it]
 32%|███▏      | 2786/8682 [1:42:18<3:18:27,  2.02s/it]
 32%|███▏      | 2787/8682 [1:42:21<3:32:02,  2.16s/it]
 32%|███▏      | 2788/8682 [1:42:23<3:38:19,  2.22s/it]
 32%|███▏      | 2789/8682 [1:42:25<3:36:24,  2.20s/it]
 32%|███▏      | 2790/8682 [1:42:28<3:39:32,  2.24s/it]
 32%|███▏      | 2791/8682 [1:42:30<3:48:17,  2.33s/it]
 32%|███▏      | 2792/8682 [1:42:33<3:51:50,  2.36s/it]
 32%|███▏      | 2793/8682 [1:42:35<3:53:29,  2.38s/it]
 32%|███▏      | 2794/8682 [1:42:37<3:50:19,  2.35s/it]
 32%|███▏      | 2795/8682 [1:42:40<3:50:48,  2.35s/it]
 32%|███▏      | 2796/8682 [1:42:42<3:47:53,  2.32s/it]
 32%|███▏      | 2797/8682 [1:42:44<3:36:34,  2.21s/it]
 32%|███▏      | 2798/8682 [1:42:46<3:27:22,  2.11s/it]
 32%|███▏      | 2799/8682 [1:42:48<3:33:20,  2.18s/it]
 32%|███▏      | 2800/8682 [1:42:50<3:38:39,  2.23s/it]

{'loss': '1.67', 'grad_norm': '0.677', 'learning_rate': '3.961e-05', 'epoch': '0.9677'}

 32%|███▏      | 2800/8682 [1:42:50<3:38:39,  2.23s/it]
 32%|███▏      | 2801/8682 [1:42:53<3:35:11,  2.20s/it]
 32%|███▏      | 2802/8682 [1:42:54<3:22:29,  2.07s/it]
 32%|███▏      | 2803/8682 [1:42:56<3:11:52,  1.96s/it]
 32%|███▏      | 2804/8682 [1:42:58<3:12:17,  1.96s/it]
 32%|███▏      | 2805/8682 [1:43:00<3:05:36,  1.89s/it]
 32%|███▏      | 2806/8682 [1:43:02<3:29:04,  2.13s/it]
 32%|███▏      | 2807/8682 [1:43:04<3:16:26,  2.01s/it]
 32%|███▏      | 2808/8682 [1:43:06<3:26:26,  2.11s/it]
 32%|███▏      | 2809/8682 [1:43:09<3:25:27,  2.10s/it]
 32%|███▏      | 2810/8682 [1:43:11<3:25:29,  2.10s/it]
 32%|███▏      | 2811/8682 [1:43:12<3:14:30,  1.99s/it]
 32%|███▏      | 2812/8682 [1:43:14<3:10:50,  1.95s/it]
 32%|███▏      | 2813/8682 [1:43:17<3:24:22,  2.09s/it]
 32%|███▏      | 2814/8682 [1:43:19<3:29:27,  2.14s/it]
 32%|███▏      | 2815/8682 [1:43:21<3:14:44,  1.99s/it]
 32%|███▏      | 2816/8682 [1:43:23<3:25:11,  2.10s/it]
 32%|███▏      | 2817/8682 [1:43:25<3:15:02,  2.00s/it]
 32%|███▏      | 2818/8682 [1:43:26<3:05:45,  1.90s/it]
 32%|███▏      | 2819/8682 [1:43:29<3:14:48,  1.99s/it]
 32%|███▏      | 2820/8682 [1:43:30<3:12:56,  1.97s/it]
 32%|███▏      | 2821/8682 [1:43:33<3:22:37,  2.07s/it]
 33%|███▎      | 2822/8682 [1:43:35<3:25:37,  2.11s/it]
 33%|███▎      | 2823/8682 [1:43:37<3:17:47,  2.03s/it]
 33%|███▎      | 2824/8682 [1:43:39<3:14:50,  2.00s/it]
 33%|███▎      | 2825/8682 [1:43:41<3:16:08,  2.01s/it]
 33%|███▎      | 2826/8682 [1:43:43<3:23:34,  2.09s/it]
 33%|███▎      | 2827/8682 [1:43:46<3:38:00,  2.23s/it]
 33%|███▎      | 2828/8682 [1:43:48<3:32:49,  2.18s/it]
 33%|███▎      | 2829/8682 [1:43:50<3:34:12,  2.20s/it]
 33%|███▎      | 2830/8682 [1:43:53<3:47:59,  2.34s/it]
 33%|███▎      | 2831/8682 [1:43:55<3:47:59,  2.34s/it]
 33%|███▎      | 2832/8682 [1:43:57<3:35:32,  2.21s/it]
 33%|███▎      | 2833/8682 [1:43:59<3:33:31,  2.19s/it]
 33%|███▎      | 2834/8682 [1:44:01<3:31:46,  2.17s/it]
 33%|███▎      | 2835/8682 [1:44:04<3:40:55,  2.27s/it]
 33%|███▎      | 2836/8682 [1:44:06<3:36:26,  2.22s/it]
 33%|███▎      | 2837/8682 [1:44:08<3:32:04,  2.18s/it]
 33%|███▎      | 2838/8682 [1:44:10<3:28:53,  2.14s/it]
 33%|███▎      | 2839/8682 [1:44:12<3:25:15,  2.11s/it]
 33%|███▎      | 2840/8682 [1:44:14<3:30:16,  2.16s/it]
 33%|███▎      | 2841/8682 [1:44:16<3:34:25,  2.20s/it]
 33%|███▎      | 2842/8682 [1:44:18<3:20:05,  2.06s/it]
 33%|███▎      | 2843/8682 [1:44:20<3:06:00,  1.91s/it]
 33%|███▎      | 2844/8682 [1:44:22<3:15:37,  2.01s/it]
 33%|███▎      | 2845/8682 [1:44:24<3:06:10,  1.91s/it]
 33%|███▎      | 2846/8682 [1:44:26<3:11:17,  1.97s/it]
 33%|███▎      | 2847/8682 [1:44:28<3:33:33,  2.20s/it]
 33%|███▎      | 2848/8682 [1:44:30<3:22:03,  2.08s/it]
 33%|███▎      | 2849/8682 [1:44:32<3:13:50,  1.99s/it]
 33%|███▎      | 2850/8682 [1:44:35<3:37:13,  2.23s/it]

{'loss': '1.62', 'grad_norm': '0.668', 'learning_rate': '3.923e-05', 'epoch': '0.985'}

 33%|███▎      | 2850/8682 [1:44:35<3:37:13,  2.23s/it]
 33%|███▎      | 2851/8682 [1:44:37<3:36:32,  2.23s/it]
 33%|███▎      | 2852/8682 [1:44:39<3:19:20,  2.05s/it]
 33%|███▎      | 2853/8682 [1:44:41<3:22:46,  2.09s/it]
 33%|███▎      | 2854/8682 [1:44:43<3:09:18,  1.95s/it]
 33%|███▎      | 2855/8682 [1:44:45<3:23:41,  2.10s/it]
 33%|███▎      | 2856/8682 [1:44:47<3:11:12,  1.97s/it]
 33%|███▎      | 2857/8682 [1:44:49<3:23:34,  2.10s/it]
 33%|███▎      | 2858/8682 [1:44:51<3:14:07,  2.00s/it]
 33%|███▎      | 2859/8682 [1:44:53<3:21:04,  2.07s/it]
 33%|███▎      | 2860/8682 [1:44:55<3:28:34,  2.15s/it]
 33%|███▎      | 2861/8682 [1:44:58<3:30:06,  2.17s/it]
 33%|███▎      | 2862/8682 [1:45:00<3:29:05,  2.16s/it]
 33%|███▎      | 2863/8682 [1:45:02<3:29:40,  2.16s/it]
 33%|███▎      | 2864/8682 [1:45:04<3:19:45,  2.06s/it]
 33%|███▎      | 2865/8682 [1:45:06<3:12:29,  1.99s/it]
 33%|███▎      | 2866/8682 [1:45:07<3:02:43,  1.89s/it]
 33%|███▎      | 2867/8682 [1:45:10<3:22:23,  2.09s/it]
 33%|███▎      | 2868/8682 [1:45:12<3:15:04,  2.01s/it]
 33%|███▎      | 2869/8682 [1:45:14<3:23:39,  2.10s/it]
 33%|███▎      | 2870/8682 [1:45:16<3:16:51,  2.03s/it]
 33%|███▎      | 2871/8682 [1:45:18<3:11:36,  1.98s/it]
 33%|███▎      | 2872/8682 [1:45:20<3:21:16,  2.08s/it]
 33%|███▎      | 2873/8682 [1:45:22<3:12:41,  1.99s/it]
 33%|███▎      | 2874/8682 [1:45:23<3:02:57,  1.89s/it]
 33%|███▎      | 2875/8682 [1:45:26<3:17:05,  2.04s/it]
 33%|███▎      | 2876/8682 [1:45:28<3:27:36,  2.15s/it]
 33%|███▎      | 2877/8682 [1:45:30<3:31:01,  2.18s/it]
 33%|███▎      | 2878/8682 [1:45:33<3:49:21,  2.37s/it]
 33%|███▎      | 2879/8682 [1:45:36<3:47:54,  2.36s/it]
 33%|███▎      | 2880/8682 [1:45:38<3:54:10,  2.42s/it]
 33%|███▎      | 2881/8682 [1:45:40<3:46:36,  2.34s/it]
 33%|███▎      | 2882/8682 [1:45:42<3:37:23,  2.25s/it]
 33%|███▎      | 2883/8682 [1:45:45<3:40:27,  2.28s/it]
 33%|███▎      | 2884/8682 [1:45:47<3:43:55,  2.32s/it]
 33%|███▎      | 2885/8682 [1:45:49<3:41:12,  2.29s/it]
 33%|███▎      | 2886/8682 [1:45:52<3:41:10,  2.29s/it]
 33%|███▎      | 2887/8682 [1:45:54<3:56:18,  2.45s/it]
 33%|███▎      | 2888/8682 [1:45:57<3:50:49,  2.39s/it]
 33%|███▎      | 2889/8682 [1:45:59<3:45:23,  2.33s/it]
 33%|███▎      | 2890/8682 [1:46:01<3:41:23,  2.29s/it]
 33%|███▎      | 2891/8682 [1:46:03<3:44:09,  2.32s/it]
 33%|███▎      | 2892/8682 [1:46:05<3:30:30,  2.18s/it]
 33%|███▎      | 2893/8682 [1:46:07<3:17:44,  2.05s/it]
 33%|███▎      | 2894/8682 [1:46:08<2:58:42,  1.85s/it]
============================================================
SANITY CHECK @ EPOCH END
============================================================
  ✓ IN:  hello there
    EXP: Hello there
    OUT: Hello there

  ✓ IN:  thx 4 the help
    EXP: Thanks for the help
    OUT: Thanks for the help

  ✓ IN:  c u l8r
    EXP: See you later
    OUT: See you later

  ✓ IN:  idk wh4t 2 d0 tbh
    EXP: I don't know what to do to be honest
    OUT: I don't know what to do to be honest

  ✓ IN:  1 h4v3 2 c4t5
    EXP: I have 2 cats
    OUT: I have 2 cats

  ✓ IN:  ur prolly right
    EXP: You're probably right
    OUT: You're probably right

  ✓ IN:  1t5 2 l8
    EXP: It is too late
    OUT: It is too late

  ✗ IN:  th4t5 2 much 4 m3
    EXP: That's too much for me
    OUT: That is too much for me

  ✓ IN:  1 n33d 2 g0 2 w0rk
    EXP: I need to go to work
    OUT: I need to go to work

  ✓ IN:  wh4t t1m3 15 th3 m33t1ng @ 3 pm
    EXP: What time is the meeting at 3 PM
    OUT: What time is the meeting at 3 PM

  ✗ IN:  1 g0t 100 p01nt5 0n th3 t35t
    EXP: I got 100 points on the test
    OUT: I have 100 points on the test

  ✓ IN:  I have 2 cats
    EXP: I have 2 cats
    OUT: I have 2 cats

  ✓ IN:  The meeting is at 3 PM
    EXP: The meeting is at 3 PM
    OUT: The meeting is at 3 PM

Accuracy: 11/13 (84.6%)
============================================================


 33%|███▎      | 2895/8682 [1:46:17<6:00:37,  3.74s/it]
 33%|███▎      | 2896/8682 [1:46:18<5:02:26,  3.14s/it]
 33%|███▎      | 2897/8682 [1:46:20<4:34:04,  2.84s/it]
 33%|███▎      | 2898/8682 [1:46:23<4:19:47,  2.69s/it]
 33%|███▎      | 2899/8682 [1:46:25<4:11:42,  2.61s/it]
 33%|███▎      | 2900/8682 [1:46:27<3:41:44,  2.30s/it]

{'loss': '1.59', 'grad_norm': '0.6592', 'learning_rate': '3.884e-05', 'epoch': '1.002'}

 33%|███▎      | 2900/8682 [1:46:27<3:41:44,  2.30s/it]
 33%|███▎      | 2901/8682 [1:46:29<3:33:20,  2.21s/it]
 33%|███▎      | 2902/8682 [1:46:31<3:22:34,  2.10s/it]
 33%|███▎      | 2903/8682 [1:46:33<3:19:13,  2.07s/it]
 33%|███▎      | 2904/8682 [1:46:35<3:22:05,  2.10s/it]
 33%|███▎      | 2905/8682 [1:46:37<3:16:33,  2.04s/it]
 33%|███▎      | 2906/8682 [1:46:39<3:29:25,  2.18s/it]
 33%|███▎      | 2907/8682 [1:46:41<3:22:54,  2.11s/it]
 33%|███▎      | 2908/8682 [1:46:43<3:17:08,  2.05s/it]
 34%|███▎      | 2909/8682 [1:46:45<3:15:51,  2.04s/it]
 34%|███▎      | 2910/8682 [1:46:47<3:26:30,  2.15s/it]
 34%|███▎      | 2911/8682 [1:46:50<3:50:59,  2.40s/it]
 34%|███▎      | 2912/8682 [1:46:53<3:46:59,  2.36s/it]
 34%|███▎      | 2913/8682 [1:46:55<3:48:15,  2.37s/it]
 34%|███▎      | 2914/8682 [1:46:57<3:44:00,  2.33s/it]
 34%|███▎      | 2915/8682 [1:47:00<3:39:16,  2.28s/it]
 34%|███▎      | 2916/8682 [1:47:01<3:24:41,  2.13s/it]
 34%|███▎      | 2917/8682 [1:47:03<3:25:18,  2.14s/it]
 34%|███▎      | 2918/8682 [1:47:05<3:05:06,  1.93s/it]
 34%|███▎      | 2919/8682 [1:47:07<3:18:14,  2.06s/it]
 34%|███▎      | 2920/8682 [1:47:10<3:40:01,  2.29s/it]
 34%|███▎      | 2921/8682 [1:47:12<3:28:12,  2.17s/it]
 34%|███▎      | 2922/8682 [1:47:14<3:26:44,  2.15s/it]
 34%|███▎      | 2923/8682 [1:47:16<3:22:34,  2.11s/it]
 34%|███▎      | 2924/8682 [1:47:18<3:06:05,  1.94s/it]
 34%|███▎      | 2925/8682 [1:47:20<3:13:28,  2.02s/it]
 34%|███▎      | 2926/8682 [1:47:22<3:24:12,  2.13s/it]
 34%|███▎      | 2927/8682 [1:47:25<3:30:12,  2.19s/it]
 34%|███▎      | 2928/8682 [1:47:26<3:09:57,  1.98s/it]
 34%|███▎      | 2929/8682 [1:47:29<3:30:34,  2.20s/it]
 34%|███▎      | 2930/8682 [1:47:31<3:32:13,  2.21s/it]
 34%|███▍      | 2931/8682 [1:47:33<3:22:08,  2.11s/it]
 34%|███▍      | 2932/8682 [1:47:35<3:25:17,  2.14s/it]
 34%|███▍      | 2933/8682 [1:47:37<3:18:42,  2.07s/it]
 34%|███▍      | 2934/8682 [1:47:39<3:15:23,  2.04s/it]
 34%|███▍      | 2935/8682 [1:47:41<3:12:43,  2.01s/it]
 34%|███▍      | 2936/8682 [1:47:43<3:05:23,  1.94s/it]
 34%|███▍      | 2937/8682 [1:47:45<3:15:21,  2.04s/it]
 34%|███▍      | 2938/8682 [1:47:47<3:10:51,  1.99s/it]
 34%|███▍      | 2939/8682 [1:47:49<3:23:30,  2.13s/it]
 34%|███▍      | 2940/8682 [1:47:52<3:36:25,  2.26s/it]
 34%|███▍      | 2941/8682 [1:47:54<3:44:16,  2.34s/it]
 34%|███▍      | 2942/8682 [1:47:57<3:59:25,  2.50s/it]
 34%|███▍      | 2943/8682 [1:47:59<3:45:48,  2.36s/it]
 34%|███▍      | 2944/8682 [1:48:02<3:41:19,  2.31s/it]
 34%|███▍      | 2945/8682 [1:48:04<3:38:19,  2.28s/it]
 34%|███▍      | 2946/8682 [1:48:05<3:23:19,  2.13s/it]
 34%|███▍      | 2947/8682 [1:48:07<3:08:47,  1.98s/it]
 34%|███▍      | 2948/8682 [1:48:09<3:14:13,  2.03s/it]
 34%|███▍      | 2949/8682 [1:48:12<3:22:01,  2.11s/it]
 34%|███▍      | 2950/8682 [1:48:14<3:20:18,  2.10s/it]

{'loss': '1.567', 'grad_norm': '0.6726', 'learning_rate': '3.845e-05', 'epoch': '1.019'}

 34%|███▍      | 2950/8682 [1:48:14<3:20:18,  2.10s/it]
 34%|███▍      | 2951/8682 [1:48:16<3:25:04,  2.15s/it]
 34%|███▍      | 2952/8682 [1:48:18<3:32:06,  2.22s/it]
 34%|███▍      | 2953/8682 [1:48:20<3:16:18,  2.06s/it]
 34%|███▍      | 2954/8682 [1:48:22<3:29:56,  2.20s/it]
 34%|███▍      | 2955/8682 [1:48:26<3:53:27,  2.45s/it]
 34%|███▍      | 2956/8682 [1:48:27<3:36:24,  2.27s/it]
 34%|███▍      | 2957/8682 [1:48:30<3:40:09,  2.31s/it]
 34%|███▍      | 2958/8682 [1:48:32<3:37:54,  2.28s/it]
 34%|███▍      | 2959/8682 [1:48:34<3:31:02,  2.21s/it]
 34%|███▍      | 2960/8682 [1:48:36<3:22:26,  2.12s/it]
 34%|███▍      | 2961/8682 [1:48:38<3:13:58,  2.03s/it]
 34%|███▍      | 2962/8682 [1:48:40<3:07:37,  1.97s/it]
 34%|███▍      | 2963/8682 [1:48:41<3:02:53,  1.92s/it]
 34%|███▍      | 2964/8682 [1:48:43<2:50:31,  1.79s/it]
 34%|███▍      | 2965/8682 [1:48:45<3:03:33,  1.93s/it]
 34%|███▍      | 2966/8682 [1:48:47<3:12:17,  2.02s/it]
 34%|███▍      | 2967/8682 [1:48:50<3:33:24,  2.24s/it]
 34%|███▍      | 2968/8682 [1:48:52<3:21:32,  2.12s/it]
 34%|███▍      | 2969/8682 [1:48:54<3:11:02,  2.01s/it]
 34%|███▍      | 2970/8682 [1:48:56<3:28:40,  2.19s/it]
 34%|███▍      | 2971/8682 [1:48:58<3:24:46,  2.15s/it]
 34%|███▍      | 2972/8682 [1:49:00<3:22:30,  2.13s/it]
 34%|███▍      | 2973/8682 [1:49:03<3:23:48,  2.14s/it]
 34%|███▍      | 2974/8682 [1:49:04<3:14:20,  2.04s/it]
 34%|███▍      | 2975/8682 [1:49:07<3:16:31,  2.07s/it]
 34%|███▍      | 2976/8682 [1:49:09<3:16:19,  2.06s/it]
 34%|███▍      | 2977/8682 [1:49:10<3:08:48,  1.99s/it]
 34%|███▍      | 2978/8682 [1:49:13<3:22:08,  2.13s/it]
 34%|███▍      | 2979/8682 [1:49:15<3:15:09,  2.05s/it]
 34%|███▍      | 2980/8682 [1:49:18<3:35:37,  2.27s/it]
 34%|███▍      | 2981/8682 [1:49:20<3:41:50,  2.33s/it]
 34%|███▍      | 2982/8682 [1:49:22<3:30:02,  2.21s/it]
 34%|███▍      | 2983/8682 [1:49:23<3:11:26,  2.02s/it]
 34%|███▍      | 2984/8682 [1:49:26<3:15:39,  2.06s/it]
 34%|███▍      | 2985/8682 [1:49:28<3:15:25,  2.06s/it]
 34%|███▍      | 2986/8682 [1:49:30<3:22:25,  2.13s/it]
 34%|███▍      | 2987/8682 [1:49:32<3:07:18,  1.97s/it]
 34%|███▍      | 2988/8682 [1:49:34<3:11:08,  2.01s/it]
 34%|███▍      | 2989/8682 [1:49:36<3:12:40,  2.03s/it]
 34%|███▍      | 2990/8682 [1:49:38<3:14:13,  2.05s/it]
 34%|███▍      | 2991/8682 [1:49:40<3:21:24,  2.12s/it]
 34%|███▍      | 2992/8682 [1:49:42<3:21:22,  2.12s/it]
 34%|███▍      | 2993/8682 [1:49:44<3:12:53,  2.03s/it]
 34%|███▍      | 2994/8682 [1:49:46<3:21:24,  2.12s/it]
 34%|███▍      | 2995/8682 [1:49:49<3:29:03,  2.21s/it]
 35%|███▍      | 2996/8682 [1:49:51<3:35:24,  2.27s/it]
 35%|███▍      | 2997/8682 [1:49:54<3:34:41,  2.27s/it]
 35%|███▍      | 2998/8682 [1:49:55<3:25:32,  2.17s/it]
============================================================
SANITY CHECK @ Step 2999
============================================================
  ✓ IN:  hello there
    EXP: Hello there
    OUT: Hello there

  ✓ IN:  thx 4 the help
    EXP: Thanks for the help
    OUT: Thanks for the help

  ✓ IN:  c u l8r
    EXP: See you later
    OUT: See you later

  ✓ IN:  idk wh4t 2 d0 tbh
    EXP: I don't know what to do to be honest
    OUT: I don't know what to do to be honest

  ✓ IN:  1 h4v3 2 c4t5
    EXP: I have 2 cats
    OUT: I have 2 cats

  ✓ IN:  ur prolly right
    EXP: You're probably right
    OUT: You're probably right

  ✓ IN:  1t5 2 l8
    EXP: It is too late
    OUT: It is too late

  ✗ IN:  th4t5 2 much 4 m3
    EXP: That's too much for me
    OUT: That is too much for me

  ✓ IN:  1 n33d 2 g0 2 w0rk
    EXP: I need to go to work
    OUT: I need to go to work

  ✓ IN:  wh4t t1m3 15 th3 m33t1ng @ 3 pm
    EXP: What time is the meeting at 3 PM
    OUT: What time is the meeting at 3 PM

  ✗ IN:  1 g0t 100 p01nt5 0n th3 t35t
    EXP: I got 100 points on the test
    OUT: I have 100 points on the test

  ✓ IN:  I have 2 cats
    EXP: I have 2 cats
    OUT: I have 2 cats

  ✓ IN:  The meeting is at 3 PM
    EXP: The meeting is at 3 PM
    OUT: The meeting is at 3 PM

Accuracy: 11/13 (84.6%)
============================================================


 35%|███▍      | 2999/8682 [1:50:00<4:40:42,  2.96s/it]
 35%|███▍      | 3000/8682 [1:50:03<4:21:54,  2.77s/it]

{'loss': '1.541', 'grad_norm': '0.6526', 'learning_rate': '3.805e-05', 'epoch': '1.037'}

 35%|███▍      | 3000/8682 [1:50:03<4:21:54,  2.77s/it]

  0%|          | 0/94 [00:00<?, ?it/s][A

  2%|▏         | 2/94 [00:00<00:39,  2.35it/s][A

  3%|▎         | 3/94 [00:01<00:54,  1.67it/s][A

  4%|▍         | 4/94 [00:02<00:56,  1.58it/s][A

  5%|▌         | 5/94 [00:03<01:23,  1.07it/s][A

  6%|▋         | 6/94 [00:04<01:17,  1.13it/s][A

  7%|▋         | 7/94 [00:05<01:09,  1.25it/s][A

  9%|▊         | 8/94 [00:06<01:22,  1.05it/s][A

 10%|▉         | 9/94 [00:07<01:24,  1.00it/s][A

 11%|█         | 10/94 [00:08<01:16,  1.10it/s][A

 12%|█▏        | 11/94 [00:09<01:18,  1.06it/s][A

 13%|█▎        | 12/94 [00:10<01:17,  1.05it/s][A

 14%|█▍        | 13/94 [00:11<01:15,  1.07it/s][A

 15%|█▍        | 14/94 [00:12<01:14,  1.07it/s][A

 16%|█▌        | 15/94 [00:13<01:21,  1.03s/it][A

 17%|█▋        | 16/94 [00:14<01:18,  1.01s/it][A

 18%|█▊        | 17/94 [00:15<01:19,  1.03s/it][A

 19%|█▉        | 18/94 [00:16<01:10,  1.07it/s][A

 20%|██        | 19/94 [00:17<01:08,  1.09it/s][A

 21%|██▏       | 20/94 [00:18<01:09,  1.07it/s][A

 22%|██▏       | 21/94 [00:18<01:01,  1.18it/s][A

 23%|██▎       | 22/94 [00:19<01:08,  1.04it/s][A

 24%|██▍       | 23/94 [00:20<01:02,  1.14it/s][A

 26%|██▌       | 24/94 [00:21<00:55,  1.25it/s][A

 27%|██▋       | 25/94 [00:22<00:57,  1.19it/s][A

 28%|██▊       | 26/94 [00:23<00:59,  1.15it/s][A

 29%|██▊       | 27/94 [00:23<00:57,  1.16it/s][A

 30%|██▉       | 28/94 [00:24<00:51,  1.29it/s][A

 31%|███       | 29/94 [00:25<01:00,  1.07it/s][A

 32%|███▏      | 30/94 [00:26<00:55,  1.15it/s][A

 33%|███▎      | 31/94 [00:27<01:05,  1.03s/it][A

 34%|███▍      | 32/94 [00:29<01:04,  1.04s/it][A

 35%|███▌      | 33/94 [00:30<01:04,  1.05s/it][A

 36%|███▌      | 34/94 [00:31<01:03,  1.06s/it][A

 37%|███▋      | 35/94 [00:32<01:00,  1.03s/it][A

 38%|███▊      | 36/94 [00:32<00:54,  1.07it/s][A

 39%|███▉      | 37/94 [00:33<00:49,  1.15it/s][A

 40%|████      | 38/94 [00:34<00:46,  1.20it/s][A

 41%|████▏     | 39/94 [00:35<00:53,  1.03it/s][A

 43%|████▎     | 40/94 [00:36<00:52,  1.03it/s][A

 44%|████▎     | 41/94 [00:38<00:59,  1.12s/it][A

 45%|████▍     | 42/94 [00:38<00:50,  1.03it/s][A

 46%|████▌     | 43/94 [00:39<00:52,  1.04s/it][A

 47%|████▋     | 44/94 [00:40<00:46,  1.09it/s][A

 48%|████▊     | 45/94 [00:42<00:54,  1.11s/it][A

 49%|████▉     | 46/94 [00:43<00:52,  1.10s/it][A

 50%|█████     | 47/94 [00:43<00:47,  1.02s/it][A

 51%|█████     | 48/94 [00:44<00:45,  1.01it/s][A

 52%|█████▏    | 49/94 [00:45<00:44,  1.00it/s][A

 53%|█████▎    | 50/94 [00:46<00:42,  1.05it/s][A

 54%|█████▍    | 51/94 [00:47<00:43,  1.01s/it][A

 55%|█████▌    | 52/94 [00:48<00:41,  1.00it/s][A

 56%|█████▋    | 53/94 [00:49<00:36,  1.12it/s][A

 57%|█████▋    | 54/94 [00:50<00:33,  1.18it/s][A

 59%|█████▊    | 55/94 [00:51<00:39,  1.00s/it][A

 60%|█████▉    | 56/94 [00:52<00:39,  1.03s/it][A

 61%|██████    | 57/94 [00:53<00:34,  1.07it/s][A

 62%|██████▏   | 58/94 [00:54<00:35,  1.01it/s][A

 63%|██████▎   | 59/94 [00:55<00:36,  1.04s/it][A

 64%|██████▍   | 60/94 [00:56<00:34,  1.01s/it][A

 65%|██████▍   | 61/94 [00:57<00:32,  1.02it/s][A

 66%|██████▌   | 62/94 [00:58<00:33,  1.05s/it][A

 67%|██████▋   | 63/94 [00:59<00:32,  1.06s/it][A

 68%|██████▊   | 64/94 [01:00<00:31,  1.06s/it][A

 69%|██████▉   | 65/94 [01:01<00:30,  1.04s/it][A

 70%|███████   | 66/94 [01:02<00:27,  1.03it/s][A

 71%|███████▏  | 67/94 [01:03<00:27,  1.00s/it][A

 72%|███████▏  | 68/94 [01:04<00:26,  1.03s/it][A

 73%|███████▎  | 69/94 [01:05<00:26,  1.04s/it][A

 74%|███████▍  | 70/94 [01:06<00:23,  1.01it/s][A

 76%|███████▌  | 71/94 [01:08<00:25,  1.09s/it][A

 77%|███████▋  | 72/94 [01:08<00:21,  1.03it/s][A

 78%|███████▊  | 73/94 [01:09<00:19,  1.06it/s][A

 79%|███████▊  | 74/94 [01:11<00:21,  1.08s/it][A

 80%|███████▉  | 75/94 [01:11<00:18,  1.04it/s][A

 81%|████████  | 76/94 [01:12<00:17,  1.01it/s][A

 82%|████████▏ | 77/94 [01:13<00:17,  1.03s/it][A

 83%|████████▎ | 78/94 [01:15<00:18,  1.14s/it][A

 84%|████████▍ | 79/94 [01:16<00:15,  1.05s/it][A

 85%|████████▌ | 80/94 [01:16<00:13,  1.04it/s][A

 86%|████████▌ | 81/94 [01:17<00:12,  1.02it/s][A

 87%|████████▋ | 82/94 [01:19<00:12,  1.07s/it][A

 88%|████████▊ | 83/94 [01:20<00:11,  1.02s/it][A

 89%|████████▉ | 84/94 [01:21<00:09,  1.00it/s][A

 90%|█████████ | 85/94 [01:22<00:09,  1.01s/it][A

 91%|█████████▏| 86/94 [01:23<00:08,  1.03s/it][A

 93%|█████████▎| 87/94 [01:24<00:06,  1.02it/s][A

 94%|█████████▎| 88/94 [01:25<00:06,  1.02s/it][A

 95%|█████████▍| 89/94 [01:25<00:04,  1.08it/s][A

 96%|█████████▌| 90/94 [01:26<00:03,  1.08it/s][A

 97%|█████████▋| 91/94 [01:27<00:02,  1.16it/s][A

 98%|█████████▊| 92/94 [01:28<00:01,  1.23it/s][A

 99%|█████████▉| 93/94 [01:29<00:00,  1.08it/s][A

100%|██████████| 94/94 [01:31<00:00,  1.19s/it][A



[A{'eval_loss': '0.6184', 'eval_runtime': '95.12', 'eval_samples_per_second': '378.3', 'eval_steps_per_second': '0.988', 'epoch': '1.037'}

 35%|███▍      | 3000/8682 [1:51:38<4:21:54,  2.77s/it]

100%|██████████| 94/94 [01:31<00:00,  1.19s/it][A

                                               [A

Writing model shards:   0%|          | 0/1 [00:00<?, ?it/s][A

Writing model shards: 100%|██████████| 1/1 [00:03<00:00,  3.27s/it][A
Writing model shards: 100%|██████████| 1/1 [00:03<00:00,  3.27s/it]
/venv/main/lib/python3.12/site-packages/torch/distributed/c10d_logger.py:83: UserWarning: barrier(): using the device under current context. You can specify `device_id` in `init_process_group` to mute this warning.
  return func(*args, **kwargs)

 35%|███▍      | 3001/8682 [1:51:46<52:05:24, 33.01s/it]
 35%|███▍      | 3002/8682 [1:51:48<37:26:24, 23.73s/it]
 35%|███▍      | 3003/8682 [1:51:50<27:12:18, 17.25s/it]
 35%|███▍      | 3004/8682 [1:51:53<20:12:19, 12.81s/it]
 35%|███▍      | 3005/8682 [1:51:55<15:16:36,  9.69s/it]
 35%|███▍      | 3006/8682 [1:51:58<11:57:05,  7.58s/it]
 35%|███▍      | 3007/8682 [1:52:00<9:23:02,  5.95s/it]
 35%|███▍      | 3008/8682 [1:52:02<7:24:35,  4.70s/it]
 35%|███▍      | 3009/8682 [1:52:04<6:14:38,  3.96s/it]
 35%|███▍      | 3010/8682 [1:52:06<5:19:40,  3.38s/it]
 35%|███▍      | 3011/8682 [1:52:08<4:33:40,  2.90s/it]
 35%|███▍      | 3012/8682 [1:52:11<4:39:09,  2.95s/it]
 35%|███▍      | 3013/8682 [1:52:13<4:15:44,  2.71s/it]
 35%|███▍      | 3014/8682 [1:52:15<3:56:42,  2.51s/it]
 35%|███▍      | 3015/8682 [1:52:17<3:42:38,  2.36s/it]
 35%|███▍      | 3016/8682 [1:52:20<3:48:03,  2.41s/it]
 35%|███▍      | 3017/8682 [1:52:22<3:48:45,  2.42s/it]
 35%|███▍      | 3018/8682 [1:52:24<3:32:43,  2.25s/it]
 35%|███▍      | 3019/8682 [1:52:27<3:57:22,  2.52s/it]
 35%|███▍      | 3020/8682 [1:52:29<3:51:18,  2.45s/it]
 35%|███▍      | 3021/8682 [1:52:32<3:46:50,  2.40s/it]
 35%|███▍      | 3022/8682 [1:52:34<3:43:38,  2.37s/it]
 35%|███▍      | 3023/8682 [1:52:37<3:47:25,  2.41s/it]
 35%|███▍      | 3024/8682 [1:52:39<3:38:22,  2.32s/it]
 35%|███▍      | 3025/8682 [1:52:41<3:40:52,  2.34s/it]
 35%|███▍      | 3026/8682 [1:52:43<3:37:30,  2.31s/it]
 35%|███▍      | 3027/8682 [1:52:45<3:32:15,  2.25s/it]
 35%|███▍      | 3028/8682 [1:52:47<3:20:05,  2.12s/it]
 35%|███▍      | 3029/8682 [1:52:49<3:16:51,  2.09s/it]
 35%|███▍      | 3030/8682 [1:52:51<3:22:54,  2.15s/it]
 35%|███▍      | 3031/8682 [1:52:54<3:18:39,  2.11s/it]
 35%|███▍      | 3032/8682 [1:52:56<3:28:47,  2.22s/it]
 35%|███▍      | 3033/8682 [1:52:58<3:32:33,  2.26s/it]
 35%|███▍      | 3034/8682 [1:53:01<3:32:46,  2.26s/it]
 35%|███▍      | 3035/8682 [1:53:03<3:50:29,  2.45s/it]
 35%|███▍      | 3036/8682 [1:53:05<3:28:53,  2.22s/it]
 35%|███▍      | 3037/8682 [1:53:07<3:19:31,  2.12s/it]
 35%|███▍      | 3038/8682 [1:53:10<3:45:11,  2.39s/it]
 35%|███▌      | 3039/8682 [1:53:12<3:40:20,  2.34s/it]
 35%|███▌      | 3040/8682 [1:53:15<3:38:44,  2.33s/it]
 35%|███▌      | 3041/8682 [1:53:17<3:37:45,  2.32s/it]
 35%|███▌      | 3042/8682 [1:53:19<3:29:56,  2.23s/it]
 35%|███▌      | 3043/8682 [1:53:21<3:26:11,  2.19s/it]
 35%|███▌      | 3044/8682 [1:53:23<3:16:17,  2.09s/it]
 35%|███▌      | 3045/8682 [1:53:25<3:07:01,  1.99s/it]
 35%|███▌      | 3046/8682 [1:53:26<3:02:44,  1.95s/it]
 35%|███▌      | 3047/8682 [1:53:28<2:56:39,  1.88s/it]
 35%|███▌      | 3048/8682 [1:53:30<3:07:08,  1.99s/it]
 35%|███▌      | 3049/8682 [1:53:33<3:17:22,  2.10s/it]
 35%|███▌      | 3050/8682 [1:53:35<3:21:53,  2.15s/it]

{'loss': '1.518', 'grad_norm': '0.672', 'learning_rate': '3.765e-05', 'epoch': '1.054'}

 35%|███▌      | 3050/8682 [1:53:35<3:21:53,  2.15s/it]
 35%|███▌      | 3051/8682 [1:53:37<3:07:01,  1.99s/it]
 35%|███▌      | 3052/8682 [1:53:38<2:58:31,  1.90s/it]
 35%|███▌      | 3053/8682 [1:53:41<3:07:19,  2.00s/it]
 35%|███▌      | 3054/8682 [1:53:43<3:07:00,  1.99s/it]
 35%|███▌      | 3055/8682 [1:53:45<3:14:47,  2.08s/it]
 35%|███▌      | 3056/8682 [1:53:47<3:21:32,  2.15s/it]
 35%|███▌      | 3057/8682 [1:53:49<3:13:18,  2.06s/it]
 35%|███▌      | 3058/8682 [1:53:51<3:06:34,  1.99s/it]
 35%|███▌      | 3059/8682 [1:53:53<3:04:36,  1.97s/it]
 35%|███▌      | 3060/8682 [1:53:55<3:09:01,  2.02s/it]
 35%|███▌      | 3061/8682 [1:53:57<2:57:01,  1.89s/it]
 35%|███▌      | 3062/8682 [1:54:00<3:28:09,  2.22s/it]
 35%|███▌      | 3063/8682 [1:54:01<3:13:07,  2.06s/it]
 35%|███▌      | 3064/8682 [1:54:03<3:19:35,  2.13s/it]
 35%|███▌      | 3065/8682 [1:54:06<3:29:48,  2.24s/it]
 35%|███▌      | 3066/8682 [1:54:08<3:13:15,  2.06s/it]
 35%|███▌      | 3067/8682 [1:54:10<3:27:53,  2.22s/it]
 35%|███▌      | 3068/8682 [1:54:12<3:27:51,  2.22s/it]
 35%|███▌      | 3069/8682 [1:54:15<3:28:50,  2.23s/it]
 35%|███▌      | 3070/8682 [1:54:17<3:28:32,  2.23s/it]
 35%|███▌      | 3071/8682 [1:54:20<3:44:51,  2.40s/it]
 35%|███▌      | 3072/8682 [1:54:21<3:25:59,  2.20s/it]
 35%|███▌      | 3073/8682 [1:54:24<3:22:12,  2.16s/it]
 35%|███▌      | 3074/8682 [1:54:25<3:11:59,  2.05s/it]
 35%|███▌      | 3075/8682 [1:54:27<3:07:12,  2.00s/it]
 35%|███▌      | 3076/8682 [1:54:29<3:09:02,  2.02s/it]
 35%|███▌      | 3077/8682 [1:54:31<3:11:35,  2.05s/it]
 35%|███▌      | 3078/8682 [1:54:34<3:18:05,  2.12s/it]
 35%|███▌      | 3079/8682 [1:54:36<3:20:21,  2.15s/it]
 35%|███▌      | 3080/8682 [1:54:38<3:29:20,  2.24s/it]
 35%|███▌      | 3081/8682 [1:54:41<3:32:51,  2.28s/it]
 35%|███▌      | 3082/8682 [1:54:44<3:53:11,  2.50s/it]
 36%|███▌      | 3083/8682 [1:54:45<3:31:32,  2.27s/it]
 36%|███▌      | 3084/8682 [1:54:48<3:35:10,  2.31s/it]
 36%|███▌      | 3085/8682 [1:54:50<3:40:52,  2.37s/it]
 36%|███▌      | 3086/8682 [1:54:53<3:40:02,  2.36s/it]
 36%|███▌      | 3087/8682 [1:54:55<3:30:06,  2.25s/it]
 36%|███▌      | 3088/8682 [1:54:57<3:23:49,  2.19s/it]
 36%|███▌      | 3089/8682 [1:54:59<3:35:33,  2.31s/it]
 36%|███▌      | 3090/8682 [1:55:02<3:32:36,  2.28s/it]
 36%|███▌      | 3091/8682 [1:55:03<3:11:04,  2.05s/it]
 36%|███▌      | 3092/8682 [1:55:05<2:57:52,  1.91s/it]
 36%|███▌      | 3093/8682 [1:55:07<3:03:59,  1.98s/it]
 36%|███▌      | 3094/8682 [1:55:09<3:13:43,  2.08s/it]
 36%|███▌      | 3095/8682 [1:55:11<3:05:58,  2.00s/it]
 36%|███▌      | 3096/8682 [1:55:13<3:14:33,  2.09s/it]
 36%|███▌      | 3097/8682 [1:55:16<3:22:26,  2.17s/it]
 36%|███▌      | 3098/8682 [1:55:18<3:17:47,  2.13s/it]
 36%|███▌      | 3099/8682 [1:55:20<3:20:21,  2.15s/it]
 36%|███▌      | 3100/8682 [1:55:22<3:15:39,  2.10s/it]

{'loss': '1.486', 'grad_norm': '0.6001', 'learning_rate': '3.725e-05', 'epoch': '1.071'}

 36%|███▌      | 3100/8682 [1:55:22<3:15:39,  2.10s/it]
 36%|███▌      | 3101/8682 [1:55:24<3:13:51,  2.08s/it]
 36%|███▌      | 3102/8682 [1:55:27<3:29:29,  2.25s/it]
 36%|███▌      | 3103/8682 [1:55:28<3:12:05,  2.07s/it]
 36%|███▌      | 3104/8682 [1:55:30<3:10:06,  2.04s/it]
 36%|███▌      | 3105/8682 [1:55:32<3:10:21,  2.05s/it]
 36%|███▌      | 3106/8682 [1:55:34<3:09:37,  2.04s/it]
 36%|███▌      | 3107/8682 [1:55:36<3:04:01,  1.98s/it]
 36%|███▌      | 3108/8682 [1:55:38<3:01:22,  1.95s/it]
 36%|███▌      | 3109/8682 [1:55:40<3:13:44,  2.09s/it]
 36%|███▌      | 3110/8682 [1:55:43<3:38:23,  2.35s/it]
 36%|███▌      | 3111/8682 [1:55:45<3:29:31,  2.26s/it]
 36%|███▌      | 3112/8682 [1:55:48<3:34:02,  2.31s/it]
 36%|███▌      | 3113/8682 [1:55:50<3:34:46,  2.31s/it]
 36%|███▌      | 3114/8682 [1:55:53<3:47:26,  2.45s/it]
 36%|███▌      | 3115/8682 [1:55:55<3:42:08,  2.39s/it]
 36%|███▌      | 3116/8682 [1:55:57<3:30:05,  2.26s/it]
 36%|███▌      | 3117/8682 [1:55:59<3:11:38,  2.07s/it]
 36%|███▌      | 3118/8682 [1:56:01<3:05:02,  2.00s/it]
 36%|███▌      | 3119/8682 [1:56:03<3:07:13,  2.02s/it]
 36%|███▌      | 3120/8682 [1:56:05<3:17:33,  2.13s/it]
 36%|███▌      | 3121/8682 [1:56:07<3:05:24,  2.00s/it]
 36%|███▌      | 3122/8682 [1:56:08<2:55:30,  1.89s/it]
 36%|███▌      | 3123/8682 [1:56:11<3:05:01,  2.00s/it]
 36%|███▌      | 3124/8682 [1:56:12<2:57:09,  1.91s/it]
 36%|███▌      | 3125/8682 [1:56:14<2:51:02,  1.85s/it]
 36%|███▌      | 3126/8682 [1:56:16<2:58:17,  1.93s/it]
 36%|███▌      | 3127/8682 [1:56:18<3:09:08,  2.04s/it]
 36%|███▌      | 3128/8682 [1:56:21<3:21:54,  2.18s/it]
 36%|███▌      | 3129/8682 [1:56:23<3:12:10,  2.08s/it]
 36%|███▌      | 3130/8682 [1:56:25<3:12:15,  2.08s/it]
 36%|███▌      | 3131/8682 [1:56:26<2:58:35,  1.93s/it]
 36%|███▌      | 3132/8682 [1:56:29<3:08:08,  2.03s/it]
 36%|███▌      | 3133/8682 [1:56:30<2:54:04,  1.88s/it]
 36%|███▌      | 3134/8682 [1:56:33<3:24:18,  2.21s/it]
 36%|███▌      | 3135/8682 [1:56:36<3:33:02,  2.30s/it]
 36%|███▌      | 3136/8682 [1:56:38<3:30:19,  2.28s/it]
 36%|███▌      | 3137/8682 [1:56:40<3:27:37,  2.25s/it]
 36%|███▌      | 3138/8682 [1:56:42<3:30:42,  2.28s/it]
 36%|███▌      | 3139/8682 [1:56:45<3:30:26,  2.28s/it]
 36%|███▌      | 3140/8682 [1:56:47<3:23:26,  2.20s/it]
 36%|███▌      | 3141/8682 [1:56:49<3:17:57,  2.14s/it]
 36%|███▌      | 3142/8682 [1:56:51<3:09:28,  2.05s/it]
 36%|███▌      | 3143/8682 [1:56:53<3:21:40,  2.18s/it]
 36%|███▌      | 3144/8682 [1:56:55<3:23:25,  2.20s/it]
 36%|███▌      | 3145/8682 [1:56:58<3:42:45,  2.41s/it]
 36%|███▌      | 3146/8682 [1:57:00<3:37:34,  2.36s/it]
 36%|███▌      | 3147/8682 [1:57:03<3:30:25,  2.28s/it]
 36%|███▋      | 3148/8682 [1:57:05<3:31:44,  2.30s/it]
 36%|███▋      | 3149/8682 [1:57:07<3:16:06,  2.13s/it]
 36%|███▋      | 3150/8682 [1:57:09<3:21:22,  2.18s/it]

{'loss': '1.47', 'grad_norm': '0.6552', 'learning_rate': '3.684e-05', 'epoch': '1.088'}

 36%|███▋      | 3150/8682 [1:57:09<3:21:22,  2.18s/it]
 36%|███▋      | 3151/8682 [1:57:11<3:18:09,  2.15s/it]
 36%|███▋      | 3152/8682 [1:57:14<3:33:17,  2.31s/it]
 36%|███▋      | 3153/8682 [1:57:17<3:53:33,  2.53s/it]
 36%|███▋      | 3154/8682 [1:57:19<3:49:55,  2.50s/it]
 36%|███▋      | 3155/8682 [1:57:21<3:37:05,  2.36s/it]
 36%|███▋      | 3156/8682 [1:57:24<3:54:54,  2.55s/it]
 36%|███▋      | 3157/8682 [1:57:27<4:07:09,  2.68s/it]
 36%|███▋      | 3158/8682 [1:57:30<4:06:20,  2.68s/it]
 36%|███▋      | 3159/8682 [1:57:32<3:40:23,  2.39s/it]
 36%|███▋      | 3160/8682 [1:57:33<3:18:39,  2.16s/it]
 36%|███▋      | 3161/8682 [1:57:36<3:34:39,  2.33s/it]
 36%|███▋      | 3162/8682 [1:57:38<3:16:15,  2.13s/it]
 36%|███▋      | 3163/8682 [1:57:40<3:17:21,  2.15s/it]
 36%|███▋      | 3164/8682 [1:57:42<3:17:06,  2.14s/it]
 36%|███▋      | 3165/8682 [1:57:44<3:05:41,  2.02s/it]
 36%|███▋      | 3166/8682 [1:57:46<3:16:30,  2.14s/it]
 36%|███▋      | 3167/8682 [1:57:48<3:11:43,  2.09s/it]
 36%|███▋      | 3168/8682 [1:57:50<3:17:35,  2.15s/it]
 37%|███▋      | 3169/8682 [1:57:53<3:24:33,  2.23s/it]
 37%|███▋      | 3170/8682 [1:57:55<3:28:44,  2.27s/it]
 37%|███▋      | 3171/8682 [1:57:58<3:36:02,  2.35s/it]
 37%|███▋      | 3172/8682 [1:58:00<3:45:36,  2.46s/it]
 37%|███▋      | 3173/8682 [1:58:02<3:34:03,  2.33s/it]
 37%|███▋      | 3174/8682 [1:58:05<3:34:03,  2.33s/it]
 37%|███▋      | 3175/8682 [1:58:07<3:28:38,  2.27s/it]
 37%|███▋      | 3176/8682 [1:58:09<3:23:42,  2.22s/it]
 37%|███▋      | 3177/8682 [1:58:11<3:32:23,  2.31s/it]
 37%|███▋      | 3178/8682 [1:58:14<3:41:47,  2.42s/it]
 37%|███▋      | 3179/8682 [1:58:17<3:40:17,  2.40s/it]
 37%|███▋      | 3180/8682 [1:58:18<3:21:00,  2.19s/it]
 37%|███▋      | 3181/8682 [1:58:20<3:07:35,  2.05s/it]
 37%|███▋      | 3182/8682 [1:58:22<3:02:02,  1.99s/it]
 37%|███▋      | 3183/8682 [1:58:24<2:55:15,  1.91s/it]
 37%|███▋      | 3184/8682 [1:58:26<3:03:48,  2.01s/it]
 37%|███▋      | 3185/8682 [1:58:27<2:52:32,  1.88s/it]
 37%|███▋      | 3186/8682 [1:58:30<3:05:25,  2.02s/it]
 37%|███▋      | 3187/8682 [1:58:32<3:13:17,  2.11s/it]
 37%|███▋      | 3188/8682 [1:58:34<3:13:32,  2.11s/it]
 37%|███▋      | 3189/8682 [1:58:36<3:07:23,  2.05s/it]
 37%|███▋      | 3190/8682 [1:58:38<3:11:11,  2.09s/it]
 37%|███▋      | 3191/8682 [1:58:40<3:10:11,  2.08s/it]
 37%|███▋      | 3192/8682 [1:58:42<3:04:39,  2.02s/it]
 37%|███▋      | 3193/8682 [1:58:44<3:10:14,  2.08s/it]
 37%|███▋      | 3194/8682 [1:58:46<3:11:53,  2.10s/it]
 37%|███▋      | 3195/8682 [1:58:49<3:16:10,  2.15s/it]
 37%|███▋      | 3196/8682 [1:58:51<3:13:40,  2.12s/it]
 37%|███▋      | 3197/8682 [1:58:53<3:10:17,  2.08s/it]
 37%|███▋      | 3198/8682 [1:58:56<3:34:11,  2.34s/it]
 37%|███▋      | 3199/8682 [1:58:58<3:25:33,  2.25s/it]
 37%|███▋      | 3200/8682 [1:59:00<3:24:44,  2.24s/it]

{'loss': '1.461', 'grad_norm': '0.611', 'learning_rate': '3.643e-05', 'epoch': '1.106'}

 37%|███▋      | 3200/8682 [1:59:00<3:24:44,  2.24s/it]
 37%|███▋      | 3201/8682 [1:59:02<3:26:38,  2.26s/it]
 37%|███▋      | 3202/8682 [1:59:05<3:45:25,  2.47s/it]
 37%|███▋      | 3203/8682 [1:59:07<3:22:15,  2.21s/it]
 37%|███▋      | 3204/8682 [1:59:09<3:19:27,  2.18s/it]
 37%|███▋      | 3205/8682 [1:59:11<3:15:21,  2.14s/it]
 37%|███▋      | 3206/8682 [1:59:13<3:04:59,  2.03s/it]
 37%|███▋      | 3207/8682 [1:59:15<3:00:28,  1.98s/it]
 37%|███▋      | 3208/8682 [1:59:17<3:05:13,  2.03s/it]
 37%|███▋      | 3209/8682 [1:59:19<3:10:05,  2.08s/it]
 37%|███▋      | 3210/8682 [1:59:21<3:03:20,  2.01s/it]
 37%|███▋      | 3211/8682 [1:59:23<3:01:27,  1.99s/it]
 37%|███▋      | 3212/8682 [1:59:24<2:44:25,  1.80s/it]
 37%|███▋      | 3213/8682 [1:59:27<3:03:56,  2.02s/it]
 37%|███▋      | 3214/8682 [1:59:29<3:08:31,  2.07s/it]
 37%|███▋      | 3215/8682 [1:59:31<3:16:37,  2.16s/it]
 37%|███▋      | 3216/8682 [1:59:34<3:35:18,  2.36s/it]
 37%|███▋      | 3217/8682 [1:59:36<3:34:44,  2.36s/it]
 37%|███▋      | 3218/8682 [1:59:38<3:10:46,  2.09s/it]
 37%|███▋      | 3219/8682 [1:59:40<2:58:17,  1.96s/it]
 37%|███▋      | 3220/8682 [1:59:42<3:09:07,  2.08s/it]
 37%|███▋      | 3221/8682 [1:59:44<3:13:21,  2.12s/it]
 37%|███▋      | 3222/8682 [1:59:46<3:05:52,  2.04s/it]
 37%|███▋      | 3223/8682 [1:59:48<3:03:48,  2.02s/it]
 37%|███▋      | 3224/8682 [1:59:50<3:11:43,  2.11s/it]
 37%|███▋      | 3225/8682 [1:59:52<2:56:51,  1.94s/it]
 37%|███▋      | 3226/8682 [1:59:54<3:08:10,  2.07s/it]
 37%|███▋      | 3227/8682 [1:59:57<3:28:29,  2.29s/it]
 37%|███▋      | 3228/8682 [1:59:59<3:30:56,  2.32s/it]
 37%|███▋      | 3229/8682 [2:00:01<3:17:53,  2.18s/it]
 37%|███▋      | 3230/8682 [2:00:03<3:15:42,  2.15s/it]
 37%|███▋      | 3231/8682 [2:00:06<3:21:30,  2.22s/it]
 37%|███▋      | 3232/8682 [2:00:08<3:09:48,  2.09s/it]
 37%|███▋      | 3233/8682 [2:00:10<3:08:11,  2.07s/it]
 37%|███▋      | 3234/8682 [2:00:12<3:12:10,  2.12s/it]
 37%|███▋      | 3235/8682 [2:00:14<3:21:10,  2.22s/it]
 37%|███▋      | 3236/8682 [2:00:16<3:18:43,  2.19s/it]
 37%|███▋      | 3237/8682 [2:00:19<3:41:44,  2.44s/it]
 37%|███▋      | 3238/8682 [2:00:22<3:46:01,  2.49s/it]
 37%|███▋      | 3239/8682 [2:00:25<3:48:55,  2.52s/it]
 37%|███▋      | 3240/8682 [2:00:27<3:40:29,  2.43s/it]
 37%|███▋      | 3241/8682 [2:00:29<3:46:12,  2.49s/it]
 37%|███▋      | 3242/8682 [2:00:32<3:54:31,  2.59s/it]
 37%|███▋      | 3243/8682 [2:00:34<3:38:31,  2.41s/it]
 37%|███▋      | 3244/8682 [2:00:36<3:30:31,  2.32s/it]
 37%|███▋      | 3245/8682 [2:00:39<3:48:31,  2.52s/it]
 37%|███▋      | 3246/8682 [2:00:42<3:43:22,  2.47s/it]
 37%|███▋      | 3247/8682 [2:00:44<3:36:33,  2.39s/it]
 37%|███▋      | 3248/8682 [2:00:46<3:29:45,  2.32s/it]
 37%|███▋      | 3249/8682 [2:00:48<3:17:38,  2.18s/it]
 37%|███▋      | 3250/8682 [2:00:50<3:02:03,  2.01s/it]

{'loss': '1.45', 'grad_norm': '0.6052', 'learning_rate': '3.601e-05', 'epoch': '1.123'}

 37%|███▋      | 3250/8682 [2:00:50<3:02:03,  2.01s/it]
 37%|███▋      | 3251/8682 [2:00:52<3:24:18,  2.26s/it]
 37%|███▋      | 3252/8682 [2:00:54<3:19:29,  2.20s/it]
 37%|███▋      | 3253/8682 [2:00:57<3:22:54,  2.24s/it]
 37%|███▋      | 3254/8682 [2:00:59<3:22:29,  2.24s/it]
 37%|███▋      | 3255/8682 [2:01:01<3:24:51,  2.26s/it]
 38%|███▊      | 3256/8682 [2:01:04<3:35:42,  2.39s/it]
 38%|███▊      | 3257/8682 [2:01:06<3:33:52,  2.37s/it]
 38%|███▊      | 3258/8682 [2:01:09<3:33:00,  2.36s/it]
 38%|███▊      | 3259/8682 [2:01:11<3:38:57,  2.42s/it]
 38%|███▊      | 3260/8682 [2:01:13<3:26:22,  2.28s/it]
 38%|███▊      | 3261/8682 [2:01:15<3:17:53,  2.19s/it]
 38%|███▊      | 3262/8682 [2:01:18<3:34:25,  2.37s/it]
 38%|███▊      | 3263/8682 [2:01:20<3:32:43,  2.36s/it]
 38%|███▊      | 3264/8682 [2:01:22<3:25:17,  2.27s/it]
 38%|███▊      | 3265/8682 [2:01:24<3:09:34,  2.10s/it]
 38%|███▊      | 3266/8682 [2:01:26<2:53:05,  1.92s/it]
 38%|███▊      | 3267/8682 [2:01:28<2:55:32,  1.95s/it]
 38%|███▊      | 3268/8682 [2:01:30<3:23:01,  2.25s/it]
 38%|███▊      | 3269/8682 [2:01:33<3:34:18,  2.38s/it]
 38%|███▊      | 3270/8682 [2:01:35<3:21:59,  2.24s/it]
 38%|███▊      | 3271/8682 [2:01:37<3:04:55,  2.05s/it]
 38%|███▊      | 3272/8682 [2:01:39<3:08:32,  2.09s/it]
 38%|███▊      | 3273/8682 [2:01:42<3:34:32,  2.38s/it]
 38%|███▊      | 3274/8682 [2:01:44<3:33:31,  2.37s/it]
 38%|███▊      | 3275/8682 [2:01:46<3:19:12,  2.21s/it]
 38%|███▊      | 3276/8682 [2:01:48<3:18:28,  2.20s/it]
 38%|███▊      | 3277/8682 [2:01:51<3:38:46,  2.43s/it]
 38%|███▊      | 3278/8682 [2:01:53<3:27:56,  2.31s/it]
 38%|███▊      | 3279/8682 [2:01:55<3:21:26,  2.24s/it]
 38%|███▊      | 3280/8682 [2:01:57<3:03:04,  2.03s/it]
 38%|███▊      | 3281/8682 [2:01:59<3:01:52,  2.02s/it]
 38%|███▊      | 3282/8682 [2:02:02<3:18:21,  2.20s/it]
 38%|███▊      | 3283/8682 [2:02:04<3:28:22,  2.32s/it]
 38%|███▊      | 3284/8682 [2:02:06<3:29:31,  2.33s/it]
 38%|███▊      | 3285/8682 [2:02:09<3:31:44,  2.35s/it]
 38%|███▊      | 3286/8682 [2:02:11<3:22:43,  2.25s/it]
 38%|███▊      | 3287/8682 [2:02:13<3:08:41,  2.10s/it]
 38%|███▊      | 3288/8682 [2:02:15<3:11:57,  2.14s/it]
 38%|███▊      | 3289/8682 [2:02:17<3:01:53,  2.02s/it]
 38%|███▊      | 3290/8682 [2:02:19<3:01:07,  2.02s/it]
 38%|███▊      | 3291/8682 [2:02:21<3:04:14,  2.05s/it]
 38%|███▊      | 3292/8682 [2:02:22<2:52:33,  1.92s/it]
 38%|███▊      | 3293/8682 [2:02:24<2:48:48,  1.88s/it]
 38%|███▊      | 3294/8682 [2:02:27<3:01:46,  2.02s/it]
 38%|███▊      | 3295/8682 [2:02:29<3:05:42,  2.07s/it]
 38%|███▊      | 3296/8682 [2:02:31<3:02:00,  2.03s/it]
 38%|███▊      | 3297/8682 [2:02:33<3:01:50,  2.03s/it]
 38%|███▊      | 3298/8682 [2:02:35<3:11:07,  2.13s/it]
 38%|███▊      | 3299/8682 [2:02:38<3:23:31,  2.27s/it]
 38%|███▊      | 3300/8682 [2:02:40<3:23:33,  2.27s/it]

{'loss': '1.413', 'grad_norm': '0.7028', 'learning_rate': '3.559e-05', 'epoch': '1.14'}

 38%|███▊      | 3300/8682 [2:02:40<3:23:33,  2.27s/it]
 38%|███▊      | 3301/8682 [2:02:43<3:39:24,  2.45s/it]
 38%|███▊      | 3302/8682 [2:02:46<3:53:17,  2.60s/it]
 38%|███▊      | 3303/8682 [2:02:48<3:44:22,  2.50s/it]
 38%|███▊      | 3304/8682 [2:02:50<3:19:46,  2.23s/it]
 38%|███▊      | 3305/8682 [2:02:52<3:25:25,  2.29s/it]
 38%|███▊      | 3306/8682 [2:02:54<3:25:20,  2.29s/it]
 38%|███▊      | 3307/8682 [2:02:56<3:15:20,  2.18s/it]
 38%|███▊      | 3308/8682 [2:02:59<3:24:15,  2.28s/it]
 38%|███▊      | 3309/8682 [2:03:01<3:29:32,  2.34s/it]
 38%|███▊      | 3310/8682 [2:03:03<3:19:00,  2.22s/it]
 38%|███▊      | 3311/8682 [2:03:05<3:00:58,  2.02s/it]
 38%|███▊      | 3312/8682 [2:03:06<2:48:30,  1.88s/it]
 38%|███▊      | 3313/8682 [2:03:09<2:59:46,  2.01s/it]
 38%|███▊      | 3314/8682 [2:03:10<2:48:58,  1.89s/it]
 38%|███▊      | 3315/8682 [2:03:12<2:57:09,  1.98s/it]
 38%|███▊      | 3316/8682 [2:03:15<3:18:22,  2.22s/it]
 38%|███▊      | 3317/8682 [2:03:17<3:03:45,  2.06s/it]
 38%|███▊      | 3318/8682 [2:03:18<2:52:17,  1.93s/it]
 38%|███▊      | 3319/8682 [2:03:20<2:46:25,  1.86s/it]
 38%|███▊      | 3320/8682 [2:03:22<2:57:58,  1.99s/it]
 38%|███▊      | 3321/8682 [2:03:24<2:57:08,  1.98s/it]
 38%|███▊      | 3322/8682 [2:03:27<3:05:50,  2.08s/it]
 38%|███▊      | 3323/8682 [2:03:29<3:06:27,  2.09s/it]
 38%|███▊      | 3324/8682 [2:03:31<3:14:51,  2.18s/it]
 38%|███▊      | 3325/8682 [2:03:34<3:37:51,  2.44s/it]
 38%|███▊      | 3326/8682 [2:03:37<3:34:17,  2.40s/it]
 38%|███▊      | 3327/8682 [2:03:38<3:12:41,  2.16s/it]
 38%|███▊      | 3328/8682 [2:03:41<3:25:52,  2.31s/it]
 38%|███▊      | 3329/8682 [2:03:43<3:20:01,  2.24s/it]
 38%|███▊      | 3330/8682 [2:03:45<3:09:12,  2.12s/it]
 38%|███▊      | 3331/8682 [2:03:47<3:15:47,  2.20s/it]
 38%|███▊      | 3332/8682 [2:03:49<3:18:04,  2.22s/it]
 38%|███▊      | 3333/8682 [2:03:51<3:10:40,  2.14s/it]
 38%|███▊      | 3334/8682 [2:03:53<3:10:41,  2.14s/it]
 38%|███▊      | 3335/8682 [2:03:55<3:02:15,  2.05s/it]
 38%|███▊      | 3336/8682 [2:03:57<2:56:53,  1.99s/it]
 38%|███▊      | 3337/8682 [2:04:00<3:15:49,  2.20s/it]
 38%|███▊      | 3338/8682 [2:04:02<3:17:09,  2.21s/it]
 38%|███▊      | 3339/8682 [2:04:04<3:02:24,  2.05s/it]
 38%|███▊      | 3340/8682 [2:04:06<3:01:31,  2.04s/it]
 38%|███▊      | 3341/8682 [2:04:08<2:53:58,  1.95s/it]
 38%|███▊      | 3342/8682 [2:04:10<3:00:37,  2.03s/it]
 39%|███▊      | 3343/8682 [2:04:12<3:14:51,  2.19s/it]
 39%|███▊      | 3344/8682 [2:04:15<3:17:11,  2.22s/it]
 39%|███▊      | 3345/8682 [2:04:16<3:03:54,  2.07s/it]
 39%|███▊      | 3346/8682 [2:04:19<3:13:49,  2.18s/it]
 39%|███▊      | 3347/8682 [2:04:21<3:21:00,  2.26s/it]
 39%|███▊      | 3348/8682 [2:04:24<3:24:21,  2.30s/it]
 39%|███▊      | 3349/8682 [2:04:26<3:23:52,  2.29s/it]
 39%|███▊      | 3350/8682 [2:04:28<3:27:06,  2.33s/it]

{'loss': '1.396', 'grad_norm': '0.6359', 'learning_rate': '3.517e-05', 'epoch': '1.158'}

 39%|███▊      | 3350/8682 [2:04:28<3:27:06,  2.33s/it]
 39%|███▊      | 3351/8682 [2:04:30<3:09:51,  2.14s/it]
 39%|███▊      | 3352/8682 [2:04:32<3:13:37,  2.18s/it]
 39%|███▊      | 3353/8682 [2:04:34<3:05:02,  2.08s/it]
 39%|███▊      | 3354/8682 [2:04:37<3:26:53,  2.33s/it]
 39%|███▊      | 3355/8682 [2:04:39<3:28:37,  2.35s/it]
 39%|███▊      | 3356/8682 [2:04:42<3:39:15,  2.47s/it]
 39%|███▊      | 3357/8682 [2:04:45<3:36:01,  2.43s/it]
 39%|███▊      | 3358/8682 [2:04:46<3:21:27,  2.27s/it]
 39%|███▊      | 3359/8682 [2:04:48<3:16:02,  2.21s/it]
 39%|███▊      | 3360/8682 [2:04:51<3:34:09,  2.41s/it]
 39%|███▊      | 3361/8682 [2:04:53<3:26:31,  2.33s/it]
 39%|███▊      | 3362/8682 [2:04:56<3:31:08,  2.38s/it]
 39%|███▊      | 3363/8682 [2:04:59<3:35:47,  2.43s/it]
 39%|███▊      | 3364/8682 [2:05:01<3:39:31,  2.48s/it]
 39%|███▉      | 3365/8682 [2:05:03<3:24:57,  2.31s/it]
 39%|███▉      | 3366/8682 [2:05:05<3:17:26,  2.23s/it]
 39%|███▉      | 3367/8682 [2:05:07<3:17:59,  2.24s/it]
 39%|███▉      | 3368/8682 [2:05:10<3:21:25,  2.27s/it]
 39%|███▉      | 3369/8682 [2:05:11<3:03:44,  2.08s/it]
 39%|███▉      | 3370/8682 [2:05:13<3:01:57,  2.06s/it]
 39%|███▉      | 3371/8682 [2:05:15<2:53:18,  1.96s/it]
 39%|███▉      | 3372/8682 [2:05:17<3:01:41,  2.05s/it]
 39%|███▉      | 3373/8682 [2:05:20<3:16:13,  2.22s/it]
 39%|███▉      | 3374/8682 [2:05:22<3:16:39,  2.22s/it]
 39%|███▉      | 3375/8682 [2:05:24<3:03:05,  2.07s/it]
 39%|███▉      | 3376/8682 [2:05:26<3:16:59,  2.23s/it]
 39%|███▉      | 3377/8682 [2:05:28<3:06:58,  2.11s/it]
 39%|███▉      | 3378/8682 [2:05:30<3:04:10,  2.08s/it]
 39%|███▉      | 3379/8682 [2:05:33<3:12:11,  2.17s/it]
 39%|███▉      | 3380/8682 [2:05:35<3:09:36,  2.15s/it]
 39%|███▉      | 3381/8682 [2:05:38<3:25:57,  2.33s/it]
 39%|███▉      | 3382/8682 [2:05:40<3:24:26,  2.31s/it]
 39%|███▉      | 3383/8682 [2:05:42<3:20:03,  2.27s/it]
 39%|███▉      | 3384/8682 [2:05:45<3:28:21,  2.36s/it]
 39%|███▉      | 3385/8682 [2:05:47<3:26:16,  2.34s/it]
 39%|███▉      | 3386/8682 [2:05:49<3:20:02,  2.27s/it]
 39%|███▉      | 3387/8682 [2:05:51<3:26:39,  2.34s/it]
 39%|███▉      | 3388/8682 [2:05:53<3:06:30,  2.11s/it]
 39%|███▉      | 3389/8682 [2:05:55<3:03:15,  2.08s/it]
 39%|███▉      | 3390/8682 [2:05:57<2:52:18,  1.95s/it]
 39%|███▉      | 3391/8682 [2:05:59<3:03:27,  2.08s/it]
 39%|███▉      | 3392/8682 [2:06:02<3:12:47,  2.19s/it]
 39%|███▉      | 3393/8682 [2:06:03<3:03:05,  2.08s/it]
 39%|███▉      | 3394/8682 [2:06:05<3:02:54,  2.08s/it]
 39%|███▉      | 3395/8682 [2:06:07<2:55:19,  1.99s/it]
 39%|███▉      | 3396/8682 [2:06:10<3:11:33,  2.17s/it]
 39%|███▉      | 3397/8682 [2:06:12<2:58:55,  2.03s/it]
 39%|███▉      | 3398/8682 [2:06:14<3:02:07,  2.07s/it]
 39%|███▉      | 3399/8682 [2:06:15<2:49:34,  1.93s/it]
 39%|███▉      | 3400/8682 [2:06:18<3:03:20,  2.08s/it]

{'loss': '1.382', 'grad_norm': '0.5997', 'learning_rate': '3.474e-05', 'epoch': '1.175'}

 39%|███▉      | 3400/8682 [2:06:18<3:03:20,  2.08s/it]
 39%|███▉      | 3401/8682 [2:06:19<2:50:22,  1.94s/it]
 39%|███▉      | 3402/8682 [2:06:21<2:47:19,  1.90s/it]
 39%|███▉      | 3403/8682 [2:06:23<2:53:11,  1.97s/it]
 39%|███▉      | 3404/8682 [2:06:25<2:49:39,  1.93s/it]
 39%|███▉      | 3405/8682 [2:06:27<2:49:37,  1.93s/it]
 39%|███▉      | 3406/8682 [2:06:29<2:47:33,  1.91s/it]
 39%|███▉      | 3407/8682 [2:06:31<2:46:34,  1.89s/it]
 39%|███▉      | 3408/8682 [2:06:33<2:46:09,  1.89s/it]
 39%|███▉      | 3409/8682 [2:06:35<2:57:13,  2.02s/it]
 39%|███▉      | 3410/8682 [2:06:36<2:44:18,  1.87s/it]
 39%|███▉      | 3411/8682 [2:06:38<2:42:54,  1.85s/it]
 39%|███▉      | 3412/8682 [2:06:40<2:39:39,  1.82s/it]
 39%|███▉      | 3413/8682 [2:06:42<2:55:42,  2.00s/it]
 39%|███▉      | 3414/8682 [2:06:44<2:52:52,  1.97s/it]
 39%|███▉      | 3415/8682 [2:06:46<2:49:07,  1.93s/it]
 39%|███▉      | 3416/8682 [2:06:48<2:43:34,  1.86s/it]
 39%|███▉      | 3417/8682 [2:06:51<3:12:10,  2.19s/it]
 39%|███▉      | 3418/8682 [2:06:53<3:06:39,  2.13s/it]
 39%|███▉      | 3419/8682 [2:06:54<2:52:35,  1.97s/it]
 39%|███▉      | 3420/8682 [2:06:57<3:01:09,  2.07s/it]
 39%|███▉      | 3421/8682 [2:06:59<3:05:35,  2.12s/it]
 39%|███▉      | 3422/8682 [2:07:01<3:05:48,  2.12s/it]
 39%|███▉      | 3423/8682 [2:07:03<3:06:49,  2.13s/it]
 39%|███▉      | 3424/8682 [2:07:06<3:13:16,  2.21s/it]
 39%|███▉      | 3425/8682 [2:07:08<3:05:32,  2.12s/it]
 39%|███▉      | 3426/8682 [2:07:09<2:55:42,  2.01s/it]
 39%|███▉      | 3427/8682 [2:07:12<3:04:06,  2.10s/it]
 39%|███▉      | 3428/8682 [2:07:14<2:59:27,  2.05s/it]
 39%|███▉      | 3429/8682 [2:07:15<2:48:08,  1.92s/it]
 40%|███▉      | 3430/8682 [2:07:17<2:58:39,  2.04s/it]
 40%|███▉      | 3431/8682 [2:07:19<2:47:31,  1.91s/it]
 40%|███▉      | 3432/8682 [2:07:21<2:41:19,  1.84s/it]
 40%|███▉      | 3433/8682 [2:07:23<2:55:37,  2.01s/it]
 40%|███▉      | 3434/8682 [2:07:25<3:03:24,  2.10s/it]
 40%|███▉      | 3435/8682 [2:07:28<3:26:14,  2.36s/it]
 40%|███▉      | 3436/8682 [2:07:31<3:21:52,  2.31s/it]
 40%|███▉      | 3437/8682 [2:07:33<3:15:26,  2.24s/it]
 40%|███▉      | 3438/8682 [2:07:34<2:56:40,  2.02s/it]
 40%|███▉      | 3439/8682 [2:07:36<3:03:38,  2.10s/it]
 40%|███▉      | 3440/8682 [2:07:39<3:06:33,  2.14s/it]
 40%|███▉      | 3441/8682 [2:07:40<2:56:08,  2.02s/it]
 40%|███▉      | 3442/8682 [2:07:42<2:45:03,  1.89s/it]
 40%|███▉      | 3443/8682 [2:07:44<2:56:07,  2.02s/it]
 40%|███▉      | 3444/8682 [2:07:47<3:07:10,  2.14s/it]
 40%|███▉      | 3445/8682 [2:07:49<3:08:55,  2.16s/it]
 40%|███▉      | 3446/8682 [2:07:51<3:14:06,  2.22s/it]
 40%|███▉      | 3447/8682 [2:07:53<3:00:29,  2.07s/it]
 40%|███▉      | 3448/8682 [2:07:55<2:55:43,  2.01s/it]
 40%|███▉      | 3449/8682 [2:07:58<3:12:50,  2.21s/it]
 40%|███▉      | 3450/8682 [2:08:00<3:06:15,  2.14s/it]

{'loss': '1.368', 'grad_norm': '0.5824', 'learning_rate': '3.431e-05', 'epoch': '1.192'}

 40%|███▉      | 3450/8682 [2:08:00<3:06:15,  2.14s/it]
 40%|███▉      | 3451/8682 [2:08:01<2:58:43,  2.05s/it]
 40%|███▉      | 3452/8682 [2:08:04<3:02:12,  2.09s/it]
 40%|███▉      | 3453/8682 [2:08:06<3:03:38,  2.11s/it]
 40%|███▉      | 3454/8682 [2:08:07<2:48:44,  1.94s/it]
 40%|███▉      | 3455/8682 [2:08:09<2:48:53,  1.94s/it]
 40%|███▉      | 3456/8682 [2:08:11<2:43:38,  1.88s/it]
 40%|███▉      | 3457/8682 [2:08:13<2:55:39,  2.02s/it]
 40%|███▉      | 3458/8682 [2:08:15<2:56:28,  2.03s/it]
 40%|███▉      | 3459/8682 [2:08:18<3:08:05,  2.16s/it]
 40%|███▉      | 3460/8682 [2:08:20<3:10:08,  2.18s/it]
 40%|███▉      | 3461/8682 [2:08:22<3:02:01,  2.09s/it]
 40%|███▉      | 3462/8682 [2:08:24<2:48:59,  1.94s/it]
 40%|███▉      | 3463/8682 [2:08:26<3:00:49,  2.08s/it]
 40%|███▉      | 3464/8682 [2:08:28<3:01:09,  2.08s/it]
 40%|███▉      | 3465/8682 [2:08:30<3:06:26,  2.14s/it]
 40%|███▉      | 3466/8682 [2:08:33<3:15:51,  2.25s/it]
 40%|███▉      | 3467/8682 [2:08:35<3:08:52,  2.17s/it]
 40%|███▉      | 3468/8682 [2:08:37<3:15:59,  2.26s/it]
 40%|███▉      | 3469/8682 [2:08:40<3:36:52,  2.50s/it]
 40%|███▉      | 3470/8682 [2:08:42<3:17:43,  2.28s/it]
 40%|███▉      | 3471/8682 [2:08:44<3:06:38,  2.15s/it]
 40%|███▉      | 3472/8682 [2:08:46<2:59:20,  2.07s/it]
 40%|████      | 3473/8682 [2:08:47<2:45:00,  1.90s/it]
 40%|████      | 3474/8682 [2:08:49<2:41:17,  1.86s/it]
 40%|████      | 3475/8682 [2:08:51<2:50:24,  1.96s/it]
 40%|████      | 3476/8682 [2:08:53<2:44:03,  1.89s/it]
 40%|████      | 3477/8682 [2:08:55<2:54:00,  2.01s/it]
 40%|████      | 3478/8682 [2:08:57<2:53:13,  2.00s/it]
 40%|████      | 3479/8682 [2:08:59<2:48:04,  1.94s/it]
 40%|████      | 3480/8682 [2:09:02<3:05:41,  2.14s/it]
 40%|████      | 3481/8682 [2:09:04<3:02:07,  2.10s/it]
 40%|████      | 3482/8682 [2:09:06<3:02:57,  2.11s/it]
 40%|████      | 3483/8682 [2:09:08<3:08:14,  2.17s/it]
 40%|████      | 3484/8682 [2:09:10<3:08:03,  2.17s/it]
 40%|████      | 3485/8682 [2:09:13<3:17:31,  2.28s/it]
 40%|████      | 3486/8682 [2:09:15<3:16:53,  2.27s/it]
 40%|████      | 3487/8682 [2:09:17<3:00:32,  2.09s/it]
 40%|████      | 3488/8682 [2:09:19<3:05:46,  2.15s/it]
 40%|████      | 3489/8682 [2:09:21<3:04:01,  2.13s/it]
 40%|████      | 3490/8682 [2:09:23<3:08:57,  2.18s/it]
 40%|████      | 3491/8682 [2:09:25<3:02:18,  2.11s/it]
 40%|████      | 3492/8682 [2:09:27<2:57:13,  2.05s/it]
 40%|████      | 3493/8682 [2:09:29<2:51:15,  1.98s/it]
 40%|████      | 3494/8682 [2:09:32<3:16:52,  2.28s/it]
 40%|████      | 3495/8682 [2:09:35<3:21:13,  2.33s/it]
 40%|████      | 3496/8682 [2:09:36<3:04:30,  2.13s/it]
 40%|████      | 3497/8682 [2:09:38<3:05:25,  2.15s/it]
 40%|████      | 3498/8682 [2:09:40<3:03:57,  2.13s/it]
 40%|████      | 3499/8682 [2:09:43<3:08:56,  2.19s/it]
 40%|████      | 3500/8682 [2:09:45<3:00:28,  2.09s/it]

{'loss': '1.36', 'grad_norm': '0.5993', 'learning_rate': '3.387e-05', 'epoch': '1.209'}

 40%|████      | 3500/8682 [2:09:45<3:00:28,  2.09s/it]
 40%|████      | 3501/8682 [2:09:47<2:58:10,  2.06s/it]
 40%|████      | 3502/8682 [2:09:49<2:57:09,  2.05s/it]
 40%|████      | 3503/8682 [2:09:51<3:11:38,  2.22s/it]
 40%|████      | 3504/8682 [2:09:54<3:15:39,  2.27s/it]
 40%|████      | 3505/8682 [2:09:56<3:05:19,  2.15s/it]
 40%|████      | 3506/8682 [2:09:57<2:54:36,  2.02s/it]
 40%|████      | 3507/8682 [2:09:59<2:56:50,  2.05s/it]
 40%|████      | 3508/8682 [2:10:01<2:45:28,  1.92s/it]
 40%|████      | 3509/8682 [2:10:03<2:52:59,  2.01s/it]
 40%|████      | 3510/8682 [2:10:05<2:45:01,  1.91s/it]
 40%|████      | 3511/8682 [2:10:07<2:50:58,  1.98s/it]
 40%|████      | 3512/8682 [2:10:09<2:49:33,  1.97s/it]
 40%|████      | 3513/8682 [2:10:11<2:53:53,  2.02s/it]
 40%|████      | 3514/8682 [2:10:14<3:15:00,  2.26s/it]
 40%|████      | 3515/8682 [2:10:16<3:16:44,  2.28s/it]
 40%|████      | 3516/8682 [2:10:18<3:05:30,  2.15s/it]
 41%|████      | 3517/8682 [2:10:21<3:12:32,  2.24s/it]
 41%|████      | 3518/8682 [2:10:23<3:15:52,  2.28s/it]
 41%|████      | 3519/8682 [2:10:26<3:26:16,  2.40s/it]
 41%|████      | 3520/8682 [2:10:28<3:19:31,  2.32s/it]
 41%|████      | 3521/8682 [2:10:30<3:06:12,  2.16s/it]
 41%|████      | 3522/8682 [2:10:32<3:11:43,  2.23s/it]
 41%|████      | 3523/8682 [2:10:34<3:08:47,  2.20s/it]
 41%|████      | 3524/8682 [2:10:36<3:06:52,  2.17s/it]
 41%|████      | 3525/8682 [2:10:38<2:56:02,  2.05s/it]
 41%|████      | 3526/8682 [2:10:40<3:00:24,  2.10s/it]
 41%|████      | 3527/8682 [2:10:43<3:10:52,  2.22s/it]
 41%|████      | 3528/8682 [2:10:45<3:24:55,  2.39s/it]
 41%|████      | 3529/8682 [2:10:48<3:18:30,  2.31s/it]
 41%|████      | 3530/8682 [2:10:50<3:30:31,  2.45s/it]
 41%|████      | 3531/8682 [2:10:52<3:14:10,  2.26s/it]
 41%|████      | 3532/8682 [2:10:55<3:18:53,  2.32s/it]
 41%|████      | 3533/8682 [2:10:56<3:02:52,  2.13s/it]
 41%|████      | 3534/8682 [2:10:58<2:53:45,  2.03s/it]
 41%|████      | 3535/8682 [2:11:01<3:04:02,  2.15s/it]
 41%|████      | 3536/8682 [2:11:02<2:53:12,  2.02s/it]
 41%|████      | 3537/8682 [2:11:04<2:43:08,  1.90s/it]
 41%|████      | 3538/8682 [2:11:06<2:53:45,  2.03s/it]
 41%|████      | 3539/8682 [2:11:08<2:43:51,  1.91s/it]
 41%|████      | 3540/8682 [2:11:10<2:53:04,  2.02s/it]
 41%|████      | 3541/8682 [2:11:12<2:56:24,  2.06s/it]
 41%|████      | 3542/8682 [2:11:14<2:54:10,  2.03s/it]
 41%|████      | 3543/8682 [2:11:16<2:57:28,  2.07s/it]
 41%|████      | 3544/8682 [2:11:18<2:45:16,  1.93s/it]
 41%|████      | 3545/8682 [2:11:20<2:50:21,  1.99s/it]
 41%|████      | 3546/8682 [2:11:22<2:57:25,  2.07s/it]
 41%|████      | 3547/8682 [2:11:25<2:58:56,  2.09s/it]
 41%|████      | 3548/8682 [2:11:27<3:08:45,  2.21s/it]
 41%|████      | 3549/8682 [2:11:29<3:02:10,  2.13s/it]
 41%|████      | 3550/8682 [2:11:32<3:21:48,  2.36s/it]

{'loss': '1.332', 'grad_norm': '0.6013', 'learning_rate': '3.344e-05', 'epoch': '1.227'}

 41%|████      | 3550/8682 [2:11:32<3:21:48,  2.36s/it]
 41%|████      | 3551/8682 [2:11:35<3:39:03,  2.56s/it]
 41%|████      | 3552/8682 [2:11:37<3:16:44,  2.30s/it]
 41%|████      | 3553/8682 [2:11:39<3:32:56,  2.49s/it]
 41%|████      | 3554/8682 [2:11:42<3:41:21,  2.59s/it]
 41%|████      | 3555/8682 [2:11:44<3:17:29,  2.31s/it]
 41%|████      | 3556/8682 [2:11:46<3:22:46,  2.37s/it]
 41%|████      | 3557/8682 [2:11:49<3:15:24,  2.29s/it]
 41%|████      | 3558/8682 [2:11:51<3:14:35,  2.28s/it]
 41%|████      | 3559/8682 [2:11:53<3:14:22,  2.28s/it]
 41%|████      | 3560/8682 [2:11:55<2:58:29,  2.09s/it]
 41%|████      | 3561/8682 [2:11:57<3:05:48,  2.18s/it]
 41%|████      | 3562/8682 [2:11:59<3:06:21,  2.18s/it]
 41%|████      | 3563/8682 [2:12:02<3:25:22,  2.41s/it]
 41%|████      | 3564/8682 [2:12:04<3:16:09,  2.30s/it]
 41%|████      | 3565/8682 [2:12:06<3:09:36,  2.22s/it]
 41%|████      | 3566/8682 [2:12:08<2:59:25,  2.10s/it]
 41%|████      | 3567/8682 [2:12:11<3:04:48,  2.17s/it]
 41%|████      | 3568/8682 [2:12:13<3:09:45,  2.23s/it]
 41%|████      | 3569/8682 [2:12:15<2:58:48,  2.10s/it]
 41%|████      | 3570/8682 [2:12:17<3:02:39,  2.14s/it]
 41%|████      | 3571/8682 [2:12:19<2:48:58,  1.98s/it]
 41%|████      | 3572/8682 [2:12:21<2:58:55,  2.10s/it]
 41%|████      | 3573/8682 [2:12:23<2:50:00,  2.00s/it]
 41%|████      | 3574/8682 [2:12:24<2:42:35,  1.91s/it]
 41%|████      | 3575/8682 [2:12:27<3:00:28,  2.12s/it]
 41%|████      | 3576/8682 [2:12:29<2:51:41,  2.02s/it]
 41%|████      | 3577/8682 [2:12:31<3:09:16,  2.22s/it]
 41%|████      | 3578/8682 [2:12:34<3:07:02,  2.20s/it]
 41%|████      | 3579/8682 [2:12:36<3:10:59,  2.25s/it]
 41%|████      | 3580/8682 [2:12:39<3:26:56,  2.43s/it]
 41%|████      | 3581/8682 [2:12:41<3:14:01,  2.28s/it]
 41%|████▏     | 3582/8682 [2:12:43<3:23:04,  2.39s/it]
 41%|████▏     | 3583/8682 [2:12:46<3:41:02,  2.60s/it]
 41%|████▏     | 3584/8682 [2:12:49<3:26:27,  2.43s/it]
 41%|████▏     | 3585/8682 [2:12:51<3:27:03,  2.44s/it]
 41%|████▏     | 3586/8682 [2:12:53<3:26:56,  2.44s/it]
 41%|████▏     | 3587/8682 [2:12:56<3:19:34,  2.35s/it]
 41%|████▏     | 3588/8682 [2:12:58<3:12:08,  2.26s/it]
 41%|████▏     | 3589/8682 [2:13:00<3:02:29,  2.15s/it]
 41%|████▏     | 3590/8682 [2:13:02<2:59:44,  2.12s/it]
 41%|████▏     | 3591/8682 [2:13:04<3:04:32,  2.17s/it]
 41%|████▏     | 3592/8682 [2:13:06<2:59:30,  2.12s/it]
 41%|████▏     | 3593/8682 [2:13:08<3:07:32,  2.21s/it]
 41%|████▏     | 3594/8682 [2:13:10<2:57:18,  2.09s/it]
 41%|████▏     | 3595/8682 [2:13:13<3:05:52,  2.19s/it]
 41%|████▏     | 3596/8682 [2:13:14<2:57:12,  2.09s/it]
 41%|████▏     | 3597/8682 [2:13:17<2:59:02,  2.11s/it]
 41%|████▏     | 3598/8682 [2:13:18<2:48:08,  1.98s/it]
 41%|████▏     | 3599/8682 [2:13:20<2:44:45,  1.94s/it]
 41%|████▏     | 3600/8682 [2:13:23<2:57:59,  2.10s/it]

{'loss': '1.33', 'grad_norm': '0.6087', 'learning_rate': '3.299e-05', 'epoch': '1.244'}

 41%|████▏     | 3600/8682 [2:13:23<2:57:59,  2.10s/it]
 41%|████▏     | 3601/8682 [2:13:25<3:07:39,  2.22s/it]
 41%|████▏     | 3602/8682 [2:13:27<3:07:21,  2.21s/it]
 41%|████▏     | 3603/8682 [2:13:30<3:15:30,  2.31s/it]
 42%|████▏     | 3604/8682 [2:13:32<3:15:39,  2.31s/it]
 42%|████▏     | 3605/8682 [2:13:34<3:13:08,  2.28s/it]
 42%|████▏     | 3606/8682 [2:13:36<3:07:03,  2.21s/it]
 42%|████▏     | 3607/8682 [2:13:39<3:21:49,  2.39s/it]
 42%|████▏     | 3608/8682 [2:13:41<3:04:45,  2.18s/it]
 42%|████▏     | 3609/8682 [2:13:43<3:07:37,  2.22s/it]
 42%|████▏     | 3610/8682 [2:13:45<2:52:05,  2.04s/it]
 42%|████▏     | 3611/8682 [2:13:47<2:59:05,  2.12s/it]
 42%|████▏     | 3612/8682 [2:13:49<2:53:12,  2.05s/it]
 42%|████▏     | 3613/8682 [2:13:51<2:42:35,  1.92s/it]
 42%|████▏     | 3614/8682 [2:13:53<2:42:47,  1.93s/it]
 42%|████▏     | 3615/8682 [2:13:55<2:52:50,  2.05s/it]
 42%|████▏     | 3616/8682 [2:13:57<2:47:14,  1.98s/it]
 42%|████▏     | 3617/8682 [2:13:59<2:55:47,  2.08s/it]
 42%|████▏     | 3618/8682 [2:14:02<3:20:22,  2.37s/it]
 42%|████▏     | 3619/8682 [2:14:04<3:15:05,  2.31s/it]
 42%|████▏     | 3620/8682 [2:14:07<3:23:46,  2.42s/it]
 42%|████▏     | 3621/8682 [2:14:09<3:11:03,  2.27s/it]
 42%|████▏     | 3622/8682 [2:14:11<2:58:43,  2.12s/it]
 42%|████▏     | 3623/8682 [2:14:12<2:47:24,  1.99s/it]
 42%|████▏     | 3624/8682 [2:14:14<2:47:16,  1.98s/it]
 42%|████▏     | 3625/8682 [2:14:16<2:52:41,  2.05s/it]
 42%|████▏     | 3626/8682 [2:14:19<3:01:23,  2.15s/it]
 42%|████▏     | 3627/8682 [2:14:21<2:55:15,  2.08s/it]
 42%|████▏     | 3628/8682 [2:14:23<3:00:45,  2.15s/it]
 42%|████▏     | 3629/8682 [2:14:25<2:58:58,  2.13s/it]
 42%|████▏     | 3630/8682 [2:14:28<3:18:13,  2.35s/it]
 42%|████▏     | 3631/8682 [2:14:30<3:07:11,  2.22s/it]
 42%|████▏     | 3632/8682 [2:14:32<3:09:51,  2.26s/it]
 42%|████▏     | 3633/8682 [2:14:34<2:54:03,  2.07s/it]
 42%|████▏     | 3634/8682 [2:14:36<3:03:44,  2.18s/it]
 42%|████▏     | 3635/8682 [2:14:38<2:58:06,  2.12s/it]
 42%|████▏     | 3636/8682 [2:14:41<3:09:36,  2.25s/it]
 42%|████▏     | 3637/8682 [2:14:43<3:08:26,  2.24s/it]
 42%|████▏     | 3638/8682 [2:14:46<3:27:47,  2.47s/it]
 42%|████▏     | 3639/8682 [2:14:48<3:21:20,  2.40s/it]
 42%|████▏     | 3640/8682 [2:14:50<3:14:16,  2.31s/it]
 42%|████▏     | 3641/8682 [2:14:53<3:14:17,  2.31s/it]
 42%|████▏     | 3642/8682 [2:14:55<3:10:55,  2.27s/it]
 42%|████▏     | 3643/8682 [2:14:57<2:58:20,  2.12s/it]
 42%|████▏     | 3644/8682 [2:14:59<3:10:21,  2.27s/it]
 42%|████▏     | 3645/8682 [2:15:01<2:57:26,  2.11s/it]
 42%|████▏     | 3646/8682 [2:15:03<3:05:06,  2.21s/it]
 42%|████▏     | 3647/8682 [2:15:06<3:04:28,  2.20s/it]
 42%|████▏     | 3648/8682 [2:15:08<3:02:18,  2.17s/it]
 42%|████▏     | 3649/8682 [2:15:10<2:56:28,  2.10s/it]
 42%|████▏     | 3650/8682 [2:15:12<2:55:06,  2.09s/it]

{'loss': '1.31', 'grad_norm': '0.5557', 'learning_rate': '3.255e-05', 'epoch': '1.261'}

 42%|████▏     | 3650/8682 [2:15:12<2:55:06,  2.09s/it]
 42%|████▏     | 3651/8682 [2:15:14<3:03:03,  2.18s/it]
 42%|████▏     | 3652/8682 [2:15:17<3:07:39,  2.24s/it]
 42%|████▏     | 3653/8682 [2:15:19<3:06:22,  2.22s/it]
 42%|████▏     | 3654/8682 [2:15:21<2:56:15,  2.10s/it]
 42%|████▏     | 3655/8682 [2:15:22<2:48:16,  2.01s/it]
 42%|████▏     | 3656/8682 [2:15:25<2:56:14,  2.10s/it]
 42%|████▏     | 3657/8682 [2:15:27<2:55:23,  2.09s/it]
 42%|████▏     | 3658/8682 [2:15:29<3:04:24,  2.20s/it]
 42%|████▏     | 3659/8682 [2:15:31<2:50:50,  2.04s/it]
 42%|████▏     | 3660/8682 [2:15:33<3:01:52,  2.17s/it]
 42%|████▏     | 3661/8682 [2:15:35<2:47:07,  2.00s/it]
 42%|████▏     | 3662/8682 [2:15:37<2:41:11,  1.93s/it]
 42%|████▏     | 3663/8682 [2:15:38<2:31:51,  1.82s/it]
 42%|████▏     | 3664/8682 [2:15:40<2:40:47,  1.92s/it]
 42%|████▏     | 3665/8682 [2:15:43<2:56:00,  2.11s/it]
 42%|████▏     | 3666/8682 [2:15:45<3:02:22,  2.18s/it]
 42%|████▏     | 3667/8682 [2:15:48<3:24:25,  2.45s/it]
 42%|████▏     | 3668/8682 [2:15:51<3:21:11,  2.41s/it]
 42%|████▏     | 3669/8682 [2:15:52<3:05:10,  2.22s/it]
 42%|████▏     | 3670/8682 [2:15:55<3:03:47,  2.20s/it]
 42%|████▏     | 3671/8682 [2:15:57<3:00:25,  2.16s/it]
 42%|████▏     | 3672/8682 [2:15:59<2:55:12,  2.10s/it]
 42%|████▏     | 3673/8682 [2:16:00<2:49:32,  2.03s/it]
 42%|████▏     | 3674/8682 [2:16:03<2:55:38,  2.10s/it]
 42%|████▏     | 3675/8682 [2:16:04<2:44:58,  1.98s/it]
 42%|████▏     | 3676/8682 [2:16:07<2:52:06,  2.06s/it]
 42%|████▏     | 3677/8682 [2:16:09<2:47:03,  2.00s/it]
 42%|████▏     | 3678/8682 [2:16:11<3:06:28,  2.24s/it]
 42%|████▏     | 3679/8682 [2:16:14<3:12:56,  2.31s/it]
 42%|████▏     | 3680/8682 [2:16:16<3:15:10,  2.34s/it]
 42%|████▏     | 3681/8682 [2:16:18<3:00:03,  2.16s/it]
 42%|████▏     | 3682/8682 [2:16:20<2:46:39,  2.00s/it]
 42%|████▏     | 3683/8682 [2:16:21<2:41:25,  1.94s/it]
 42%|████▏     | 3684/8682 [2:16:24<3:02:45,  2.19s/it]
 42%|████▏     | 3685/8682 [2:16:27<3:09:32,  2.28s/it]
 42%|████▏     | 3686/8682 [2:16:29<3:20:12,  2.40s/it]
 42%|████▏     | 3687/8682 [2:16:32<3:30:07,  2.52s/it]
 42%|████▏     | 3688/8682 [2:16:34<3:19:15,  2.39s/it]
 42%|████▏     | 3689/8682 [2:16:36<3:07:35,  2.25s/it]
 43%|████▎     | 3690/8682 [2:16:38<3:06:11,  2.24s/it]
 43%|████▎     | 3691/8682 [2:16:41<3:09:31,  2.28s/it]
 43%|████▎     | 3692/8682 [2:16:43<3:14:14,  2.34s/it]
 43%|████▎     | 3693/8682 [2:16:45<3:11:48,  2.31s/it]
 43%|████▎     | 3694/8682 [2:16:48<3:20:28,  2.41s/it]
 43%|████▎     | 3695/8682 [2:16:50<3:10:19,  2.29s/it]
 43%|████▎     | 3696/8682 [2:16:52<2:57:51,  2.14s/it]
 43%|████▎     | 3697/8682 [2:16:54<3:06:45,  2.25s/it]
 43%|████▎     | 3698/8682 [2:16:57<3:04:59,  2.23s/it]
 43%|████▎     | 3699/8682 [2:17:00<3:24:31,  2.46s/it]
 43%|████▎     | 3700/8682 [2:17:02<3:21:17,  2.42s/it]

{'loss': '1.308', 'grad_norm': '0.6057', 'learning_rate': '3.211e-05', 'epoch': '1.279'}

 43%|████▎     | 3700/8682 [2:17:02<3:21:17,  2.42s/it]
 43%|████▎     | 3701/8682 [2:17:04<3:21:00,  2.42s/it]
 43%|████▎     | 3702/8682 [2:17:07<3:15:13,  2.35s/it]
 43%|████▎     | 3703/8682 [2:17:09<3:15:27,  2.36s/it]
 43%|████▎     | 3704/8682 [2:17:11<3:15:55,  2.36s/it]
 43%|████▎     | 3705/8682 [2:17:14<3:15:42,  2.36s/it]
 43%|████▎     | 3706/8682 [2:17:16<3:07:33,  2.26s/it]
 43%|████▎     | 3707/8682 [2:17:17<2:53:33,  2.09s/it]
 43%|████▎     | 3708/8682 [2:17:20<3:05:31,  2.24s/it]
 43%|████▎     | 3709/8682 [2:17:23<3:17:33,  2.38s/it]
 43%|████▎     | 3710/8682 [2:17:25<3:10:24,  2.30s/it]
 43%|████▎     | 3711/8682 [2:17:27<3:04:07,  2.22s/it]
 43%|████▎     | 3712/8682 [2:17:29<2:59:31,  2.17s/it]
 43%|████▎     | 3713/8682 [2:17:31<3:08:16,  2.27s/it]
 43%|████▎     | 3714/8682 [2:17:33<2:54:24,  2.11s/it]
 43%|████▎     | 3715/8682 [2:17:36<3:03:47,  2.22s/it]
 43%|████▎     | 3716/8682 [2:17:38<3:06:11,  2.25s/it]
 43%|████▎     | 3717/8682 [2:17:40<3:02:49,  2.21s/it]
 43%|████▎     | 3718/8682 [2:17:43<3:21:51,  2.44s/it]
 43%|████▎     | 3719/8682 [2:17:45<3:16:32,  2.38s/it]
 43%|████▎     | 3720/8682 [2:17:47<3:01:47,  2.20s/it]
 43%|████▎     | 3721/8682 [2:17:49<3:06:51,  2.26s/it]
 43%|████▎     | 3722/8682 [2:17:52<3:24:46,  2.48s/it]
 43%|████▎     | 3723/8682 [2:17:55<3:20:51,  2.43s/it]
 43%|████▎     | 3724/8682 [2:17:56<2:59:40,  2.17s/it]
 43%|████▎     | 3725/8682 [2:17:59<3:02:09,  2.20s/it]
 43%|████▎     | 3726/8682 [2:18:01<2:55:46,  2.13s/it]
 43%|████▎     | 3727/8682 [2:18:03<3:01:57,  2.20s/it]
 43%|████▎     | 3728/8682 [2:18:05<2:54:50,  2.12s/it]
 43%|████▎     | 3729/8682 [2:18:07<3:01:41,  2.20s/it]
 43%|████▎     | 3730/8682 [2:18:10<3:06:01,  2.25s/it]
 43%|████▎     | 3731/8682 [2:18:11<2:54:36,  2.12s/it]
 43%|████▎     | 3732/8682 [2:18:13<2:42:50,  1.97s/it]
 43%|████▎     | 3733/8682 [2:18:16<2:56:31,  2.14s/it]
 43%|████▎     | 3734/8682 [2:18:18<3:01:51,  2.21s/it]
 43%|████▎     | 3735/8682 [2:18:20<2:54:04,  2.11s/it]
 43%|████▎     | 3736/8682 [2:18:22<2:58:31,  2.17s/it]
 43%|████▎     | 3737/8682 [2:18:24<2:58:36,  2.17s/it]
 43%|████▎     | 3738/8682 [2:18:27<3:05:29,  2.25s/it]
 43%|████▎     | 3739/8682 [2:18:29<3:09:11,  2.30s/it]
 43%|████▎     | 3740/8682 [2:18:32<3:12:12,  2.33s/it]
 43%|████▎     | 3741/8682 [2:18:34<3:11:57,  2.33s/it]
 43%|████▎     | 3742/8682 [2:18:36<3:08:25,  2.29s/it]
 43%|████▎     | 3743/8682 [2:18:38<3:03:44,  2.23s/it]
 43%|████▎     | 3744/8682 [2:18:40<3:05:27,  2.25s/it]
 43%|████▎     | 3745/8682 [2:18:42<2:58:34,  2.17s/it]
 43%|████▎     | 3746/8682 [2:18:44<2:54:36,  2.12s/it]
 43%|████▎     | 3747/8682 [2:18:46<2:51:50,  2.09s/it]
 43%|████▎     | 3748/8682 [2:18:49<2:55:13,  2.13s/it]
 43%|████▎     | 3749/8682 [2:18:51<2:58:43,  2.17s/it]
 43%|████▎     | 3750/8682 [2:18:53<3:01:09,  2.20s/it]

{'loss': '1.285', 'grad_norm': '0.5656', 'learning_rate': '3.166e-05', 'epoch': '1.296'}

 43%|████▎     | 3750/8682 [2:18:53<3:01:09,  2.20s/it]
 43%|████▎     | 3751/8682 [2:18:55<2:57:47,  2.16s/it]
 43%|████▎     | 3752/8682 [2:18:57<2:50:20,  2.07s/it]
 43%|████▎     | 3753/8682 [2:19:00<2:58:54,  2.18s/it]
 43%|████▎     | 3754/8682 [2:19:01<2:45:30,  2.02s/it]
 43%|████▎     | 3755/8682 [2:19:03<2:40:12,  1.95s/it]
 43%|████▎     | 3756/8682 [2:19:06<3:01:04,  2.21s/it]
 43%|████▎     | 3757/8682 [2:19:08<3:06:49,  2.28s/it]
 43%|████▎     | 3758/8682 [2:19:11<3:16:56,  2.40s/it]
 43%|████▎     | 3759/8682 [2:19:12<2:55:35,  2.14s/it]
 43%|████▎     | 3760/8682 [2:19:15<2:59:17,  2.19s/it]
 43%|████▎     | 3761/8682 [2:19:16<2:46:53,  2.03s/it]
 43%|████▎     | 3762/8682 [2:19:19<2:59:11,  2.19s/it]
 43%|████▎     | 3763/8682 [2:19:21<2:56:06,  2.15s/it]
 43%|████▎     | 3764/8682 [2:19:23<2:49:48,  2.07s/it]
 43%|████▎     | 3765/8682 [2:19:25<2:54:18,  2.13s/it]
 43%|████▎     | 3766/8682 [2:19:27<2:53:11,  2.11s/it]
 43%|████▎     | 3767/8682 [2:19:30<2:58:14,  2.18s/it]
 43%|████▎     | 3768/8682 [2:19:32<2:54:28,  2.13s/it]
 43%|████▎     | 3769/8682 [2:19:34<3:09:23,  2.31s/it]
 43%|████▎     | 3770/8682 [2:19:36<2:49:11,  2.07s/it]
 43%|████▎     | 3771/8682 [2:19:39<3:05:11,  2.26s/it]
 43%|████▎     | 3772/8682 [2:19:41<3:05:09,  2.26s/it]
 43%|████▎     | 3773/8682 [2:19:43<2:52:29,  2.11s/it]
 43%|████▎     | 3774/8682 [2:19:45<3:03:52,  2.25s/it]
 43%|████▎     | 3775/8682 [2:19:47<3:05:35,  2.27s/it]
 43%|████▎     | 3776/8682 [2:19:50<3:16:37,  2.40s/it]
 44%|████▎     | 3777/8682 [2:19:53<3:16:03,  2.40s/it]
 44%|████▎     | 3778/8682 [2:19:55<3:04:31,  2.26s/it]
 44%|████▎     | 3779/8682 [2:19:57<3:10:19,  2.33s/it]
 44%|████▎     | 3780/8682 [2:20:00<3:24:34,  2.50s/it]
 44%|████▎     | 3781/8682 [2:20:02<3:25:41,  2.52s/it]
 44%|████▎     | 3782/8682 [2:20:04<3:06:29,  2.28s/it]
 44%|████▎     | 3783/8682 [2:20:06<2:56:31,  2.16s/it]
 44%|████▎     | 3784/8682 [2:20:08<2:56:40,  2.16s/it]
 44%|████▎     | 3785/8682 [2:20:11<3:04:06,  2.26s/it]
 44%|████▎     | 3786/8682 [2:20:13<2:58:32,  2.19s/it]
 44%|████▎     | 3787/8682 [2:20:15<3:04:07,  2.26s/it]
 44%|████▎     | 3788/8682 [2:20:18<3:06:24,  2.29s/it]
 44%|████▎     | 3789/8682 [2:20:19<2:54:42,  2.14s/it]
 44%|████▎     | 3790/8682 [2:20:21<2:45:10,  2.03s/it]
 44%|████▎     | 3791/8682 [2:20:23<2:52:17,  2.11s/it]
 44%|████▎     | 3792/8682 [2:20:25<2:41:54,  1.99s/it]
 44%|████▎     | 3793/8682 [2:20:27<2:36:10,  1.92s/it]
 44%|████▎     | 3794/8682 [2:20:29<2:40:54,  1.98s/it]
 44%|████▎     | 3795/8682 [2:20:31<2:47:39,  2.06s/it]
 44%|████▎     | 3796/8682 [2:20:33<2:51:58,  2.11s/it]
 44%|████▎     | 3797/8682 [2:20:36<3:07:54,  2.31s/it]
 44%|████▎     | 3798/8682 [2:20:39<3:17:14,  2.42s/it]
 44%|████▍     | 3799/8682 [2:20:41<3:08:45,  2.32s/it]
 44%|████▍     | 3800/8682 [2:20:44<3:14:44,  2.39s/it]

{'loss': '1.268', 'grad_norm': '0.5799', 'learning_rate': '3.121e-05', 'epoch': '1.313'}

 44%|████▍     | 3800/8682 [2:20:44<3:14:44,  2.39s/it]
 44%|████▍     | 3801/8682 [2:20:45<2:58:04,  2.19s/it]
 44%|████▍     | 3802/8682 [2:20:48<3:02:52,  2.25s/it]
 44%|████▍     | 3803/8682 [2:20:50<3:08:32,  2.32s/it]
 44%|████▍     | 3804/8682 [2:20:52<3:06:44,  2.30s/it]
 44%|████▍     | 3805/8682 [2:20:54<3:02:11,  2.24s/it]
 44%|████▍     | 3806/8682 [2:20:56<2:54:00,  2.14s/it]
 44%|████▍     | 3807/8682 [2:20:59<2:57:18,  2.18s/it]
 44%|████▍     | 3808/8682 [2:21:01<3:02:59,  2.25s/it]
 44%|████▍     | 3809/8682 [2:21:04<3:12:32,  2.37s/it]
 44%|████▍     | 3810/8682 [2:21:06<3:12:39,  2.37s/it]
 44%|████▍     | 3811/8682 [2:21:08<3:11:06,  2.35s/it]
 44%|████▍     | 3812/8682 [2:21:10<3:00:22,  2.22s/it]
 44%|████▍     | 3813/8682 [2:21:13<3:01:03,  2.23s/it]
 44%|████▍     | 3814/8682 [2:21:15<3:06:33,  2.30s/it]
 44%|████▍     | 3815/8682 [2:21:18<3:11:20,  2.36s/it]
 44%|████▍     | 3816/8682 [2:21:20<3:10:53,  2.35s/it]
 44%|████▍     | 3817/8682 [2:21:22<3:06:02,  2.29s/it]
 44%|████▍     | 3818/8682 [2:21:25<3:10:28,  2.35s/it]
 44%|████▍     | 3819/8682 [2:21:28<3:26:31,  2.55s/it]
 44%|████▍     | 3820/8682 [2:21:30<3:18:11,  2.45s/it]
 44%|████▍     | 3821/8682 [2:21:33<3:25:48,  2.54s/it]
 44%|████▍     | 3822/8682 [2:21:35<3:27:09,  2.56s/it]
 44%|████▍     | 3823/8682 [2:21:37<3:08:05,  2.32s/it]
 44%|████▍     | 3824/8682 [2:21:39<2:55:29,  2.17s/it]
 44%|████▍     | 3825/8682 [2:21:41<2:55:37,  2.17s/it]
 44%|████▍     | 3826/8682 [2:21:43<3:00:18,  2.23s/it]
 44%|████▍     | 3827/8682 [2:21:45<2:50:53,  2.11s/it]
 44%|████▍     | 3828/8682 [2:21:47<2:46:42,  2.06s/it]
 44%|████▍     | 3829/8682 [2:21:49<2:50:07,  2.10s/it]
 44%|████▍     | 3830/8682 [2:21:51<2:37:51,  1.95s/it]
 44%|████▍     | 3831/8682 [2:21:53<2:45:23,  2.05s/it]
 44%|████▍     | 3832/8682 [2:21:55<2:35:42,  1.93s/it]
 44%|████▍     | 3833/8682 [2:21:57<2:39:50,  1.98s/it]
 44%|████▍     | 3834/8682 [2:21:59<2:39:02,  1.97s/it]
 44%|████▍     | 3835/8682 [2:22:00<2:28:29,  1.84s/it]
 44%|████▍     | 3836/8682 [2:22:03<2:40:23,  1.99s/it]
 44%|████▍     | 3837/8682 [2:22:05<2:54:06,  2.16s/it]
 44%|████▍     | 3838/8682 [2:22:08<3:00:44,  2.24s/it]
 44%|████▍     | 3839/8682 [2:22:10<2:53:46,  2.15s/it]
 44%|████▍     | 3840/8682 [2:22:11<2:43:56,  2.03s/it]
 44%|████▍     | 3841/8682 [2:22:14<2:49:03,  2.10s/it]
 44%|████▍     | 3842/8682 [2:22:16<2:54:43,  2.17s/it]
 44%|████▍     | 3843/8682 [2:22:18<2:44:42,  2.04s/it]
 44%|████▍     | 3844/8682 [2:22:20<2:43:40,  2.03s/it]
 44%|████▍     | 3845/8682 [2:22:22<2:56:35,  2.19s/it]
 44%|████▍     | 3846/8682 [2:22:24<2:51:55,  2.13s/it]
 44%|████▍     | 3847/8682 [2:22:26<2:40:36,  1.99s/it]
 44%|████▍     | 3848/8682 [2:22:28<2:40:01,  1.99s/it]
 44%|████▍     | 3849/8682 [2:22:30<2:46:47,  2.07s/it]
 44%|████▍     | 3850/8682 [2:22:32<2:44:14,  2.04s/it]

{'loss': '1.265', 'grad_norm': '0.5177', 'learning_rate': '3.075e-05', 'epoch': '1.33'}

 44%|████▍     | 3850/8682 [2:22:32<2:44:14,  2.04s/it]
 44%|████▍     | 3851/8682 [2:22:34<2:43:53,  2.04s/it]
 44%|████▍     | 3852/8682 [2:22:36<2:39:34,  1.98s/it]
 44%|████▍     | 3853/8682 [2:22:37<2:27:44,  1.84s/it]
 44%|████▍     | 3854/8682 [2:22:39<2:22:52,  1.78s/it]
 44%|████▍     | 3855/8682 [2:22:41<2:35:52,  1.94s/it]
 44%|████▍     | 3856/8682 [2:22:43<2:35:56,  1.94s/it]
 44%|████▍     | 3857/8682 [2:22:45<2:31:52,  1.89s/it]
 44%|████▍     | 3858/8682 [2:22:48<2:43:39,  2.04s/it]
 44%|████▍     | 3859/8682 [2:22:49<2:36:20,  1.94s/it]
 44%|████▍     | 3860/8682 [2:22:52<2:59:43,  2.24s/it]
 44%|████▍     | 3861/8682 [2:22:55<3:04:59,  2.30s/it]
 44%|████▍     | 3862/8682 [2:22:56<2:54:53,  2.18s/it]
 44%|████▍     | 3863/8682 [2:22:58<2:47:48,  2.09s/it]
 45%|████▍     | 3864/8682 [2:23:01<2:49:01,  2.11s/it]
 45%|████▍     | 3865/8682 [2:23:02<2:39:26,  1.99s/it]
 45%|████▍     | 3866/8682 [2:23:05<2:53:44,  2.16s/it]
 45%|████▍     | 3867/8682 [2:23:07<2:58:03,  2.22s/it]
 45%|████▍     | 3868/8682 [2:23:10<3:01:34,  2.26s/it]
 45%|████▍     | 3869/8682 [2:23:12<3:03:05,  2.28s/it]
 45%|████▍     | 3870/8682 [2:23:15<3:19:20,  2.49s/it]
 45%|████▍     | 3871/8682 [2:23:17<3:08:38,  2.35s/it]
 45%|████▍     | 3872/8682 [2:23:19<2:56:20,  2.20s/it]
 45%|████▍     | 3873/8682 [2:23:21<2:58:35,  2.23s/it]
 45%|████▍     | 3874/8682 [2:23:23<3:00:51,  2.26s/it]
 45%|████▍     | 3875/8682 [2:23:25<2:55:45,  2.19s/it]
 45%|████▍     | 3876/8682 [2:23:27<2:49:45,  2.12s/it]
 45%|████▍     | 3877/8682 [2:23:29<2:38:42,  1.98s/it]
 45%|████▍     | 3878/8682 [2:23:31<2:39:23,  1.99s/it]
 45%|████▍     | 3879/8682 [2:23:33<2:43:51,  2.05s/it]
 45%|████▍     | 3880/8682 [2:23:36<2:54:39,  2.18s/it]
 45%|████▍     | 3881/8682 [2:23:38<2:54:49,  2.18s/it]
 45%|████▍     | 3882/8682 [2:23:40<2:53:56,  2.17s/it]
 45%|████▍     | 3883/8682 [2:23:42<2:56:33,  2.21s/it]
 45%|████▍     | 3884/8682 [2:23:45<3:15:32,  2.45s/it]
 45%|████▍     | 3885/8682 [2:23:48<3:13:40,  2.42s/it]
 45%|████▍     | 3886/8682 [2:23:49<2:56:34,  2.21s/it]
 45%|████▍     | 3887/8682 [2:23:51<2:50:55,  2.14s/it]
 45%|████▍     | 3888/8682 [2:23:54<2:54:36,  2.19s/it]
 45%|████▍     | 3889/8682 [2:23:56<2:48:50,  2.11s/it]
 45%|████▍     | 3890/8682 [2:23:58<2:59:10,  2.24s/it]
 45%|████▍     | 3891/8682 [2:24:01<3:02:39,  2.29s/it]
 45%|████▍     | 3892/8682 [2:24:02<2:46:12,  2.08s/it]
 45%|████▍     | 3893/8682 [2:24:05<3:03:24,  2.30s/it]
 45%|████▍     | 3894/8682 [2:24:08<3:20:22,  2.51s/it]
 45%|████▍     | 3895/8682 [2:24:10<3:20:49,  2.52s/it]
 45%|████▍     | 3896/8682 [2:24:13<3:23:30,  2.55s/it]
 45%|████▍     | 3897/8682 [2:24:15<3:08:53,  2.37s/it]
 45%|████▍     | 3898/8682 [2:24:17<3:04:53,  2.32s/it]
 45%|████▍     | 3899/8682 [2:24:19<2:56:42,  2.22s/it]
 45%|████▍     | 3900/8682 [2:24:22<3:01:05,  2.27s/it]

{'loss': '1.257', 'grad_norm': '0.5504', 'learning_rate': '3.03e-05', 'epoch': '1.348'}

 45%|████▍     | 3900/8682 [2:24:22<3:01:05,  2.27s/it]
 45%|████▍     | 3901/8682 [2:24:24<3:08:53,  2.37s/it]
 45%|████▍     | 3902/8682 [2:24:27<3:07:47,  2.36s/it]
 45%|████▍     | 3903/8682 [2:24:29<3:03:33,  2.30s/it]
 45%|████▍     | 3904/8682 [2:24:31<2:52:59,  2.17s/it]
 45%|████▍     | 3905/8682 [2:24:32<2:43:07,  2.05s/it]
 45%|████▍     | 3906/8682 [2:24:35<2:47:58,  2.11s/it]
 45%|████▌     | 3907/8682 [2:24:37<2:52:43,  2.17s/it]
 45%|████▌     | 3908/8682 [2:24:39<3:00:06,  2.26s/it]
 45%|████▌     | 3909/8682 [2:24:42<3:03:38,  2.31s/it]
 45%|████▌     | 3910/8682 [2:24:44<3:03:03,  2.30s/it]
 45%|████▌     | 3911/8682 [2:24:46<2:58:38,  2.25s/it]
 45%|████▌     | 3912/8682 [2:24:48<2:43:40,  2.06s/it]
 45%|████▌     | 3913/8682 [2:24:50<2:44:01,  2.06s/it]
 45%|████▌     | 3914/8682 [2:24:52<2:51:01,  2.15s/it]
 45%|████▌     | 3915/8682 [2:24:54<2:35:41,  1.96s/it]
 45%|████▌     | 3916/8682 [2:24:56<2:32:27,  1.92s/it]
 45%|████▌     | 3917/8682 [2:24:57<2:23:12,  1.80s/it]
 45%|████▌     | 3918/8682 [2:24:59<2:22:12,  1.79s/it]
 45%|████▌     | 3919/8682 [2:25:01<2:34:07,  1.94s/it]
 45%|████▌     | 3920/8682 [2:25:04<2:44:52,  2.08s/it]
 45%|████▌     | 3921/8682 [2:25:06<2:50:55,  2.15s/it]
 45%|████▌     | 3922/8682 [2:25:09<3:10:00,  2.39s/it]
 45%|████▌     | 3923/8682 [2:25:11<3:06:37,  2.35s/it]
 45%|████▌     | 3924/8682 [2:25:14<3:18:23,  2.50s/it]
 45%|████▌     | 3925/8682 [2:25:16<3:10:14,  2.40s/it]
 45%|████▌     | 3926/8682 [2:25:18<2:59:11,  2.26s/it]
 45%|████▌     | 3927/8682 [2:25:21<3:03:16,  2.31s/it]
 45%|████▌     | 3928/8682 [2:25:23<3:04:45,  2.33s/it]
 45%|████▌     | 3929/8682 [2:25:25<3:01:25,  2.29s/it]
 45%|████▌     | 3930/8682 [2:25:27<3:02:09,  2.30s/it]
 45%|████▌     | 3931/8682 [2:25:30<3:19:36,  2.52s/it]
 45%|████▌     | 3932/8682 [2:25:33<3:14:43,  2.46s/it]
 45%|████▌     | 3933/8682 [2:25:35<3:09:24,  2.39s/it]
 45%|████▌     | 3934/8682 [2:25:37<3:10:06,  2.40s/it]
 45%|████▌     | 3935/8682 [2:25:39<3:00:11,  2.28s/it]
 45%|████▌     | 3936/8682 [2:25:41<2:51:18,  2.17s/it]
 45%|████▌     | 3937/8682 [2:25:44<3:12:50,  2.44s/it]
 45%|████▌     | 3938/8682 [2:25:47<3:09:50,  2.40s/it]
 45%|████▌     | 3939/8682 [2:25:49<3:10:50,  2.41s/it]
 45%|████▌     | 3940/8682 [2:25:51<2:56:04,  2.23s/it]
 45%|████▌     | 3941/8682 [2:25:53<2:53:58,  2.20s/it]
 45%|████▌     | 3942/8682 [2:25:55<2:48:36,  2.13s/it]
 45%|████▌     | 3943/8682 [2:25:57<2:49:13,  2.14s/it]
 45%|████▌     | 3944/8682 [2:26:00<2:52:43,  2.19s/it]
 45%|████▌     | 3945/8682 [2:26:01<2:37:32,  2.00s/it]
 45%|████▌     | 3946/8682 [2:26:04<2:52:39,  2.19s/it]
 45%|████▌     | 3947/8682 [2:26:05<2:37:59,  2.00s/it]
 45%|████▌     | 3948/8682 [2:26:08<2:52:46,  2.19s/it]
 45%|████▌     | 3949/8682 [2:26:10<3:00:11,  2.28s/it]
 45%|████▌     | 3950/8682 [2:26:12<2:47:19,  2.12s/it]

{'loss': '1.254', 'grad_norm': '0.5519', 'learning_rate': '2.984e-05', 'epoch': '1.365'}

 45%|████▌     | 3950/8682 [2:26:12<2:47:19,  2.12s/it]
 46%|████▌     | 3951/8682 [2:26:14<2:50:46,  2.17s/it]
 46%|████▌     | 3952/8682 [2:26:16<2:49:12,  2.15s/it]
 46%|████▌     | 3953/8682 [2:26:19<2:59:33,  2.28s/it]
 46%|████▌     | 3954/8682 [2:26:21<2:45:26,  2.10s/it]
 46%|████▌     | 3955/8682 [2:26:23<2:50:12,  2.16s/it]
 46%|████▌     | 3956/8682 [2:26:25<2:53:30,  2.20s/it]
 46%|████▌     | 3957/8682 [2:26:28<3:05:32,  2.36s/it]
 46%|████▌     | 3958/8682 [2:26:30<2:55:42,  2.23s/it]
 46%|████▌     | 3959/8682 [2:26:32<2:59:32,  2.28s/it]
 46%|████▌     | 3960/8682 [2:26:35<2:55:01,  2.22s/it]
 46%|████▌     | 3961/8682 [2:26:38<3:16:21,  2.50s/it]
 46%|████▌     | 3962/8682 [2:26:40<3:16:16,  2.50s/it]
 46%|████▌     | 3963/8682 [2:26:42<2:54:52,  2.22s/it]
 46%|████▌     | 3964/8682 [2:26:43<2:40:06,  2.04s/it]
 46%|████▌     | 3965/8682 [2:26:45<2:28:44,  1.89s/it]
 46%|████▌     | 3966/8682 [2:26:47<2:27:29,  1.88s/it]
 46%|████▌     | 3967/8682 [2:26:49<2:42:58,  2.07s/it]
 46%|████▌     | 3968/8682 [2:26:51<2:38:26,  2.02s/it]
 46%|████▌     | 3969/8682 [2:26:53<2:38:58,  2.02s/it]
 46%|████▌     | 3970/8682 [2:26:55<2:38:07,  2.01s/it]
 46%|████▌     | 3971/8682 [2:26:57<2:37:33,  2.01s/it]
 46%|████▌     | 3972/8682 [2:26:59<2:44:45,  2.10s/it]
 46%|████▌     | 3973/8682 [2:27:02<2:46:54,  2.13s/it]
 46%|████▌     | 3974/8682 [2:27:04<2:49:11,  2.16s/it]
 46%|████▌     | 3975/8682 [2:27:06<2:45:26,  2.11s/it]
 46%|████▌     | 3976/8682 [2:27:08<2:36:12,  1.99s/it]
 46%|████▌     | 3977/8682 [2:27:10<2:43:37,  2.09s/it]
 46%|████▌     | 3978/8682 [2:27:12<2:49:39,  2.16s/it]
 46%|████▌     | 3979/8682 [2:27:15<2:57:10,  2.26s/it]
 46%|████▌     | 3980/8682 [2:27:17<2:55:48,  2.24s/it]
 46%|████▌     | 3981/8682 [2:27:19<2:47:16,  2.14s/it]
 46%|████▌     | 3982/8682 [2:27:21<2:52:16,  2.20s/it]
 46%|████▌     | 3983/8682 [2:27:23<2:40:07,  2.04s/it]
 46%|████▌     | 3984/8682 [2:27:25<2:45:48,  2.12s/it]
 46%|████▌     | 3985/8682 [2:27:28<2:51:24,  2.19s/it]
 46%|████▌     | 3986/8682 [2:27:30<2:53:50,  2.22s/it]
 46%|████▌     | 3987/8682 [2:27:31<2:39:43,  2.04s/it]
 46%|████▌     | 3988/8682 [2:27:34<2:45:12,  2.11s/it]
 46%|████▌     | 3989/8682 [2:27:36<2:44:45,  2.11s/it]
 46%|████▌     | 3990/8682 [2:27:38<2:36:43,  2.00s/it]
 46%|████▌     | 3991/8682 [2:27:40<2:44:17,  2.10s/it]
 46%|████▌     | 3992/8682 [2:27:42<2:34:00,  1.97s/it]
 46%|████▌     | 3993/8682 [2:27:43<2:30:36,  1.93s/it]
 46%|████▌     | 3994/8682 [2:27:46<2:55:38,  2.25s/it]
 46%|████▌     | 3995/8682 [2:27:49<2:58:49,  2.29s/it]
 46%|████▌     | 3996/8682 [2:27:51<2:59:30,  2.30s/it]
 46%|████▌     | 3997/8682 [2:27:54<3:05:22,  2.37s/it]
 46%|████▌     | 3998/8682 [2:27:56<2:56:48,  2.26s/it]
 46%|████▌     | 3999/8682 [2:27:57<2:45:17,  2.12s/it]
 46%|████▌     | 4000/8682 [2:27:59<2:43:26,  2.09s/it]

{'loss': '1.224', 'grad_norm': '0.6317', 'learning_rate': '2.938e-05', 'epoch': '1.382'}

 46%|████▌     | 4000/8682 [2:27:59<2:43:26,  2.09s/it]
 46%|████▌     | 4001/8682 [2:28:01<2:39:38,  2.05s/it]
 46%|████▌     | 4002/8682 [2:28:04<2:52:22,  2.21s/it]
 46%|████▌     | 4003/8682 [2:28:06<2:41:52,  2.08s/it]
 46%|████▌     | 4004/8682 [2:28:08<2:48:48,  2.17s/it]
 46%|████▌     | 4005/8682 [2:28:10<2:39:13,  2.04s/it]
 46%|████▌     | 4006/8682 [2:28:12<2:49:50,  2.18s/it]
 46%|████▌     | 4007/8682 [2:28:15<2:55:28,  2.25s/it]
 46%|████▌     | 4008/8682 [2:28:16<2:41:42,  2.08s/it]
 46%|████▌     | 4009/8682 [2:28:19<3:03:24,  2.35s/it]
 46%|████▌     | 4010/8682 [2:28:22<3:02:14,  2.34s/it]
 46%|████▌     | 4011/8682 [2:28:24<2:56:41,  2.27s/it]
 46%|████▌     | 4012/8682 [2:28:26<3:01:17,  2.33s/it]
 46%|████▌     | 4013/8682 [2:28:29<3:02:13,  2.34s/it]
 46%|████▌     | 4014/8682 [2:28:31<3:11:41,  2.46s/it]
 46%|████▌     | 4015/8682 [2:28:34<3:03:26,  2.36s/it]
 46%|████▋     | 4016/8682 [2:28:36<3:01:28,  2.33s/it]
 46%|████▋     | 4017/8682 [2:28:38<2:52:20,  2.22s/it]
 46%|████▋     | 4018/8682 [2:28:40<2:41:46,  2.08s/it]
 46%|████▋     | 4019/8682 [2:28:42<2:43:27,  2.10s/it]
 46%|████▋     | 4020/8682 [2:28:44<2:44:32,  2.12s/it]
 46%|████▋     | 4021/8682 [2:28:46<2:36:37,  2.02s/it]
 46%|████▋     | 4022/8682 [2:28:48<2:51:12,  2.20s/it]
 46%|████▋     | 4023/8682 [2:28:51<2:56:27,  2.27s/it]
 46%|████▋     | 4024/8682 [2:28:53<2:57:00,  2.28s/it]
 46%|████▋     | 4025/8682 [2:28:55<2:55:16,  2.26s/it]
 46%|████▋     | 4026/8682 [2:28:57<2:38:54,  2.05s/it]
 46%|████▋     | 4027/8682 [2:28:59<2:47:40,  2.16s/it]
 46%|████▋     | 4028/8682 [2:29:02<3:06:32,  2.41s/it]
 46%|████▋     | 4029/8682 [2:29:04<2:51:15,  2.21s/it]
 46%|████▋     | 4030/8682 [2:29:07<3:01:24,  2.34s/it]
 46%|████▋     | 4031/8682 [2:29:08<2:45:12,  2.13s/it]
 46%|████▋     | 4032/8682 [2:29:10<2:35:30,  2.01s/it]
 46%|████▋     | 4033/8682 [2:29:12<2:39:48,  2.06s/it]
 46%|████▋     | 4034/8682 [2:29:15<2:48:33,  2.18s/it]
 46%|████▋     | 4035/8682 [2:29:17<3:02:59,  2.36s/it]
 46%|████▋     | 4036/8682 [2:29:19<2:46:30,  2.15s/it]
 46%|████▋     | 4037/8682 [2:29:21<2:35:23,  2.01s/it]
 47%|████▋     | 4038/8682 [2:29:23<2:46:53,  2.16s/it]
 47%|████▋     | 4039/8682 [2:29:25<2:28:56,  1.92s/it]
 47%|████▋     | 4040/8682 [2:29:27<2:39:55,  2.07s/it]
 47%|████▋     | 4041/8682 [2:29:30<2:58:42,  2.31s/it]
 47%|████▋     | 4042/8682 [2:29:32<2:57:01,  2.29s/it]
 47%|████▋     | 4043/8682 [2:29:34<2:51:08,  2.21s/it]
 47%|████▋     | 4044/8682 [2:29:37<2:54:28,  2.26s/it]
 47%|████▋     | 4045/8682 [2:29:39<3:00:44,  2.34s/it]
 47%|████▋     | 4046/8682 [2:29:41<2:48:44,  2.18s/it]
 47%|████▋     | 4047/8682 [2:29:43<2:39:21,  2.06s/it]
 47%|████▋     | 4048/8682 [2:29:45<2:55:01,  2.27s/it]
 47%|████▋     | 4049/8682 [2:29:48<2:58:32,  2.31s/it]
 47%|████▋     | 4050/8682 [2:29:50<2:57:30,  2.30s/it]

{'loss': '1.23', 'grad_norm': '0.5043', 'learning_rate': '2.892e-05', 'epoch': '1.4'}

 47%|████▋     | 4050/8682 [2:29:50<2:57:30,  2.30s/it]
 47%|████▋     | 4051/8682 [2:29:53<3:14:31,  2.52s/it]
 47%|████▋     | 4052/8682 [2:29:55<3:09:16,  2.45s/it]
 47%|████▋     | 4053/8682 [2:29:58<3:12:31,  2.50s/it]
 47%|████▋     | 4054/8682 [2:30:00<2:53:59,  2.26s/it]
 47%|████▋     | 4055/8682 [2:30:02<2:53:19,  2.25s/it]
 47%|████▋     | 4056/8682 [2:30:04<2:52:44,  2.24s/it]
 47%|████▋     | 4057/8682 [2:30:07<3:00:17,  2.34s/it]
 47%|████▋     | 4058/8682 [2:30:09<3:01:38,  2.36s/it]
 47%|████▋     | 4059/8682 [2:30:11<2:56:45,  2.29s/it]
 47%|████▋     | 4060/8682 [2:30:14<3:05:48,  2.41s/it]
 47%|████▋     | 4061/8682 [2:30:16<2:50:37,  2.22s/it]
 47%|████▋     | 4062/8682 [2:30:18<2:53:51,  2.26s/it]
 47%|████▋     | 4063/8682 [2:30:20<2:41:33,  2.10s/it]
 47%|████▋     | 4064/8682 [2:30:22<2:52:03,  2.24s/it]
 47%|████▋     | 4065/8682 [2:30:24<2:47:10,  2.17s/it]
 47%|████▋     | 4066/8682 [2:30:26<2:39:27,  2.07s/it]
 47%|████▋     | 4067/8682 [2:30:29<2:46:02,  2.16s/it]
 47%|████▋     | 4068/8682 [2:30:31<2:51:39,  2.23s/it]
 47%|████▋     | 4069/8682 [2:30:33<2:55:44,  2.29s/it]
 47%|████▋     | 4070/8682 [2:30:36<2:53:09,  2.25s/it]
 47%|████▋     | 4071/8682 [2:30:38<2:58:05,  2.32s/it]
 47%|████▋     | 4072/8682 [2:30:41<3:02:48,  2.38s/it]
 47%|████▋     | 4073/8682 [2:30:43<3:14:52,  2.54s/it]
 47%|████▋     | 4074/8682 [2:30:46<3:22:06,  2.63s/it]
 47%|████▋     | 4075/8682 [2:30:48<3:00:21,  2.35s/it]
 47%|████▋     | 4076/8682 [2:30:50<2:57:37,  2.31s/it]
 47%|████▋     | 4077/8682 [2:30:52<2:49:40,  2.21s/it]
 47%|████▋     | 4078/8682 [2:30:54<2:34:00,  2.01s/it]
 47%|████▋     | 4079/8682 [2:30:55<2:27:21,  1.92s/it]
 47%|████▋     | 4080/8682 [2:30:57<2:20:38,  1.83s/it]
 47%|████▋     | 4081/8682 [2:30:59<2:18:14,  1.80s/it]
 47%|████▋     | 4082/8682 [2:31:01<2:22:20,  1.86s/it]
 47%|████▋     | 4083/8682 [2:31:03<2:26:10,  1.91s/it]
 47%|████▋     | 4084/8682 [2:31:06<2:45:37,  2.16s/it]
 47%|████▋     | 4085/8682 [2:31:09<3:04:49,  2.41s/it]
 47%|████▋     | 4086/8682 [2:31:11<3:02:05,  2.38s/it]
 47%|████▋     | 4087/8682 [2:31:13<2:56:55,  2.31s/it]
 47%|████▋     | 4088/8682 [2:31:16<3:01:07,  2.37s/it]
 47%|████▋     | 4089/8682 [2:31:18<3:00:35,  2.36s/it]
 47%|████▋     | 4090/8682 [2:31:21<3:14:43,  2.54s/it]
 47%|████▋     | 4091/8682 [2:31:24<3:26:49,  2.70s/it]
 47%|████▋     | 4092/8682 [2:31:26<3:23:15,  2.66s/it]
 47%|████▋     | 4093/8682 [2:31:29<3:26:26,  2.70s/it]
 47%|████▋     | 4094/8682 [2:31:31<3:01:54,  2.38s/it]
 47%|████▋     | 4095/8682 [2:31:33<2:47:08,  2.19s/it]
 47%|████▋     | 4096/8682 [2:31:34<2:37:40,  2.06s/it]
 47%|████▋     | 4097/8682 [2:31:37<2:50:37,  2.23s/it]
 47%|████▋     | 4098/8682 [2:31:40<2:59:41,  2.35s/it]
 47%|████▋     | 4099/8682 [2:31:41<2:41:01,  2.11s/it]
 47%|████▋     | 4100/8682 [2:31:44<2:46:03,  2.17s/it]

{'loss': '1.219', 'grad_norm': '0.6486', 'learning_rate': '2.846e-05', 'epoch': '1.417'}

 47%|████▋     | 4100/8682 [2:31:44<2:46:03,  2.17s/it]
 47%|████▋     | 4101/8682 [2:31:46<2:50:37,  2.23s/it]
 47%|████▋     | 4102/8682 [2:31:48<2:53:37,  2.27s/it]
 47%|████▋     | 4103/8682 [2:31:50<2:52:17,  2.26s/it]
 47%|████▋     | 4104/8682 [2:31:52<2:41:46,  2.12s/it]
 47%|████▋     | 4105/8682 [2:31:54<2:43:54,  2.15s/it]
 47%|████▋     | 4106/8682 [2:31:57<2:47:52,  2.20s/it]
 47%|████▋     | 4107/8682 [2:31:58<2:32:21,  2.00s/it]
 47%|████▋     | 4108/8682 [2:32:01<2:38:47,  2.08s/it]
 47%|████▋     | 4109/8682 [2:32:03<2:46:42,  2.19s/it]
 47%|████▋     | 4110/8682 [2:32:05<2:45:13,  2.17s/it]
 47%|████▋     | 4111/8682 [2:32:08<2:50:51,  2.24s/it]
 47%|████▋     | 4112/8682 [2:32:10<2:54:46,  2.29s/it]
 47%|████▋     | 4113/8682 [2:32:12<2:56:17,  2.32s/it]
 47%|████▋     | 4114/8682 [2:32:14<2:48:06,  2.21s/it]
 47%|████▋     | 4115/8682 [2:32:16<2:41:40,  2.12s/it]
 47%|████▋     | 4116/8682 [2:32:18<2:34:57,  2.04s/it]
 47%|████▋     | 4117/8682 [2:32:20<2:35:17,  2.04s/it]
 47%|████▋     | 4118/8682 [2:32:22<2:40:21,  2.11s/it]
 47%|████▋     | 4119/8682 [2:32:25<2:40:12,  2.11s/it]
 47%|████▋     | 4120/8682 [2:32:27<2:50:35,  2.24s/it]
 47%|████▋     | 4121/8682 [2:32:29<2:36:02,  2.05s/it]
 47%|████▋     | 4122/8682 [2:32:31<2:32:03,  2.00s/it]
 47%|████▋     | 4123/8682 [2:32:33<2:41:13,  2.12s/it]
 48%|████▊     | 4124/8682 [2:32:35<2:44:52,  2.17s/it]
 48%|████▊     | 4125/8682 [2:32:38<2:48:14,  2.22s/it]
 48%|████▊     | 4126/8682 [2:32:40<2:52:27,  2.27s/it]
 48%|████▊     | 4127/8682 [2:32:42<2:50:52,  2.25s/it]
 48%|████▊     | 4128/8682 [2:32:45<2:53:03,  2.28s/it]
 48%|████▊     | 4129/8682 [2:32:47<2:47:13,  2.20s/it]
 48%|████▊     | 4130/8682 [2:32:49<3:01:52,  2.40s/it]
 48%|████▊     | 4131/8682 [2:32:51<2:49:41,  2.24s/it]
 48%|████▊     | 4132/8682 [2:32:53<2:35:14,  2.05s/it]
 48%|████▊     | 4133/8682 [2:32:55<2:27:56,  1.95s/it]
 48%|████▊     | 4134/8682 [2:32:57<2:37:35,  2.08s/it]
 48%|████▊     | 4135/8682 [2:32:59<2:45:00,  2.18s/it]
 48%|████▊     | 4136/8682 [2:33:02<2:48:58,  2.23s/it]
 48%|████▊     | 4137/8682 [2:33:04<2:39:01,  2.10s/it]
 48%|████▊     | 4138/8682 [2:33:06<2:46:21,  2.20s/it]
 48%|████▊     | 4139/8682 [2:33:08<2:47:56,  2.22s/it]
 48%|████▊     | 4140/8682 [2:33:10<2:37:38,  2.08s/it]
 48%|████▊     | 4141/8682 [2:33:12<2:36:31,  2.07s/it]
 48%|████▊     | 4142/8682 [2:33:14<2:39:06,  2.10s/it]
 48%|████▊     | 4143/8682 [2:33:16<2:28:37,  1.96s/it]
 48%|████▊     | 4144/8682 [2:33:18<2:41:42,  2.14s/it]
 48%|████▊     | 4145/8682 [2:33:20<2:36:19,  2.07s/it]
 48%|████▊     | 4146/8682 [2:33:23<2:42:08,  2.14s/it]
 48%|████▊     | 4147/8682 [2:33:24<2:29:48,  1.98s/it]
 48%|████▊     | 4148/8682 [2:33:27<2:39:36,  2.11s/it]
 48%|████▊     | 4149/8682 [2:33:29<2:40:51,  2.13s/it]
 48%|████▊     | 4150/8682 [2:33:31<2:44:06,  2.17s/it]

{'loss': '1.204', 'grad_norm': '0.5549', 'learning_rate': '2.8e-05', 'epoch': '1.434'}

 48%|████▊     | 4150/8682 [2:33:31<2:44:06,  2.17s/it]
 48%|████▊     | 4151/8682 [2:33:33<2:36:59,  2.08s/it]
 48%|████▊     | 4152/8682 [2:33:35<2:28:43,  1.97s/it]
 48%|████▊     | 4153/8682 [2:33:36<2:22:09,  1.88s/it]
 48%|████▊     | 4154/8682 [2:33:38<2:16:33,  1.81s/it]
 48%|████▊     | 4155/8682 [2:33:40<2:26:57,  1.95s/it]
 48%|████▊     | 4156/8682 [2:33:42<2:31:34,  2.01s/it]
 48%|████▊     | 4157/8682 [2:33:45<2:55:46,  2.33s/it]
 48%|████▊     | 4158/8682 [2:33:48<3:04:33,  2.45s/it]
 48%|████▊     | 4159/8682 [2:33:50<2:50:05,  2.26s/it]
 48%|████▊     | 4160/8682 [2:33:52<2:51:46,  2.28s/it]
 48%|████▊     | 4161/8682 [2:33:54<2:48:11,  2.23s/it]
 48%|████▊     | 4162/8682 [2:33:56<2:40:18,  2.13s/it]
 48%|████▊     | 4163/8682 [2:33:59<2:45:33,  2.20s/it]
 48%|████▊     | 4164/8682 [2:34:01<2:46:21,  2.21s/it]
 48%|████▊     | 4165/8682 [2:34:03<2:32:44,  2.03s/it]
 48%|████▊     | 4166/8682 [2:34:05<2:31:24,  2.01s/it]
 48%|████▊     | 4167/8682 [2:34:07<2:35:33,  2.07s/it]
 48%|████▊     | 4168/8682 [2:34:09<2:40:04,  2.13s/it]
 48%|████▊     | 4169/8682 [2:34:11<2:44:48,  2.19s/it]
 48%|████▊     | 4170/8682 [2:34:13<2:29:26,  1.99s/it]
 48%|████▊     | 4171/8682 [2:34:15<2:34:48,  2.06s/it]
 48%|████▊     | 4172/8682 [2:34:17<2:38:15,  2.11s/it]
 48%|████▊     | 4173/8682 [2:34:20<2:45:37,  2.20s/it]
 48%|████▊     | 4174/8682 [2:34:22<2:43:43,  2.18s/it]
 48%|████▊     | 4175/8682 [2:34:24<2:48:35,  2.24s/it]
 48%|████▊     | 4176/8682 [2:34:26<2:41:42,  2.15s/it]
 48%|████▊     | 4177/8682 [2:34:28<2:37:41,  2.10s/it]
 48%|████▊     | 4178/8682 [2:34:30<2:29:42,  1.99s/it]
 48%|████▊     | 4179/8682 [2:34:32<2:32:48,  2.04s/it]
 48%|████▊     | 4180/8682 [2:34:34<2:30:17,  2.00s/it]
 48%|████▊     | 4181/8682 [2:34:36<2:22:28,  1.90s/it]
 48%|████▊     | 4182/8682 [2:34:38<2:30:17,  2.00s/it]
 48%|████▊     | 4183/8682 [2:34:40<2:38:38,  2.12s/it]
 48%|████▊     | 4184/8682 [2:34:42<2:39:57,  2.13s/it]
 48%|████▊     | 4185/8682 [2:34:45<2:44:16,  2.19s/it]
 48%|████▊     | 4186/8682 [2:34:47<2:51:34,  2.29s/it]
 48%|████▊     | 4187/8682 [2:34:49<2:48:23,  2.25s/it]
 48%|████▊     | 4188/8682 [2:34:52<2:59:56,  2.40s/it]
 48%|████▊     | 4189/8682 [2:34:54<2:53:21,  2.31s/it]
 48%|████▊     | 4190/8682 [2:34:57<2:57:17,  2.37s/it]
 48%|████▊     | 4191/8682 [2:34:59<2:43:43,  2.19s/it]
 48%|████▊     | 4192/8682 [2:35:00<2:33:16,  2.05s/it]
 48%|████▊     | 4193/8682 [2:35:02<2:25:42,  1.95s/it]
 48%|████▊     | 4194/8682 [2:35:04<2:33:35,  2.05s/it]
 48%|████▊     | 4195/8682 [2:35:07<2:56:03,  2.35s/it]
 48%|████▊     | 4196/8682 [2:35:10<2:55:50,  2.35s/it]
 48%|████▊     | 4197/8682 [2:35:11<2:40:50,  2.15s/it]
 48%|████▊     | 4198/8682 [2:35:13<2:30:52,  2.02s/it]
 48%|████▊     | 4199/8682 [2:35:15<2:36:51,  2.10s/it]
 48%|████▊     | 4200/8682 [2:35:18<2:57:27,  2.38s/it]

{'loss': '1.182', 'grad_norm': '0.5416', 'learning_rate': '2.754e-05', 'epoch': '1.451'}

 48%|████▊     | 4200/8682 [2:35:18<2:57:27,  2.38s/it]
 48%|████▊     | 4201/8682 [2:35:21<2:52:40,  2.31s/it]
 48%|████▊     | 4202/8682 [2:35:23<2:53:39,  2.33s/it]
 48%|████▊     | 4203/8682 [2:35:25<2:41:54,  2.17s/it]
 48%|████▊     | 4204/8682 [2:35:27<2:41:19,  2.16s/it]
 48%|████▊     | 4205/8682 [2:35:29<2:37:18,  2.11s/it]
 48%|████▊     | 4206/8682 [2:35:31<2:28:04,  1.98s/it]
 48%|████▊     | 4207/8682 [2:35:33<2:35:04,  2.08s/it]
 48%|████▊     | 4208/8682 [2:35:34<2:20:50,  1.89s/it]
 48%|████▊     | 4209/8682 [2:35:37<2:39:26,  2.14s/it]
 48%|████▊     | 4210/8682 [2:35:39<2:32:52,  2.05s/it]
 49%|████▊     | 4211/8682 [2:35:40<2:23:22,  1.92s/it]
 49%|████▊     | 4212/8682 [2:35:43<2:32:11,  2.04s/it]
 49%|████▊     | 4213/8682 [2:35:44<2:22:15,  1.91s/it]
 49%|████▊     | 4214/8682 [2:35:46<2:26:26,  1.97s/it]
 49%|████▊     | 4215/8682 [2:35:49<2:34:05,  2.07s/it]
 49%|████▊     | 4216/8682 [2:35:51<2:39:29,  2.14s/it]
 49%|████▊     | 4217/8682 [2:35:53<2:28:01,  1.99s/it]
 49%|████▊     | 4218/8682 [2:35:55<2:23:34,  1.93s/it]
 49%|████▊     | 4219/8682 [2:35:57<2:30:13,  2.02s/it]
 49%|████▊     | 4220/8682 [2:35:59<2:27:19,  1.98s/it]
 49%|████▊     | 4221/8682 [2:36:00<2:17:59,  1.86s/it]
 49%|████▊     | 4222/8682 [2:36:03<2:39:15,  2.14s/it]
 49%|████▊     | 4223/8682 [2:36:05<2:39:37,  2.15s/it]
 49%|████▊     | 4224/8682 [2:36:07<2:38:02,  2.13s/it]
 49%|████▊     | 4225/8682 [2:36:09<2:38:08,  2.13s/it]
 49%|████▊     | 4226/8682 [2:36:12<2:39:07,  2.14s/it]
 49%|████▊     | 4227/8682 [2:36:15<2:57:04,  2.38s/it]
 49%|████▊     | 4228/8682 [2:36:16<2:45:57,  2.24s/it]
 49%|████▊     | 4229/8682 [2:36:19<2:49:44,  2.29s/it]
 49%|████▊     | 4230/8682 [2:36:21<2:38:13,  2.13s/it]
 49%|████▊     | 4231/8682 [2:36:23<2:34:45,  2.09s/it]
 49%|████▊     | 4232/8682 [2:36:25<2:35:08,  2.09s/it]
 49%|████▉     | 4233/8682 [2:36:27<2:45:19,  2.23s/it]
 49%|████▉     | 4234/8682 [2:36:29<2:38:09,  2.13s/it]
 49%|████▉     | 4235/8682 [2:36:31<2:37:40,  2.13s/it]
 49%|████▉     | 4236/8682 [2:36:34<2:43:44,  2.21s/it]
 49%|████▉     | 4237/8682 [2:36:36<2:47:50,  2.27s/it]
 49%|████▉     | 4238/8682 [2:36:38<2:50:08,  2.30s/it]
 49%|████▉     | 4239/8682 [2:36:41<2:52:01,  2.32s/it]
 49%|████▉     | 4240/8682 [2:36:43<2:43:04,  2.20s/it]
 49%|████▉     | 4241/8682 [2:36:45<2:43:30,  2.21s/it]
 49%|████▉     | 4242/8682 [2:36:47<2:37:57,  2.13s/it]
 49%|████▉     | 4243/8682 [2:36:49<2:37:50,  2.13s/it]
 49%|████▉     | 4244/8682 [2:36:51<2:33:38,  2.08s/it]
 49%|████▉     | 4245/8682 [2:36:53<2:38:00,  2.14s/it]
 49%|████▉     | 4246/8682 [2:36:55<2:27:59,  2.00s/it]
 49%|████▉     | 4247/8682 [2:36:57<2:24:31,  1.96s/it]
 49%|████▉     | 4248/8682 [2:36:59<2:21:10,  1.91s/it]
 49%|████▉     | 4249/8682 [2:37:01<2:33:43,  2.08s/it]
 49%|████▉     | 4250/8682 [2:37:03<2:38:38,  2.15s/it]

{'loss': '1.168', 'grad_norm': '0.5169', 'learning_rate': '2.707e-05', 'epoch': '1.469'}

 49%|████▉     | 4250/8682 [2:37:03<2:38:38,  2.15s/it]
 49%|████▉     | 4251/8682 [2:37:05<2:36:40,  2.12s/it]
 49%|████▉     | 4252/8682 [2:37:07<2:25:37,  1.97s/it]
 49%|████▉     | 4253/8682 [2:37:09<2:32:31,  2.07s/it]
 49%|████▉     | 4254/8682 [2:37:12<2:38:51,  2.15s/it]
 49%|████▉     | 4255/8682 [2:37:14<2:41:45,  2.19s/it]
 49%|████▉     | 4256/8682 [2:37:16<2:32:55,  2.07s/it]
 49%|████▉     | 4257/8682 [2:37:18<2:35:40,  2.11s/it]
 49%|████▉     | 4258/8682 [2:37:20<2:34:09,  2.09s/it]
 49%|████▉     | 4259/8682 [2:37:22<2:32:50,  2.07s/it]
 49%|████▉     | 4260/8682 [2:37:24<2:24:09,  1.96s/it]
 49%|████▉     | 4261/8682 [2:37:26<2:24:14,  1.96s/it]
 49%|████▉     | 4262/8682 [2:37:27<2:19:23,  1.89s/it]
 49%|████▉     | 4263/8682 [2:37:29<2:16:35,  1.85s/it]
 49%|████▉     | 4264/8682 [2:37:31<2:23:52,  1.95s/it]
 49%|████▉     | 4265/8682 [2:37:33<2:16:39,  1.86s/it]
 49%|████▉     | 4266/8682 [2:37:35<2:27:01,  2.00s/it]
 49%|████▉     | 4267/8682 [2:37:38<2:35:19,  2.11s/it]
 49%|████▉     | 4268/8682 [2:37:40<2:38:54,  2.16s/it]
 49%|████▉     | 4269/8682 [2:37:42<2:38:30,  2.16s/it]
 49%|████▉     | 4270/8682 [2:37:44<2:29:26,  2.03s/it]
 49%|████▉     | 4271/8682 [2:37:46<2:38:01,  2.15s/it]
 49%|████▉     | 4272/8682 [2:37:48<2:28:07,  2.02s/it]
 49%|████▉     | 4273/8682 [2:37:51<2:39:45,  2.17s/it]
 49%|████▉     | 4274/8682 [2:37:53<2:35:52,  2.12s/it]
 49%|████▉     | 4275/8682 [2:37:55<2:33:06,  2.08s/it]
 49%|████▉     | 4276/8682 [2:37:57<2:37:55,  2.15s/it]
 49%|████▉     | 4277/8682 [2:37:59<2:43:10,  2.22s/it]
 49%|████▉     | 4278/8682 [2:38:01<2:43:44,  2.23s/it]
 49%|████▉     | 4279/8682 [2:38:04<2:40:57,  2.19s/it]
 49%|████▉     | 4280/8682 [2:38:05<2:31:52,  2.07s/it]
 49%|████▉     | 4281/8682 [2:38:08<2:38:13,  2.16s/it]
 49%|████▉     | 4282/8682 [2:38:09<2:26:58,  2.00s/it]
 49%|████▉     | 4283/8682 [2:38:12<2:29:38,  2.04s/it]
 49%|████▉     | 4284/8682 [2:38:14<2:40:07,  2.18s/it]
 49%|████▉     | 4285/8682 [2:38:17<2:46:53,  2.28s/it]
 49%|████▉     | 4286/8682 [2:38:19<2:44:35,  2.25s/it]
 49%|████▉     | 4287/8682 [2:38:21<2:48:24,  2.30s/it]
 49%|████▉     | 4288/8682 [2:38:23<2:36:16,  2.13s/it]
 49%|████▉     | 4289/8682 [2:38:25<2:42:05,  2.21s/it]
 49%|████▉     | 4290/8682 [2:38:27<2:38:02,  2.16s/it]
 49%|████▉     | 4291/8682 [2:38:30<2:50:52,  2.33s/it]
 49%|████▉     | 4292/8682 [2:38:32<2:48:55,  2.31s/it]
 49%|████▉     | 4293/8682 [2:38:34<2:32:33,  2.09s/it]
 49%|████▉     | 4294/8682 [2:38:36<2:35:35,  2.13s/it]
 49%|████▉     | 4295/8682 [2:38:39<2:43:39,  2.24s/it]
 49%|████▉     | 4296/8682 [2:38:40<2:34:00,  2.11s/it]
 49%|████▉     | 4297/8682 [2:38:42<2:28:45,  2.04s/it]
 50%|████▉     | 4298/8682 [2:38:44<2:22:07,  1.95s/it]
 50%|████▉     | 4299/8682 [2:38:46<2:24:34,  1.98s/it]
 50%|████▉     | 4300/8682 [2:38:48<2:20:38,  1.93s/it]

{'loss': '1.164', 'grad_norm': '0.5409', 'learning_rate': '2.661e-05', 'epoch': '1.486'}

 50%|████▉     | 4300/8682 [2:38:48<2:20:38,  1.93s/it]
 50%|████▉     | 4301/8682 [2:38:50<2:19:59,  1.92s/it]
 50%|████▉     | 4302/8682 [2:38:53<2:39:00,  2.18s/it]
 50%|████▉     | 4303/8682 [2:38:55<2:35:31,  2.13s/it]
 50%|████▉     | 4304/8682 [2:38:57<2:41:12,  2.21s/it]
 50%|████▉     | 4305/8682 [2:38:59<2:48:22,  2.31s/it]
 50%|████▉     | 4306/8682 [2:39:01<2:31:59,  2.08s/it]
 50%|████▉     | 4307/8682 [2:39:03<2:24:48,  1.99s/it]
 50%|████▉     | 4308/8682 [2:39:05<2:20:24,  1.93s/it]
 50%|████▉     | 4309/8682 [2:39:07<2:31:09,  2.07s/it]
 50%|████▉     | 4310/8682 [2:39:10<2:46:00,  2.28s/it]
 50%|████▉     | 4311/8682 [2:39:12<2:51:10,  2.35s/it]
 50%|████▉     | 4312/8682 [2:39:14<2:44:04,  2.25s/it]
 50%|████▉     | 4313/8682 [2:39:17<2:45:38,  2.27s/it]
 50%|████▉     | 4314/8682 [2:39:19<2:44:08,  2.25s/it]
 50%|████▉     | 4315/8682 [2:39:21<2:46:13,  2.28s/it]
 50%|████▉     | 4316/8682 [2:39:24<2:46:49,  2.29s/it]
 50%|████▉     | 4317/8682 [2:39:25<2:34:02,  2.12s/it]
 50%|████▉     | 4318/8682 [2:39:27<2:33:57,  2.12s/it]
 50%|████▉     | 4319/8682 [2:39:29<2:27:55,  2.03s/it]
 50%|████▉     | 4320/8682 [2:39:31<2:19:40,  1.92s/it]
 50%|████▉     | 4321/8682 [2:39:32<2:13:45,  1.84s/it]
 50%|████▉     | 4322/8682 [2:39:34<2:16:55,  1.88s/it]
 50%|████▉     | 4323/8682 [2:39:37<2:30:02,  2.07s/it]
 50%|████▉     | 4324/8682 [2:39:39<2:36:25,  2.15s/it]
 50%|████▉     | 4325/8682 [2:39:41<2:32:40,  2.10s/it]
 50%|████▉     | 4326/8682 [2:39:43<2:31:10,  2.08s/it]
 50%|████▉     | 4327/8682 [2:39:46<2:38:48,  2.19s/it]
 50%|████▉     | 4328/8682 [2:39:49<2:53:31,  2.39s/it]
 50%|████▉     | 4329/8682 [2:39:51<2:45:34,  2.28s/it]
 50%|████▉     | 4330/8682 [2:39:53<2:39:31,  2.20s/it]
 50%|████▉     | 4331/8682 [2:39:54<2:30:26,  2.07s/it]
 50%|████▉     | 4332/8682 [2:39:56<2:19:40,  1.93s/it]
 50%|████▉     | 4333/8682 [2:39:58<2:24:21,  1.99s/it]
 50%|████▉     | 4334/8682 [2:40:00<2:30:28,  2.08s/it]
 50%|████▉     | 4335/8682 [2:40:02<2:16:21,  1.88s/it]
 50%|████▉     | 4336/8682 [2:40:04<2:16:26,  1.88s/it]
 50%|████▉     | 4337/8682 [2:40:06<2:23:15,  1.98s/it]
 50%|████▉     | 4338/8682 [2:40:07<2:11:47,  1.82s/it]
 50%|████▉     | 4339/8682 [2:40:10<2:24:53,  2.00s/it]
 50%|████▉     | 4340/8682 [2:40:12<2:20:23,  1.94s/it]
 50%|█████     | 4341/8682 [2:40:14<2:18:55,  1.92s/it]
 50%|█████     | 4342/8682 [2:40:15<2:11:49,  1.82s/it]
 50%|█████     | 4343/8682 [2:40:17<2:12:12,  1.83s/it]
 50%|█████     | 4344/8682 [2:40:19<2:20:39,  1.95s/it]
 50%|█████     | 4345/8682 [2:40:21<2:15:11,  1.87s/it]
 50%|█████     | 4346/8682 [2:40:23<2:31:38,  2.10s/it]
 50%|█████     | 4347/8682 [2:40:26<2:37:06,  2.17s/it]
 50%|█████     | 4348/8682 [2:40:29<2:54:57,  2.42s/it]
 50%|█████     | 4349/8682 [2:40:31<2:57:19,  2.46s/it]
 50%|█████     | 4350/8682 [2:40:34<2:56:36,  2.45s/it]

{'loss': '1.166', 'grad_norm': '0.5904', 'learning_rate': '2.614e-05', 'epoch': '1.503'}

 50%|█████     | 4350/8682 [2:40:34<2:56:36,  2.45s/it]
 50%|█████     | 4351/8682 [2:40:36<2:56:27,  2.44s/it]
 50%|█████     | 4352/8682 [2:40:38<2:51:34,  2.38s/it]
 50%|█████     | 4353/8682 [2:40:41<2:44:17,  2.28s/it]
 50%|█████     | 4354/8682 [2:40:43<2:43:42,  2.27s/it]
 50%|█████     | 4355/8682 [2:40:45<2:43:46,  2.27s/it]
 50%|█████     | 4356/8682 [2:40:47<2:29:50,  2.08s/it]
 50%|█████     | 4357/8682 [2:40:48<2:24:28,  2.00s/it]
 50%|█████     | 4358/8682 [2:40:51<2:31:22,  2.10s/it]
 50%|█████     | 4359/8682 [2:40:53<2:33:52,  2.14s/it]
 50%|█████     | 4360/8682 [2:40:55<2:40:31,  2.23s/it]
 50%|█████     | 4361/8682 [2:40:58<2:37:10,  2.18s/it]
 50%|█████     | 4362/8682 [2:40:59<2:29:19,  2.07s/it]
 50%|█████     | 4363/8682 [2:41:02<2:32:47,  2.12s/it]
 50%|█████     | 4364/8682 [2:41:04<2:28:10,  2.06s/it]
 50%|█████     | 4365/8682 [2:41:05<2:18:07,  1.92s/it]
 50%|█████     | 4366/8682 [2:41:08<2:29:36,  2.08s/it]
 50%|█████     | 4367/8682 [2:41:10<2:34:10,  2.14s/it]
 50%|█████     | 4368/8682 [2:41:12<2:36:27,  2.18s/it]
 50%|█████     | 4369/8682 [2:41:14<2:24:04,  2.00s/it]
 50%|█████     | 4370/8682 [2:41:16<2:28:16,  2.06s/it]
 50%|█████     | 4371/8682 [2:41:18<2:18:38,  1.93s/it]
 50%|█████     | 4372/8682 [2:41:19<2:15:02,  1.88s/it]
 50%|█████     | 4373/8682 [2:41:21<2:16:14,  1.90s/it]
 50%|█████     | 4374/8682 [2:41:23<2:22:13,  1.98s/it]
 50%|█████     | 4375/8682 [2:41:26<2:24:40,  2.02s/it]
 50%|█████     | 4376/8682 [2:41:28<2:26:24,  2.04s/it]
 50%|█████     | 4377/8682 [2:41:30<2:31:49,  2.12s/it]
 50%|█████     | 4378/8682 [2:41:32<2:36:11,  2.18s/it]
 50%|█████     | 4379/8682 [2:41:34<2:32:32,  2.13s/it]
 50%|█████     | 4380/8682 [2:41:36<2:25:17,  2.03s/it]
 50%|█████     | 4381/8682 [2:41:38<2:20:50,  1.96s/it]
 50%|█████     | 4382/8682 [2:41:40<2:23:20,  2.00s/it]
 50%|█████     | 4383/8682 [2:41:42<2:14:17,  1.87s/it]
 50%|█████     | 4384/8682 [2:41:44<2:25:42,  2.03s/it]
 51%|█████     | 4385/8682 [2:41:47<2:41:48,  2.26s/it]
 51%|█████     | 4386/8682 [2:41:49<2:32:29,  2.13s/it]
 51%|█████     | 4387/8682 [2:41:50<2:28:27,  2.07s/it]
 51%|█████     | 4388/8682 [2:41:52<2:25:03,  2.03s/it]
 51%|█████     | 4389/8682 [2:41:55<2:32:15,  2.13s/it]
 51%|█████     | 4390/8682 [2:41:56<2:21:42,  1.98s/it]
 51%|█████     | 4391/8682 [2:41:59<2:29:56,  2.10s/it]
 51%|█████     | 4392/8682 [2:42:00<2:20:58,  1.97s/it]
 51%|█████     | 4393/8682 [2:42:03<2:27:28,  2.06s/it]
 51%|█████     | 4394/8682 [2:42:05<2:25:48,  2.04s/it]
 51%|█████     | 4395/8682 [2:42:07<2:28:25,  2.08s/it]
 51%|█████     | 4396/8682 [2:42:09<2:29:29,  2.09s/it]
 51%|█████     | 4397/8682 [2:42:12<2:40:52,  2.25s/it]
 51%|█████     | 4398/8682 [2:42:13<2:27:07,  2.06s/it]
 51%|█████     | 4399/8682 [2:42:16<2:31:39,  2.12s/it]
 51%|█████     | 4400/8682 [2:42:18<2:49:02,  2.37s/it]

{'loss': '1.149', 'grad_norm': '0.5404', 'learning_rate': '2.568e-05', 'epoch': '1.52'}

 51%|█████     | 4400/8682 [2:42:18<2:49:02,  2.37s/it]
 51%|█████     | 4401/8682 [2:42:20<2:42:06,  2.27s/it]
 51%|█████     | 4402/8682 [2:42:22<2:28:59,  2.09s/it]
 51%|█████     | 4403/8682 [2:42:24<2:17:55,  1.93s/it]
 51%|█████     | 4404/8682 [2:42:25<2:13:43,  1.88s/it]
 51%|█████     | 4405/8682 [2:42:28<2:27:30,  2.07s/it]
 51%|█████     | 4406/8682 [2:42:30<2:29:17,  2.09s/it]
 51%|█████     | 4407/8682 [2:42:33<2:49:11,  2.37s/it]
 51%|█████     | 4408/8682 [2:42:35<2:34:16,  2.17s/it]
 51%|█████     | 4409/8682 [2:42:37<2:37:23,  2.21s/it]
 51%|█████     | 4410/8682 [2:42:39<2:27:24,  2.07s/it]
 51%|█████     | 4411/8682 [2:42:41<2:22:15,  2.00s/it]
 51%|█████     | 4412/8682 [2:42:43<2:29:43,  2.10s/it]
 51%|█████     | 4413/8682 [2:42:46<2:36:55,  2.21s/it]
 51%|█████     | 4414/8682 [2:42:48<2:37:58,  2.22s/it]
 51%|█████     | 4415/8682 [2:42:50<2:28:14,  2.08s/it]
 51%|█████     | 4416/8682 [2:42:51<2:23:21,  2.02s/it]
 51%|█████     | 4417/8682 [2:42:54<2:31:32,  2.13s/it]
 51%|█████     | 4418/8682 [2:42:56<2:35:54,  2.19s/it]
 51%|█████     | 4419/8682 [2:42:59<2:39:13,  2.24s/it]
 51%|█████     | 4420/8682 [2:43:01<2:39:12,  2.24s/it]
 51%|█████     | 4421/8682 [2:43:03<2:39:44,  2.25s/it]
 51%|█████     | 4422/8682 [2:43:05<2:26:39,  2.07s/it]
 51%|█████     | 4423/8682 [2:43:07<2:30:05,  2.11s/it]
 51%|█████     | 4424/8682 [2:43:09<2:19:49,  1.97s/it]
 51%|█████     | 4425/8682 [2:43:11<2:38:11,  2.23s/it]
 51%|█████     | 4426/8682 [2:43:13<2:33:18,  2.16s/it]
 51%|█████     | 4427/8682 [2:43:16<2:36:38,  2.21s/it]
 51%|█████     | 4428/8682 [2:43:18<2:49:22,  2.39s/it]
 51%|█████     | 4429/8682 [2:43:21<2:46:41,  2.35s/it]
 51%|█████     | 4430/8682 [2:43:23<2:35:13,  2.19s/it]
 51%|█████     | 4431/8682 [2:43:25<2:34:41,  2.18s/it]
 51%|█████     | 4432/8682 [2:43:26<2:22:56,  2.02s/it]
 51%|█████     | 4433/8682 [2:43:28<2:16:18,  1.92s/it]
 51%|█████     | 4434/8682 [2:43:30<2:12:38,  1.87s/it]
 51%|█████     | 4435/8682 [2:43:32<2:19:38,  1.97s/it]
 51%|█████     | 4436/8682 [2:43:34<2:22:53,  2.02s/it]
 51%|█████     | 4437/8682 [2:43:37<2:31:07,  2.14s/it]
 51%|█████     | 4438/8682 [2:43:39<2:40:01,  2.26s/it]
 51%|█████     | 4439/8682 [2:43:41<2:39:34,  2.26s/it]
 51%|█████     | 4440/8682 [2:43:44<2:49:44,  2.40s/it]
 51%|█████     | 4441/8682 [2:43:46<2:34:53,  2.19s/it]
 51%|█████     | 4442/8682 [2:43:48<2:37:48,  2.23s/it]
 51%|█████     | 4443/8682 [2:43:50<2:38:34,  2.24s/it]
 51%|█████     | 4444/8682 [2:43:53<2:42:19,  2.30s/it]
 51%|█████     | 4445/8682 [2:43:55<2:49:44,  2.40s/it]
 51%|█████     | 4446/8682 [2:43:58<2:46:21,  2.36s/it]
 51%|█████     | 4447/8682 [2:44:00<2:47:09,  2.37s/it]
 51%|█████     | 4448/8682 [2:44:02<2:40:00,  2.27s/it]
 51%|█████     | 4449/8682 [2:44:04<2:28:23,  2.10s/it]
 51%|█████▏    | 4450/8682 [2:44:06<2:25:45,  2.07s/it]

{'loss': '1.137', 'grad_norm': '0.6504', 'learning_rate': '2.521e-05', 'epoch': '1.538'}

 51%|█████▏    | 4450/8682 [2:44:06<2:25:45,  2.07s/it]
 51%|█████▏    | 4451/8682 [2:44:07<2:16:28,  1.94s/it]
 51%|█████▏    | 4452/8682 [2:44:09<2:16:57,  1.94s/it]
 51%|█████▏    | 4453/8682 [2:44:11<2:18:36,  1.97s/it]
 51%|█████▏    | 4454/8682 [2:44:14<2:25:11,  2.06s/it]
 51%|█████▏    | 4455/8682 [2:44:16<2:27:59,  2.10s/it]
 51%|█████▏    | 4456/8682 [2:44:18<2:30:14,  2.13s/it]
 51%|█████▏    | 4457/8682 [2:44:20<2:28:28,  2.11s/it]
 51%|█████▏    | 4458/8682 [2:44:23<2:38:01,  2.24s/it]
 51%|█████▏    | 4459/8682 [2:44:25<2:37:32,  2.24s/it]
 51%|█████▏    | 4460/8682 [2:44:28<2:48:03,  2.39s/it]
 51%|█████▏    | 4461/8682 [2:44:30<2:46:04,  2.36s/it]
 51%|█████▏    | 4462/8682 [2:44:32<2:39:54,  2.27s/it]
 51%|█████▏    | 4463/8682 [2:44:34<2:34:30,  2.20s/it]
 51%|█████▏    | 4464/8682 [2:44:36<2:25:39,  2.07s/it]
 51%|█████▏    | 4465/8682 [2:44:38<2:31:10,  2.15s/it]
 51%|█████▏    | 4466/8682 [2:44:41<2:34:52,  2.20s/it]
 51%|█████▏    | 4467/8682 [2:44:43<2:35:10,  2.21s/it]
 51%|█████▏    | 4468/8682 [2:44:45<2:40:27,  2.28s/it]
 51%|█████▏    | 4469/8682 [2:44:47<2:40:01,  2.28s/it]
 51%|█████▏    | 4470/8682 [2:44:50<2:41:00,  2.29s/it]
 51%|█████▏    | 4471/8682 [2:44:52<2:42:29,  2.32s/it]
 52%|█████▏    | 4472/8682 [2:44:54<2:37:07,  2.24s/it]
 52%|█████▏    | 4473/8682 [2:44:57<2:39:45,  2.28s/it]
 52%|█████▏    | 4474/8682 [2:44:59<2:36:49,  2.24s/it]
 52%|█████▏    | 4475/8682 [2:45:01<2:47:16,  2.39s/it]
 52%|█████▏    | 4476/8682 [2:45:03<2:31:51,  2.17s/it]
 52%|█████▏    | 4477/8682 [2:45:05<2:28:29,  2.12s/it]
 52%|█████▏    | 4478/8682 [2:45:07<2:22:39,  2.04s/it]
 52%|█████▏    | 4479/8682 [2:45:09<2:23:00,  2.04s/it]
 52%|█████▏    | 4480/8682 [2:45:11<2:28:19,  2.12s/it]
 52%|█████▏    | 4481/8682 [2:45:14<2:31:43,  2.17s/it]
 52%|█████▏    | 4482/8682 [2:45:15<2:22:52,  2.04s/it]
 52%|█████▏    | 4483/8682 [2:45:17<2:20:09,  2.00s/it]
 52%|█████▏    | 4484/8682 [2:45:19<2:15:38,  1.94s/it]
 52%|█████▏    | 4485/8682 [2:45:21<2:08:07,  1.83s/it]
 52%|█████▏    | 4486/8682 [2:45:23<2:10:27,  1.87s/it]
 52%|█████▏    | 4487/8682 [2:45:24<2:04:14,  1.78s/it]
 52%|█████▏    | 4488/8682 [2:45:26<2:01:47,  1.74s/it]
 52%|█████▏    | 4489/8682 [2:45:28<2:06:30,  1.81s/it]
 52%|█████▏    | 4490/8682 [2:45:30<2:07:42,  1.83s/it]
 52%|█████▏    | 4491/8682 [2:45:33<2:30:45,  2.16s/it]
 52%|█████▏    | 4492/8682 [2:45:36<2:50:23,  2.44s/it]
 52%|█████▏    | 4493/8682 [2:45:38<2:38:17,  2.27s/it]
 52%|█████▏    | 4494/8682 [2:45:40<2:35:55,  2.23s/it]
 52%|█████▏    | 4495/8682 [2:45:42<2:35:58,  2.24s/it]
 52%|█████▏    | 4496/8682 [2:45:44<2:36:44,  2.25s/it]
 52%|█████▏    | 4497/8682 [2:45:46<2:29:36,  2.15s/it]
 52%|█████▏    | 4498/8682 [2:45:48<2:26:56,  2.11s/it]
============================================================
SANITY CHECK @ Step 4499
============================================================
  ✓ IN:  hello there
    EXP: Hello there
    OUT: Hello there

  ✓ IN:  thx 4 the help
    EXP: Thanks for the help
    OUT: Thanks for the help

  ✓ IN:  c u l8r
    EXP: See you later
    OUT: See you later

  ✓ IN:  idk wh4t 2 d0 tbh
    EXP: I don't know what to do to be honest
    OUT: I don't know what to do to be honest

  ✓ IN:  1 h4v3 2 c4t5
    EXP: I have 2 cats
    OUT: I have 2 cats

  ✗ IN:  ur prolly right
    EXP: You're probably right
    OUT: You're probably right.

  ✓ IN:  1t5 2 l8
    EXP: It is too late
    OUT: It is too late

  ✗ IN:  th4t5 2 much 4 m3
    EXP: That's too much for me
    OUT: That is too much for me

  ✓ IN:  1 n33d 2 g0 2 w0rk
    EXP: I need to go to work
    OUT: I need to go to work

  ✓ IN:  wh4t t1m3 15 th3 m33t1ng @ 3 pm
    EXP: What time is the meeting at 3 PM
    OUT: What time is the meeting at 3 PM

  ✗ IN:  1 g0t 100 p01nt5 0n th3 t35t
    EXP: I got 100 points on the test
    OUT: I have 100 points on the test.

  ✓ IN:  I have 2 cats
    EXP: I have 2 cats
    OUT: I have 2 cats

  ✓ IN:  The meeting is at 3 PM
    EXP: The meeting is at 3 PM
    OUT: The meeting is at 3 PM

Accuracy: 10/13 (76.9%)
============================================================


 52%|█████▏    | 4499/8682 [2:45:53<3:32:16,  3.04s/it]
 52%|█████▏    | 4500/8682 [2:45:56<3:31:43,  3.04s/it]

{'loss': '1.134', 'grad_norm': '0.534', 'learning_rate': '2.474e-05', 'epoch': '1.555'}

 52%|█████▏    | 4500/8682 [2:45:56<3:31:43,  3.04s/it]

  0%|          | 0/94 [00:00<?, ?it/s][A

  2%|▏         | 2/94 [00:00<00:38,  2.36it/s][A

  3%|▎         | 3/94 [00:01<00:54,  1.67it/s][A

  4%|▍         | 4/94 [00:02<00:56,  1.58it/s][A

  5%|▌         | 5/94 [00:03<01:20,  1.11it/s][A

  6%|▋         | 6/94 [00:04<01:16,  1.15it/s][A

  7%|▋         | 7/94 [00:05<01:08,  1.27it/s][A

  9%|▊         | 8/94 [00:06<01:21,  1.06it/s][A

 10%|▉         | 9/94 [00:07<01:24,  1.01it/s][A

 11%|█         | 10/94 [00:08<01:16,  1.10it/s][A

 12%|█▏        | 11/94 [00:09<01:17,  1.07it/s][A

 13%|█▎        | 12/94 [00:10<01:17,  1.05it/s][A

 14%|█▍        | 13/94 [00:11<01:15,  1.07it/s][A

 15%|█▍        | 14/94 [00:12<01:14,  1.07it/s][A

 16%|█▌        | 15/94 [00:13<01:21,  1.03s/it][A

 17%|█▋        | 16/94 [00:14<01:18,  1.01s/it][A

 18%|█▊        | 17/94 [00:15<01:19,  1.03s/it][A

 19%|█▉        | 18/94 [00:16<01:10,  1.07it/s][A

 20%|██        | 19/94 [00:16<01:08,  1.09it/s][A

 21%|██▏       | 20/94 [00:17<01:09,  1.07it/s][A

 22%|██▏       | 21/94 [00:18<01:01,  1.18it/s][A

 23%|██▎       | 22/94 [00:19<01:08,  1.04it/s][A

 24%|██▍       | 23/94 [00:20<01:02,  1.14it/s][A

 26%|██▌       | 24/94 [00:21<00:55,  1.26it/s][A

 27%|██▋       | 25/94 [00:22<00:57,  1.20it/s][A

 28%|██▊       | 26/94 [00:23<00:59,  1.15it/s][A

 29%|██▊       | 27/94 [00:23<00:57,  1.16it/s][A

 30%|██▉       | 28/94 [00:24<00:51,  1.29it/s][A

 31%|███       | 29/94 [00:25<01:00,  1.07it/s][A

 32%|███▏      | 30/94 [00:26<00:55,  1.15it/s][A

 33%|███▎      | 31/94 [00:27<01:05,  1.03s/it][A

 34%|███▍      | 32/94 [00:28<01:04,  1.04s/it][A

 35%|███▌      | 33/94 [00:29<01:04,  1.05s/it][A

 36%|███▌      | 34/94 [00:31<01:03,  1.06s/it][A

 37%|███▋      | 35/94 [00:32<01:00,  1.03s/it][A

 38%|███▊      | 36/94 [00:32<00:54,  1.07it/s][A

 39%|███▉      | 37/94 [00:33<00:49,  1.15it/s][A

 40%|████      | 38/94 [00:34<00:46,  1.20it/s][A

 41%|████▏     | 39/94 [00:35<00:53,  1.03it/s][A

 43%|████▎     | 40/94 [00:36<00:52,  1.03it/s][A

 44%|████▎     | 41/94 [00:37<00:59,  1.12s/it][A

 45%|████▍     | 42/94 [00:38<00:50,  1.03it/s][A

 46%|████▌     | 43/94 [00:39<00:52,  1.04s/it][A

 47%|████▋     | 44/94 [00:40<00:46,  1.09it/s][A

 48%|████▊     | 45/94 [00:41<00:54,  1.11s/it][A

 49%|████▉     | 46/94 [00:43<00:52,  1.10s/it][A

 50%|█████     | 47/94 [00:43<00:47,  1.01s/it][A

 51%|█████     | 48/94 [00:44<00:45,  1.01it/s][A

 52%|█████▏    | 49/94 [00:45<00:44,  1.00it/s][A

 53%|█████▎    | 50/94 [00:46<00:42,  1.05it/s][A

 54%|█████▍    | 51/94 [00:47<00:43,  1.01s/it][A

 55%|█████▌    | 52/94 [00:48<00:41,  1.00it/s][A

 56%|█████▋    | 53/94 [00:49<00:36,  1.12it/s][A

 57%|█████▋    | 54/94 [00:50<00:33,  1.18it/s][A

 59%|█████▊    | 55/94 [00:51<00:39,  1.00s/it][A

 60%|█████▉    | 56/94 [00:52<00:39,  1.03s/it][A

 61%|██████    | 57/94 [00:53<00:34,  1.07it/s][A

 62%|██████▏   | 58/94 [00:54<00:35,  1.01it/s][A

 63%|██████▎   | 59/94 [00:55<00:36,  1.04s/it][A

 64%|██████▍   | 60/94 [00:56<00:34,  1.01s/it][A

 65%|██████▍   | 61/94 [00:57<00:32,  1.02it/s][A

 66%|██████▌   | 62/94 [00:58<00:33,  1.05s/it][A

 67%|██████▋   | 63/94 [00:59<00:32,  1.06s/it][A

 68%|██████▊   | 64/94 [01:00<00:31,  1.06s/it][A

 69%|██████▉   | 65/94 [01:01<00:30,  1.04s/it][A

 70%|███████   | 66/94 [01:02<00:27,  1.03it/s][A

 71%|███████▏  | 67/94 [01:03<00:27,  1.00s/it][A

 72%|███████▏  | 68/94 [01:04<00:26,  1.03s/it][A

 73%|███████▎  | 69/94 [01:05<00:26,  1.04s/it][A

 74%|███████▍  | 70/94 [01:06<00:23,  1.01it/s][A

 76%|███████▌  | 71/94 [01:08<00:25,  1.09s/it][A

 77%|███████▋  | 72/94 [01:08<00:21,  1.03it/s][A

 78%|███████▊  | 73/94 [01:09<00:19,  1.06it/s][A

 79%|███████▊  | 74/94 [01:10<00:21,  1.08s/it][A

 80%|███████▉  | 75/94 [01:11<00:18,  1.04it/s][A

 81%|████████  | 76/94 [01:12<00:17,  1.01it/s][A

 82%|████████▏ | 77/94 [01:13<00:17,  1.03s/it][A

 83%|████████▎ | 78/94 [01:15<00:18,  1.14s/it][A

 84%|████████▍ | 79/94 [01:16<00:15,  1.05s/it][A

 85%|████████▌ | 80/94 [01:16<00:13,  1.04it/s][A

 86%|████████▌ | 81/94 [01:17<00:12,  1.02it/s][A

 87%|████████▋ | 82/94 [01:19<00:12,  1.07s/it][A

 88%|████████▊ | 83/94 [01:20<00:11,  1.02s/it][A

 89%|████████▉ | 84/94 [01:20<00:09,  1.00it/s][A

 90%|█████████ | 85/94 [01:22<00:09,  1.01s/it][A

 91%|█████████▏| 86/94 [01:23<00:08,  1.03s/it][A

 93%|█████████▎| 87/94 [01:23<00:06,  1.02it/s][A

 94%|█████████▎| 88/94 [01:25<00:06,  1.02s/it][A

 95%|█████████▍| 89/94 [01:25<00:04,  1.08it/s][A

 96%|█████████▌| 90/94 [01:26<00:03,  1.08it/s][A

 97%|█████████▋| 91/94 [01:27<00:02,  1.16it/s][A

 98%|█████████▊| 92/94 [01:28<00:01,  1.24it/s][A

 99%|█████████▉| 93/94 [01:29<00:00,  1.08it/s][A

100%|██████████| 94/94 [01:31<00:00,  1.18s/it][A



[A{'eval_loss': '0.4571', 'eval_runtime': '95.17', 'eval_samples_per_second': '378.1', 'eval_steps_per_second': '0.988', 'epoch': '1.555'}

 52%|█████▏    | 4500/8682 [2:47:32<3:31:43,  3.04s/it]

100%|██████████| 94/94 [01:31<00:00,  1.18s/it][A

                                               [A

Writing model shards:   0%|          | 0/1 [00:00<?, ?it/s][A

Writing model shards: 100%|██████████| 1/1 [00:02<00:00,  2.90s/it][A
Writing model shards: 100%|██████████| 1/1 [00:02<00:00,  2.90s/it]
/venv/main/lib/python3.12/site-packages/torch/distributed/c10d_logger.py:83: UserWarning: barrier(): using the device under current context. You can specify `device_id` in `init_process_group` to mute this warning.
  return func(*args, **kwargs)

 52%|█████▏    | 4501/8682 [2:47:40<38:39:02, 33.28s/it]
 52%|█████▏    | 4502/8682 [2:47:42<27:40:43, 23.84s/it]
 52%|█████▏    | 4503/8682 [2:47:44<20:01:02, 17.24s/it]
 52%|█████▏    | 4504/8682 [2:47:46<14:37:16, 12.60s/it]
 52%|█████▏    | 4505/8682 [2:47:48<10:59:50,  9.48s/it]
 52%|█████▏    | 4506/8682 [2:47:50<8:32:11,  7.36s/it]
 52%|█████▏    | 4507/8682 [2:47:53<6:45:47,  5.83s/it]
 52%|█████▏    | 4508/8682 [2:47:55<5:32:09,  4.77s/it]
 52%|█████▏    | 4509/8682 [2:47:57<4:43:01,  4.07s/it]
 52%|█████▏    | 4510/8682 [2:47:59<3:53:25,  3.36s/it]
 52%|█████▏    | 4511/8682 [2:48:01<3:31:38,  3.04s/it]
 52%|█████▏    | 4512/8682 [2:48:03<3:05:49,  2.67s/it]
 52%|█████▏    | 4513/8682 [2:48:05<2:49:46,  2.44s/it]
 52%|█████▏    | 4514/8682 [2:48:07<2:43:33,  2.35s/it]
 52%|█████▏    | 4515/8682 [2:48:10<2:43:43,  2.36s/it]
 52%|█████▏    | 4516/8682 [2:48:11<2:29:33,  2.15s/it]
 52%|█████▏    | 4517/8682 [2:48:13<2:29:43,  2.16s/it]
 52%|█████▏    | 4518/8682 [2:48:16<2:37:54,  2.28s/it]
 52%|█████▏    | 4519/8682 [2:48:18<2:39:59,  2.31s/it]
 52%|█████▏    | 4520/8682 [2:48:20<2:31:11,  2.18s/it]
 52%|█████▏    | 4521/8682 [2:48:22<2:20:06,  2.02s/it]
 52%|█████▏    | 4522/8682 [2:48:24<2:27:16,  2.12s/it]
 52%|█████▏    | 4523/8682 [2:48:26<2:17:18,  1.98s/it]
 52%|█████▏    | 4524/8682 [2:48:28<2:17:07,  1.98s/it]
 52%|█████▏    | 4525/8682 [2:48:30<2:19:46,  2.02s/it]
 52%|█████▏    | 4526/8682 [2:48:33<2:40:41,  2.32s/it]
 52%|█████▏    | 4527/8682 [2:48:35<2:25:23,  2.10s/it]
 52%|█████▏    | 4528/8682 [2:48:37<2:23:26,  2.07s/it]
 52%|█████▏    | 4529/8682 [2:48:38<2:16:32,  1.97s/it]
 52%|█████▏    | 4530/8682 [2:48:40<2:11:16,  1.90s/it]
 52%|█████▏    | 4531/8682 [2:48:42<2:12:31,  1.92s/it]
 52%|█████▏    | 4532/8682 [2:48:44<2:22:26,  2.06s/it]
 52%|█████▏    | 4533/8682 [2:48:47<2:31:30,  2.19s/it]
 52%|█████▏    | 4534/8682 [2:48:49<2:31:15,  2.19s/it]
 52%|█████▏    | 4535/8682 [2:48:52<2:43:22,  2.36s/it]
 52%|█████▏    | 4536/8682 [2:48:54<2:41:16,  2.33s/it]
 52%|█████▏    | 4537/8682 [2:48:56<2:30:12,  2.17s/it]
 52%|█████▏    | 4538/8682 [2:48:58<2:33:34,  2.22s/it]
 52%|█████▏    | 4539/8682 [2:49:01<2:48:23,  2.44s/it]
 52%|█████▏    | 4540/8682 [2:49:03<2:36:42,  2.27s/it]
 52%|█████▏    | 4541/8682 [2:49:05<2:37:30,  2.28s/it]
 52%|█████▏    | 4542/8682 [2:49:07<2:34:31,  2.24s/it]
 52%|█████▏    | 4543/8682 [2:49:09<2:26:19,  2.12s/it]
 52%|█████▏    | 4544/8682 [2:49:12<2:30:21,  2.18s/it]
 52%|█████▏    | 4545/8682 [2:49:15<2:44:40,  2.39s/it]
 52%|█████▏    | 4546/8682 [2:49:17<2:40:08,  2.32s/it]
 52%|█████▏    | 4547/8682 [2:49:18<2:26:06,  2.12s/it]
 52%|█████▏    | 4548/8682 [2:49:20<2:19:29,  2.02s/it]
 52%|█████▏    | 4549/8682 [2:49:23<2:27:23,  2.14s/it]
 52%|█████▏    | 4550/8682 [2:49:25<2:26:55,  2.13s/it]

{'loss': '1.127', 'grad_norm': '0.576', 'learning_rate': '2.428e-05', 'epoch': '1.572'}

 52%|█████▏    | 4550/8682 [2:49:25<2:26:55,  2.13s/it]
 52%|█████▏    | 4551/8682 [2:49:27<2:26:09,  2.12s/it]
 52%|█████▏    | 4552/8682 [2:49:29<2:28:13,  2.15s/it]
 52%|█████▏    | 4553/8682 [2:49:31<2:21:18,  2.05s/it]
 52%|█████▏    | 4554/8682 [2:49:33<2:15:43,  1.97s/it]
 52%|█████▏    | 4555/8682 [2:49:34<2:05:38,  1.83s/it]
 52%|█████▏    | 4556/8682 [2:49:36<2:04:47,  1.81s/it]
 52%|█████▏    | 4557/8682 [2:49:38<2:07:21,  1.85s/it]
 52%|█████▏    | 4558/8682 [2:49:40<2:08:59,  1.88s/it]
 53%|█████▎    | 4559/8682 [2:49:42<2:16:01,  1.98s/it]
 53%|█████▎    | 4560/8682 [2:49:44<2:16:14,  1.98s/it]
 53%|█████▎    | 4561/8682 [2:49:46<2:11:57,  1.92s/it]
 53%|█████▎    | 4562/8682 [2:49:48<2:11:15,  1.91s/it]
 53%|█████▎    | 4563/8682 [2:49:50<2:14:36,  1.96s/it]
 53%|█████▎    | 4564/8682 [2:49:52<2:26:09,  2.13s/it]
 53%|█████▎    | 4565/8682 [2:49:54<2:21:58,  2.07s/it]
 53%|█████▎    | 4566/8682 [2:49:56<2:16:32,  1.99s/it]
 53%|█████▎    | 4567/8682 [2:49:58<2:18:05,  2.01s/it]
 53%|█████▎    | 4568/8682 [2:50:00<2:22:01,  2.07s/it]
 53%|█████▎    | 4569/8682 [2:50:02<2:18:19,  2.02s/it]
 53%|█████▎    | 4570/8682 [2:50:05<2:30:29,  2.20s/it]
 53%|█████▎    | 4571/8682 [2:50:07<2:28:26,  2.17s/it]
 53%|█████▎    | 4572/8682 [2:50:09<2:28:55,  2.17s/it]
 53%|█████▎    | 4573/8682 [2:50:11<2:16:19,  1.99s/it]
 53%|█████▎    | 4574/8682 [2:50:12<2:10:40,  1.91s/it]
 53%|█████▎    | 4575/8682 [2:50:14<2:11:00,  1.91s/it]
 53%|█████▎    | 4576/8682 [2:50:16<2:16:22,  1.99s/it]
 53%|█████▎    | 4577/8682 [2:50:18<2:16:43,  2.00s/it]
 53%|█████▎    | 4578/8682 [2:50:21<2:28:45,  2.17s/it]
 53%|█████▎    | 4579/8682 [2:50:23<2:33:59,  2.25s/it]
 53%|█████▎    | 4580/8682 [2:50:26<2:36:03,  2.28s/it]
 53%|█████▎    | 4581/8682 [2:50:28<2:37:01,  2.30s/it]
 53%|█████▎    | 4582/8682 [2:50:31<2:44:20,  2.40s/it]
 53%|█████▎    | 4583/8682 [2:50:33<2:44:58,  2.41s/it]
 53%|█████▎    | 4584/8682 [2:50:35<2:30:17,  2.20s/it]
 53%|█████▎    | 4585/8682 [2:50:37<2:29:13,  2.19s/it]
 53%|█████▎    | 4586/8682 [2:50:39<2:29:16,  2.19s/it]
 53%|█████▎    | 4587/8682 [2:50:42<2:31:29,  2.22s/it]
 53%|█████▎    | 4588/8682 [2:50:44<2:33:32,  2.25s/it]
 53%|█████▎    | 4589/8682 [2:50:47<2:45:28,  2.43s/it]
 53%|█████▎    | 4590/8682 [2:50:49<2:36:42,  2.30s/it]
 53%|█████▎    | 4591/8682 [2:50:51<2:28:33,  2.18s/it]
 53%|█████▎    | 4592/8682 [2:50:52<2:17:09,  2.01s/it]
 53%|█████▎    | 4593/8682 [2:50:54<2:17:05,  2.01s/it]
 53%|█████▎    | 4594/8682 [2:50:56<2:09:42,  1.90s/it]
 53%|█████▎    | 4595/8682 [2:50:59<2:31:50,  2.23s/it]
 53%|█████▎    | 4596/8682 [2:51:01<2:21:38,  2.08s/it]
 53%|█████▎    | 4597/8682 [2:51:03<2:33:04,  2.25s/it]
 53%|█████▎    | 4598/8682 [2:51:06<2:37:57,  2.32s/it]
 53%|█████▎    | 4599/8682 [2:51:08<2:33:34,  2.26s/it]
 53%|█████▎    | 4600/8682 [2:51:10<2:36:33,  2.30s/it]

{'loss': '1.137', 'grad_norm': '0.5794', 'learning_rate': '2.381e-05', 'epoch': '1.59'}

 53%|█████▎    | 4600/8682 [2:51:10<2:36:33,  2.30s/it]
 53%|█████▎    | 4601/8682 [2:51:12<2:30:19,  2.21s/it]
 53%|█████▎    | 4602/8682 [2:51:14<2:20:29,  2.07s/it]
 53%|█████▎    | 4603/8682 [2:51:16<2:23:36,  2.11s/it]
 53%|█████▎    | 4604/8682 [2:51:18<2:13:15,  1.96s/it]
 53%|█████▎    | 4605/8682 [2:51:20<2:18:16,  2.04s/it]
 53%|█████▎    | 4606/8682 [2:51:22<2:13:27,  1.96s/it]
 53%|█████▎    | 4607/8682 [2:51:24<2:17:18,  2.02s/it]
 53%|█████▎    | 4608/8682 [2:51:26<2:27:28,  2.17s/it]
 53%|█████▎    | 4609/8682 [2:51:29<2:26:51,  2.16s/it]
 53%|█████▎    | 4610/8682 [2:51:31<2:33:14,  2.26s/it]
 53%|█████▎    | 4611/8682 [2:51:34<2:47:49,  2.47s/it]
 53%|█████▎    | 4612/8682 [2:51:37<2:58:32,  2.63s/it]
 53%|█████▎    | 4613/8682 [2:51:40<2:55:32,  2.59s/it]
 53%|█████▎    | 4614/8682 [2:51:41<2:40:52,  2.37s/it]
 53%|█████▎    | 4615/8682 [2:51:44<2:41:51,  2.39s/it]
 53%|█████▎    | 4616/8682 [2:51:46<2:40:12,  2.36s/it]
 53%|█████▎    | 4617/8682 [2:51:49<2:43:56,  2.42s/it]
 53%|█████▎    | 4618/8682 [2:51:51<2:41:14,  2.38s/it]
 53%|█████▎    | 4619/8682 [2:51:53<2:27:18,  2.18s/it]
 53%|█████▎    | 4620/8682 [2:51:55<2:21:53,  2.10s/it]
 53%|█████▎    | 4621/8682 [2:51:57<2:22:55,  2.11s/it]
 53%|█████▎    | 4622/8682 [2:51:58<2:12:43,  1.96s/it]
 53%|█████▎    | 4623/8682 [2:52:01<2:20:57,  2.08s/it]
 53%|█████▎    | 4624/8682 [2:52:03<2:23:45,  2.13s/it]
 53%|█████▎    | 4625/8682 [2:52:06<2:36:20,  2.31s/it]
 53%|█████▎    | 4626/8682 [2:52:08<2:35:15,  2.30s/it]
 53%|█████▎    | 4627/8682 [2:52:10<2:33:54,  2.28s/it]
 53%|█████▎    | 4628/8682 [2:52:12<2:33:25,  2.27s/it]
 53%|█████▎    | 4629/8682 [2:52:14<2:23:02,  2.12s/it]
 53%|█████▎    | 4630/8682 [2:52:16<2:24:31,  2.14s/it]
 53%|█████▎    | 4631/8682 [2:52:19<2:27:35,  2.19s/it]
 53%|█████▎    | 4632/8682 [2:52:21<2:22:27,  2.11s/it]
 53%|█████▎    | 4633/8682 [2:52:23<2:23:12,  2.12s/it]
 53%|█████▎    | 4634/8682 [2:52:25<2:16:22,  2.02s/it]
 53%|█████▎    | 4635/8682 [2:52:27<2:23:39,  2.13s/it]
 53%|█████▎    | 4636/8682 [2:52:30<2:37:03,  2.33s/it]
 53%|█████▎    | 4637/8682 [2:52:32<2:39:40,  2.37s/it]
 53%|█████▎    | 4638/8682 [2:52:35<2:42:30,  2.41s/it]
 53%|█████▎    | 4639/8682 [2:52:37<2:42:57,  2.42s/it]
 53%|█████▎    | 4640/8682 [2:52:39<2:36:58,  2.33s/it]
 53%|█████▎    | 4641/8682 [2:52:42<2:44:21,  2.44s/it]
 53%|█████▎    | 4642/8682 [2:52:44<2:27:58,  2.20s/it]
 53%|█████▎    | 4643/8682 [2:52:45<2:14:57,  2.00s/it]
 53%|█████▎    | 4644/8682 [2:52:47<2:04:01,  1.84s/it]
 54%|█████▎    | 4645/8682 [2:52:49<2:16:14,  2.02s/it]
 54%|█████▎    | 4646/8682 [2:52:51<2:09:07,  1.92s/it]
 54%|█████▎    | 4647/8682 [2:52:53<2:16:20,  2.03s/it]
 54%|█████▎    | 4648/8682 [2:52:56<2:25:55,  2.17s/it]
 54%|█████▎    | 4649/8682 [2:52:58<2:31:05,  2.25s/it]
 54%|█████▎    | 4650/8682 [2:53:01<2:39:18,  2.37s/it]

{'loss': '1.11', 'grad_norm': '0.5431', 'learning_rate': '2.335e-05', 'epoch': '1.607'}

 54%|█████▎    | 4650/8682 [2:53:01<2:39:18,  2.37s/it]
 54%|█████▎    | 4651/8682 [2:53:03<2:31:43,  2.26s/it]
 54%|█████▎    | 4652/8682 [2:53:05<2:35:56,  2.32s/it]
 54%|█████▎    | 4653/8682 [2:53:07<2:33:28,  2.29s/it]
 54%|█████▎    | 4654/8682 [2:53:10<2:33:00,  2.28s/it]
 54%|█████▎    | 4655/8682 [2:53:11<2:21:53,  2.11s/it]
 54%|█████▎    | 4656/8682 [2:53:13<2:15:50,  2.02s/it]
 54%|█████▎    | 4657/8682 [2:53:16<2:26:04,  2.18s/it]
 54%|█████▎    | 4658/8682 [2:53:19<2:42:08,  2.42s/it]
 54%|█████▎    | 4659/8682 [2:53:21<2:39:15,  2.38s/it]
 54%|█████▎    | 4660/8682 [2:53:23<2:36:38,  2.34s/it]
 54%|█████▎    | 4661/8682 [2:53:25<2:20:52,  2.10s/it]
 54%|█████▎    | 4662/8682 [2:53:27<2:15:58,  2.03s/it]
 54%|█████▎    | 4663/8682 [2:53:29<2:23:39,  2.14s/it]
 54%|█████▎    | 4664/8682 [2:53:31<2:21:25,  2.11s/it]
 54%|█████▎    | 4665/8682 [2:53:34<2:28:56,  2.22s/it]
 54%|█████▎    | 4666/8682 [2:53:36<2:38:51,  2.37s/it]
 54%|█████▍    | 4667/8682 [2:53:38<2:32:12,  2.27s/it]
 54%|█████▍    | 4668/8682 [2:53:41<2:32:33,  2.28s/it]
 54%|█████▍    | 4669/8682 [2:53:43<2:39:18,  2.38s/it]
 54%|█████▍    | 4670/8682 [2:53:45<2:30:05,  2.24s/it]
 54%|█████▍    | 4671/8682 [2:53:47<2:29:04,  2.23s/it]
 54%|█████▍    | 4672/8682 [2:53:49<2:19:20,  2.08s/it]
 54%|█████▍    | 4673/8682 [2:53:51<2:23:22,  2.15s/it]
 54%|█████▍    | 4674/8682 [2:53:53<2:23:27,  2.15s/it]
 54%|█████▍    | 4675/8682 [2:53:56<2:23:03,  2.14s/it]
 54%|█████▍    | 4676/8682 [2:53:58<2:27:32,  2.21s/it]
 54%|█████▍    | 4677/8682 [2:54:00<2:20:35,  2.11s/it]
 54%|█████▍    | 4678/8682 [2:54:02<2:23:28,  2.15s/it]
 54%|█████▍    | 4679/8682 [2:54:04<2:18:59,  2.08s/it]
 54%|█████▍    | 4680/8682 [2:54:06<2:21:17,  2.12s/it]
 54%|█████▍    | 4681/8682 [2:54:08<2:23:39,  2.15s/it]
 54%|█████▍    | 4682/8682 [2:54:11<2:30:53,  2.26s/it]
 54%|█████▍    | 4683/8682 [2:54:13<2:34:14,  2.31s/it]
 54%|█████▍    | 4684/8682 [2:54:16<2:35:26,  2.33s/it]
 54%|█████▍    | 4685/8682 [2:54:18<2:34:30,  2.32s/it]
 54%|█████▍    | 4686/8682 [2:54:20<2:35:51,  2.34s/it]
 54%|█████▍    | 4687/8682 [2:54:23<2:33:04,  2.30s/it]
 54%|█████▍    | 4688/8682 [2:54:25<2:36:12,  2.35s/it]
 54%|█████▍    | 4689/8682 [2:54:27<2:21:26,  2.13s/it]
 54%|█████▍    | 4690/8682 [2:54:29<2:24:10,  2.17s/it]
 54%|█████▍    | 4691/8682 [2:54:32<2:31:59,  2.29s/it]
 54%|█████▍    | 4692/8682 [2:54:34<2:33:04,  2.30s/it]
 54%|█████▍    | 4693/8682 [2:54:36<2:38:04,  2.38s/it]
 54%|█████▍    | 4694/8682 [2:54:39<2:38:31,  2.39s/it]
 54%|█████▍    | 4695/8682 [2:54:41<2:38:25,  2.38s/it]
 54%|█████▍    | 4696/8682 [2:54:43<2:34:21,  2.32s/it]
 54%|█████▍    | 4697/8682 [2:54:45<2:24:55,  2.18s/it]
 54%|█████▍    | 4698/8682 [2:54:47<2:20:42,  2.12s/it]
 54%|█████▍    | 4699/8682 [2:54:49<2:18:53,  2.09s/it]
 54%|█████▍    | 4700/8682 [2:54:51<2:15:55,  2.05s/it]

{'loss': '1.126', 'grad_norm': '0.5804', 'learning_rate': '2.288e-05', 'epoch': '1.624'}

 54%|█████▍    | 4700/8682 [2:54:51<2:15:55,  2.05s/it]
 54%|█████▍    | 4701/8682 [2:54:53<2:18:55,  2.09s/it]
 54%|█████▍    | 4702/8682 [2:54:56<2:21:01,  2.13s/it]
 54%|█████▍    | 4703/8682 [2:54:58<2:16:06,  2.05s/it]
 54%|█████▍    | 4704/8682 [2:55:00<2:16:18,  2.06s/it]
 54%|█████▍    | 4705/8682 [2:55:02<2:21:34,  2.14s/it]
 54%|█████▍    | 4706/8682 [2:55:04<2:25:42,  2.20s/it]
 54%|█████▍    | 4707/8682 [2:55:07<2:27:34,  2.23s/it]
 54%|█████▍    | 4708/8682 [2:55:09<2:25:39,  2.20s/it]
 54%|█████▍    | 4709/8682 [2:55:10<2:16:37,  2.06s/it]
 54%|█████▍    | 4710/8682 [2:55:13<2:23:55,  2.17s/it]
 54%|█████▍    | 4711/8682 [2:55:14<2:13:09,  2.01s/it]
 54%|█████▍    | 4712/8682 [2:55:16<2:07:00,  1.92s/it]
 54%|█████▍    | 4713/8682 [2:55:18<2:07:26,  1.93s/it]
 54%|█████▍    | 4714/8682 [2:55:20<2:09:00,  1.95s/it]
 54%|█████▍    | 4715/8682 [2:55:22<2:04:58,  1.89s/it]
 54%|█████▍    | 4716/8682 [2:55:24<2:07:10,  1.92s/it]
 54%|█████▍    | 4717/8682 [2:55:26<2:12:38,  2.01s/it]
 54%|█████▍    | 4718/8682 [2:55:29<2:21:18,  2.14s/it]
 54%|█████▍    | 4719/8682 [2:55:30<2:14:39,  2.04s/it]
 54%|█████▍    | 4720/8682 [2:55:32<2:08:47,  1.95s/it]
 54%|█████▍    | 4721/8682 [2:55:34<2:13:51,  2.03s/it]
 54%|█████▍    | 4722/8682 [2:55:37<2:22:07,  2.15s/it]
 54%|█████▍    | 4723/8682 [2:55:39<2:18:06,  2.09s/it]
 54%|█████▍    | 4724/8682 [2:55:41<2:13:24,  2.02s/it]
 54%|█████▍    | 4725/8682 [2:55:43<2:21:28,  2.15s/it]
 54%|█████▍    | 4726/8682 [2:55:45<2:13:14,  2.02s/it]
 54%|█████▍    | 4727/8682 [2:55:47<2:15:02,  2.05s/it]
 54%|█████▍    | 4728/8682 [2:55:49<2:16:28,  2.07s/it]
 54%|█████▍    | 4729/8682 [2:55:51<2:24:41,  2.20s/it]
 54%|█████▍    | 4730/8682 [2:55:53<2:16:58,  2.08s/it]
 54%|█████▍    | 4731/8682 [2:55:55<2:13:09,  2.02s/it]
 55%|█████▍    | 4732/8682 [2:55:57<2:09:32,  1.97s/it]
 55%|█████▍    | 4733/8682 [2:55:59<2:04:48,  1.90s/it]
 55%|█████▍    | 4734/8682 [2:56:01<2:07:45,  1.94s/it]
 55%|█████▍    | 4735/8682 [2:56:04<2:24:48,  2.20s/it]
 55%|█████▍    | 4736/8682 [2:56:06<2:28:13,  2.25s/it]
 55%|█████▍    | 4737/8682 [2:56:08<2:24:01,  2.19s/it]
 55%|█████▍    | 4738/8682 [2:56:10<2:23:35,  2.18s/it]
 55%|█████▍    | 4739/8682 [2:56:12<2:13:51,  2.04s/it]
 55%|█████▍    | 4740/8682 [2:56:14<2:21:53,  2.16s/it]
 55%|█████▍    | 4741/8682 [2:56:17<2:29:44,  2.28s/it]
 55%|█████▍    | 4742/8682 [2:56:19<2:29:41,  2.28s/it]
 55%|█████▍    | 4743/8682 [2:56:22<2:32:42,  2.33s/it]
 55%|█████▍    | 4744/8682 [2:56:23<2:20:46,  2.14s/it]
 55%|█████▍    | 4745/8682 [2:56:25<2:20:22,  2.14s/it]
 55%|█████▍    | 4746/8682 [2:56:28<2:20:10,  2.14s/it]
 55%|█████▍    | 4747/8682 [2:56:30<2:24:36,  2.20s/it]
 55%|█████▍    | 4748/8682 [2:56:32<2:13:43,  2.04s/it]
 55%|█████▍    | 4749/8682 [2:56:34<2:28:37,  2.27s/it]
 55%|█████▍    | 4750/8682 [2:56:37<2:27:03,  2.24s/it]

{'loss': '1.118', 'grad_norm': '0.6317', 'learning_rate': '2.242e-05', 'epoch': '1.641'}

 55%|█████▍    | 4750/8682 [2:56:37<2:27:03,  2.24s/it]
 55%|█████▍    | 4751/8682 [2:56:39<2:28:36,  2.27s/it]
 55%|█████▍    | 4752/8682 [2:56:41<2:33:21,  2.34s/it]
 55%|█████▍    | 4753/8682 [2:56:43<2:28:38,  2.27s/it]
 55%|█████▍    | 4754/8682 [2:56:45<2:22:56,  2.18s/it]
 55%|█████▍    | 4755/8682 [2:56:47<2:17:04,  2.09s/it]
 55%|█████▍    | 4756/8682 [2:56:49<2:17:47,  2.11s/it]
 55%|█████▍    | 4757/8682 [2:56:52<2:35:27,  2.38s/it]
 55%|█████▍    | 4758/8682 [2:56:54<2:20:22,  2.15s/it]
 55%|█████▍    | 4759/8682 [2:56:56<2:12:30,  2.03s/it]
 55%|█████▍    | 4760/8682 [2:56:58<2:11:07,  2.01s/it]
 55%|█████▍    | 4761/8682 [2:56:59<2:04:35,  1.91s/it]
 55%|█████▍    | 4762/8682 [2:57:02<2:13:30,  2.04s/it]
 55%|█████▍    | 4763/8682 [2:57:05<2:28:41,  2.28s/it]
 55%|█████▍    | 4764/8682 [2:57:07<2:34:00,  2.36s/it]
 55%|█████▍    | 4765/8682 [2:57:09<2:21:29,  2.17s/it]
 55%|█████▍    | 4766/8682 [2:57:11<2:10:42,  2.00s/it]
 55%|█████▍    | 4767/8682 [2:57:13<2:12:59,  2.04s/it]
 55%|█████▍    | 4768/8682 [2:57:15<2:16:06,  2.09s/it]
 55%|█████▍    | 4769/8682 [2:57:17<2:13:28,  2.05s/it]
 55%|█████▍    | 4770/8682 [2:57:19<2:20:10,  2.15s/it]
 55%|█████▍    | 4771/8682 [2:57:22<2:26:36,  2.25s/it]
 55%|█████▍    | 4772/8682 [2:57:25<2:39:36,  2.45s/it]
 55%|█████▍    | 4773/8682 [2:57:28<2:50:32,  2.62s/it]
 55%|█████▍    | 4774/8682 [2:57:30<2:54:33,  2.68s/it]
 55%|█████▍    | 4775/8682 [2:57:33<2:44:15,  2.52s/it]
 55%|█████▌    | 4776/8682 [2:57:35<2:43:44,  2.52s/it]
 55%|█████▌    | 4777/8682 [2:57:38<2:44:53,  2.53s/it]
 55%|█████▌    | 4778/8682 [2:57:39<2:27:29,  2.27s/it]
 55%|█████▌    | 4779/8682 [2:57:42<2:26:53,  2.26s/it]
 55%|█████▌    | 4780/8682 [2:57:44<2:38:38,  2.44s/it]
 55%|█████▌    | 4781/8682 [2:57:47<2:39:07,  2.45s/it]
 55%|█████▌    | 4782/8682 [2:57:49<2:25:27,  2.24s/it]
 55%|█████▌    | 4783/8682 [2:57:50<2:13:49,  2.06s/it]
 55%|█████▌    | 4784/8682 [2:57:53<2:22:04,  2.19s/it]
 55%|█████▌    | 4785/8682 [2:57:55<2:29:10,  2.30s/it]
 55%|█████▌    | 4786/8682 [2:57:57<2:23:32,  2.21s/it]
 55%|█████▌    | 4787/8682 [2:58:00<2:25:20,  2.24s/it]
 55%|█████▌    | 4788/8682 [2:58:02<2:28:05,  2.28s/it]
 55%|█████▌    | 4789/8682 [2:58:04<2:16:59,  2.11s/it]
 55%|█████▌    | 4790/8682 [2:58:06<2:26:45,  2.26s/it]
 55%|█████▌    | 4791/8682 [2:58:09<2:30:53,  2.33s/it]
 55%|█████▌    | 4792/8682 [2:58:11<2:19:36,  2.15s/it]
 55%|█████▌    | 4793/8682 [2:58:13<2:24:39,  2.23s/it]
 55%|█████▌    | 4794/8682 [2:58:15<2:14:36,  2.08s/it]
 55%|█████▌    | 4795/8682 [2:58:17<2:10:51,  2.02s/it]
 55%|█████▌    | 4796/8682 [2:58:19<2:16:12,  2.10s/it]
 55%|█████▌    | 4797/8682 [2:58:21<2:09:01,  1.99s/it]
 55%|█████▌    | 4798/8682 [2:58:22<1:59:06,  1.84s/it]
 55%|█████▌    | 4799/8682 [2:58:24<2:06:20,  1.95s/it]
 55%|█████▌    | 4800/8682 [2:58:26<2:01:29,  1.88s/it]

{'loss': '1.1', 'grad_norm': '0.5736', 'learning_rate': '2.195e-05', 'epoch': '1.659'}

 55%|█████▌    | 4800/8682 [2:58:26<2:01:29,  1.88s/it]
 55%|█████▌    | 4801/8682 [2:58:28<2:09:17,  2.00s/it]
 55%|█████▌    | 4802/8682 [2:58:31<2:15:43,  2.10s/it]
 55%|█████▌    | 4803/8682 [2:58:33<2:19:10,  2.15s/it]
 55%|█████▌    | 4804/8682 [2:58:35<2:10:37,  2.02s/it]
 55%|█████▌    | 4805/8682 [2:58:37<2:12:07,  2.04s/it]
 55%|█████▌    | 4806/8682 [2:58:39<2:09:27,  2.00s/it]
 55%|█████▌    | 4807/8682 [2:58:41<2:08:41,  1.99s/it]
 55%|█████▌    | 4808/8682 [2:58:43<2:14:00,  2.08s/it]
 55%|█████▌    | 4809/8682 [2:58:45<2:17:47,  2.13s/it]
 55%|█████▌    | 4810/8682 [2:58:47<2:10:06,  2.02s/it]
 55%|█████▌    | 4811/8682 [2:58:49<2:15:48,  2.10s/it]
 55%|█████▌    | 4812/8682 [2:58:51<2:07:48,  1.98s/it]
 55%|█████▌    | 4813/8682 [2:58:53<2:08:36,  1.99s/it]
 55%|█████▌    | 4814/8682 [2:58:55<2:12:55,  2.06s/it]
 55%|█████▌    | 4815/8682 [2:58:57<2:05:59,  1.95s/it]
 55%|█████▌    | 4816/8682 [2:58:59<2:09:17,  2.01s/it]
 55%|█████▌    | 4817/8682 [2:59:01<2:17:09,  2.13s/it]
 55%|█████▌    | 4818/8682 [2:59:03<2:10:06,  2.02s/it]
 56%|█████▌    | 4819/8682 [2:59:05<2:03:36,  1.92s/it]
 56%|█████▌    | 4820/8682 [2:59:08<2:21:33,  2.20s/it]
 56%|█████▌    | 4821/8682 [2:59:10<2:25:51,  2.27s/it]
 56%|█████▌    | 4822/8682 [2:59:12<2:22:45,  2.22s/it]
 56%|█████▌    | 4823/8682 [2:59:14<2:19:21,  2.17s/it]
 56%|█████▌    | 4824/8682 [2:59:17<2:21:16,  2.20s/it]
 56%|█████▌    | 4825/8682 [2:59:19<2:19:47,  2.17s/it]
 56%|█████▌    | 4826/8682 [2:59:20<2:11:16,  2.04s/it]
 56%|█████▌    | 4827/8682 [2:59:23<2:29:51,  2.33s/it]
 56%|█████▌    | 4828/8682 [2:59:26<2:33:07,  2.38s/it]
 56%|█████▌    | 4829/8682 [2:59:28<2:26:33,  2.28s/it]
 56%|█████▌    | 4830/8682 [2:59:30<2:26:53,  2.29s/it]
 56%|█████▌    | 4831/8682 [2:59:33<2:26:12,  2.28s/it]
 56%|█████▌    | 4832/8682 [2:59:34<2:16:14,  2.12s/it]
 56%|█████▌    | 4833/8682 [2:59:36<2:17:17,  2.14s/it]
 56%|█████▌    | 4834/8682 [2:59:39<2:22:54,  2.23s/it]
 56%|█████▌    | 4835/8682 [2:59:41<2:29:46,  2.34s/it]
 56%|█████▌    | 4836/8682 [2:59:43<2:22:37,  2.23s/it]
 56%|█████▌    | 4837/8682 [2:59:46<2:25:15,  2.27s/it]
 56%|█████▌    | 4838/8682 [2:59:48<2:23:18,  2.24s/it]
 56%|█████▌    | 4839/8682 [2:59:50<2:28:47,  2.32s/it]
 56%|█████▌    | 4840/8682 [2:59:52<2:16:41,  2.13s/it]
 56%|█████▌    | 4841/8682 [2:59:54<2:10:15,  2.03s/it]
 56%|█████▌    | 4842/8682 [2:59:56<2:05:32,  1.96s/it]
 56%|█████▌    | 4843/8682 [2:59:58<2:09:39,  2.03s/it]
 56%|█████▌    | 4844/8682 [3:00:00<2:01:33,  1.90s/it]
 56%|█████▌    | 4845/8682 [3:00:01<1:59:58,  1.88s/it]
 56%|█████▌    | 4846/8682 [3:00:04<2:08:46,  2.01s/it]
 56%|█████▌    | 4847/8682 [3:00:06<2:16:38,  2.14s/it]
 56%|█████▌    | 4848/8682 [3:00:08<2:11:32,  2.06s/it]
 56%|█████▌    | 4849/8682 [3:00:10<2:05:09,  1.96s/it]
 56%|█████▌    | 4850/8682 [3:00:11<1:58:31,  1.86s/it]

{'loss': '1.092', 'grad_norm': '0.5713', 'learning_rate': '2.149e-05', 'epoch': '1.676'}

 56%|█████▌    | 4850/8682 [3:00:11<1:58:31,  1.86s/it]
 56%|█████▌    | 4851/8682 [3:00:13<1:57:51,  1.85s/it]
 56%|█████▌    | 4852/8682 [3:00:15<1:59:34,  1.87s/it]
 56%|█████▌    | 4853/8682 [3:00:17<2:08:21,  2.01s/it]
 56%|█████▌    | 4854/8682 [3:00:20<2:17:28,  2.15s/it]
 56%|█████▌    | 4855/8682 [3:00:21<2:05:44,  1.97s/it]
 56%|█████▌    | 4856/8682 [3:00:23<2:01:39,  1.91s/it]
 56%|█████▌    | 4857/8682 [3:00:25<1:59:34,  1.88s/it]
 56%|█████▌    | 4858/8682 [3:00:27<1:57:45,  1.85s/it]
 56%|█████▌    | 4859/8682 [3:00:29<2:05:57,  1.98s/it]
 56%|█████▌    | 4860/8682 [3:00:31<2:11:43,  2.07s/it]
 56%|█████▌    | 4861/8682 [3:00:33<2:11:40,  2.07s/it]
 56%|█████▌    | 4862/8682 [3:00:35<2:05:50,  1.98s/it]
 56%|█████▌    | 4863/8682 [3:00:38<2:20:51,  2.21s/it]
 56%|█████▌    | 4864/8682 [3:00:40<2:14:31,  2.11s/it]
 56%|█████▌    | 4865/8682 [3:00:42<2:11:06,  2.06s/it]
 56%|█████▌    | 4866/8682 [3:00:43<2:01:18,  1.91s/it]
 56%|█████▌    | 4867/8682 [3:00:46<2:10:54,  2.06s/it]
 56%|█████▌    | 4868/8682 [3:00:48<2:07:10,  2.00s/it]
 56%|█████▌    | 4869/8682 [3:00:50<2:13:02,  2.09s/it]
 56%|█████▌    | 4870/8682 [3:00:52<2:19:05,  2.19s/it]
 56%|█████▌    | 4871/8682 [3:00:55<2:24:58,  2.28s/it]
 56%|█████▌    | 4872/8682 [3:00:57<2:12:56,  2.09s/it]
 56%|█████▌    | 4873/8682 [3:00:59<2:12:29,  2.09s/it]
 56%|█████▌    | 4874/8682 [3:01:01<2:14:24,  2.12s/it]
 56%|█████▌    | 4875/8682 [3:01:03<2:10:42,  2.06s/it]
 56%|█████▌    | 4876/8682 [3:01:05<2:17:29,  2.17s/it]
 56%|█████▌    | 4877/8682 [3:01:07<2:16:34,  2.15s/it]
 56%|█████▌    | 4878/8682 [3:01:09<2:15:05,  2.13s/it]
 56%|█████▌    | 4879/8682 [3:01:12<2:18:56,  2.19s/it]
 56%|█████▌    | 4880/8682 [3:01:13<2:10:34,  2.06s/it]
 56%|█████▌    | 4881/8682 [3:01:15<2:10:16,  2.06s/it]
 56%|█████▌    | 4882/8682 [3:01:17<2:02:00,  1.93s/it]
 56%|█████▌    | 4883/8682 [3:01:19<1:56:21,  1.84s/it]
 56%|█████▋    | 4884/8682 [3:01:21<2:01:22,  1.92s/it]
 56%|█████▋    | 4885/8682 [3:01:22<1:55:19,  1.82s/it]
 56%|█████▋    | 4886/8682 [3:01:24<2:00:06,  1.90s/it]
 56%|█████▋    | 4887/8682 [3:01:27<2:08:20,  2.03s/it]
 56%|█████▋    | 4888/8682 [3:01:29<2:04:48,  1.97s/it]
 56%|█████▋    | 4889/8682 [3:01:31<2:03:34,  1.95s/it]
 56%|█████▋    | 4890/8682 [3:01:33<2:11:57,  2.09s/it]
 56%|█████▋    | 4891/8682 [3:01:36<2:21:25,  2.24s/it]
 56%|█████▋    | 4892/8682 [3:01:37<2:15:07,  2.14s/it]
 56%|█████▋    | 4893/8682 [3:01:40<2:21:21,  2.24s/it]
 56%|█████▋    | 4894/8682 [3:01:42<2:10:22,  2.07s/it]
 56%|█████▋    | 4895/8682 [3:01:43<2:06:18,  2.00s/it]
 56%|█████▋    | 4896/8682 [3:01:46<2:13:46,  2.12s/it]
 56%|█████▋    | 4897/8682 [3:01:48<2:20:36,  2.23s/it]
 56%|█████▋    | 4898/8682 [3:01:51<2:19:43,  2.22s/it]
 56%|█████▋    | 4899/8682 [3:01:53<2:30:20,  2.38s/it]
 56%|█████▋    | 4900/8682 [3:01:56<2:31:37,  2.41s/it]

{'loss': '1.095', 'grad_norm': '0.5495', 'learning_rate': '2.103e-05', 'epoch': '1.693'}

 56%|█████▋    | 4900/8682 [3:01:56<2:31:37,  2.41s/it]
 56%|█████▋    | 4901/8682 [3:01:58<2:37:31,  2.50s/it]
 56%|█████▋    | 4902/8682 [3:02:00<2:22:13,  2.26s/it]
 56%|█████▋    | 4903/8682 [3:02:02<2:12:50,  2.11s/it]
 56%|█████▋    | 4904/8682 [3:02:04<2:04:54,  1.98s/it]
 56%|█████▋    | 4905/8682 [3:02:05<1:57:26,  1.87s/it]
 57%|█████▋    | 4906/8682 [3:02:08<2:05:45,  2.00s/it]
 57%|█████▋    | 4907/8682 [3:02:10<2:15:48,  2.16s/it]
 57%|█████▋    | 4908/8682 [3:02:12<2:11:46,  2.09s/it]
 57%|█████▋    | 4909/8682 [3:02:14<2:09:36,  2.06s/it]
 57%|█████▋    | 4910/8682 [3:02:16<2:14:33,  2.14s/it]
 57%|█████▋    | 4911/8682 [3:02:19<2:19:22,  2.22s/it]
 57%|█████▋    | 4912/8682 [3:02:21<2:11:41,  2.10s/it]
 57%|█████▋    | 4913/8682 [3:02:22<2:05:13,  1.99s/it]
 57%|█████▋    | 4914/8682 [3:02:24<2:01:53,  1.94s/it]
 57%|█████▋    | 4915/8682 [3:02:26<2:03:03,  1.96s/it]
 57%|█████▋    | 4916/8682 [3:02:28<1:56:25,  1.85s/it]
 57%|█████▋    | 4917/8682 [3:02:30<2:00:49,  1.93s/it]
 57%|█████▋    | 4918/8682 [3:02:32<2:07:03,  2.03s/it]
 57%|█████▋    | 4919/8682 [3:02:35<2:21:17,  2.25s/it]
 57%|█████▋    | 4920/8682 [3:02:37<2:22:53,  2.28s/it]
 57%|█████▋    | 4921/8682 [3:02:39<2:21:25,  2.26s/it]
 57%|█████▋    | 4922/8682 [3:02:42<2:20:39,  2.24s/it]
 57%|█████▋    | 4923/8682 [3:02:44<2:30:03,  2.40s/it]
 57%|█████▋    | 4924/8682 [3:02:46<2:18:24,  2.21s/it]
 57%|█████▋    | 4925/8682 [3:02:49<2:28:52,  2.38s/it]
 57%|█████▋    | 4926/8682 [3:02:50<2:13:05,  2.13s/it]
 57%|█████▋    | 4927/8682 [3:02:52<2:08:12,  2.05s/it]
 57%|█████▋    | 4928/8682 [3:02:55<2:26:00,  2.33s/it]
 57%|█████▋    | 4929/8682 [3:02:57<2:13:39,  2.14s/it]
 57%|█████▋    | 4930/8682 [3:02:59<2:08:54,  2.06s/it]
 57%|█████▋    | 4931/8682 [3:03:01<2:14:09,  2.15s/it]
 57%|█████▋    | 4932/8682 [3:03:03<2:14:31,  2.15s/it]
 57%|█████▋    | 4933/8682 [3:03:06<2:17:03,  2.19s/it]
 57%|█████▋    | 4934/8682 [3:03:08<2:14:16,  2.15s/it]
 57%|█████▋    | 4935/8682 [3:03:10<2:19:25,  2.23s/it]
 57%|█████▋    | 4936/8682 [3:03:12<2:10:02,  2.08s/it]
 57%|█████▋    | 4937/8682 [3:03:14<2:13:00,  2.13s/it]
 57%|█████▋    | 4938/8682 [3:03:17<2:18:14,  2.22s/it]
 57%|█████▋    | 4939/8682 [3:03:18<2:11:44,  2.11s/it]
 57%|█████▋    | 4940/8682 [3:03:21<2:16:46,  2.19s/it]
 57%|█████▋    | 4941/8682 [3:03:23<2:18:21,  2.22s/it]
 57%|█████▋    | 4942/8682 [3:03:25<2:19:28,  2.24s/it]
 57%|█████▋    | 4943/8682 [3:03:27<2:10:09,  2.09s/it]
 57%|█████▋    | 4944/8682 [3:03:30<2:24:19,  2.32s/it]
 57%|█████▋    | 4945/8682 [3:03:32<2:15:00,  2.17s/it]
 57%|█████▋    | 4946/8682 [3:03:34<2:16:09,  2.19s/it]
 57%|█████▋    | 4947/8682 [3:03:36<2:05:57,  2.02s/it]
 57%|█████▋    | 4948/8682 [3:03:38<2:12:34,  2.13s/it]
 57%|█████▋    | 4949/8682 [3:03:41<2:21:05,  2.27s/it]
 57%|█████▋    | 4950/8682 [3:03:42<2:10:01,  2.09s/it]

{'loss': '1.088', 'grad_norm': '0.4688', 'learning_rate': '2.057e-05', 'epoch': '1.711'}

 57%|█████▋    | 4950/8682 [3:03:42<2:10:01,  2.09s/it]
 57%|█████▋    | 4951/8682 [3:03:45<2:20:26,  2.26s/it]
 57%|█████▋    | 4952/8682 [3:03:47<2:26:18,  2.35s/it]
 57%|█████▋    | 4953/8682 [3:03:50<2:28:05,  2.38s/it]
 57%|█████▋    | 4954/8682 [3:03:52<2:27:04,  2.37s/it]
 57%|█████▋    | 4955/8682 [3:03:55<2:28:11,  2.39s/it]
 57%|█████▋    | 4956/8682 [3:03:57<2:22:27,  2.29s/it]
 57%|█████▋    | 4957/8682 [3:04:00<2:30:51,  2.43s/it]
 57%|█████▋    | 4958/8682 [3:04:02<2:26:55,  2.37s/it]
 57%|█████▋    | 4959/8682 [3:04:05<2:38:18,  2.55s/it]
 57%|█████▋    | 4960/8682 [3:04:07<2:32:00,  2.45s/it]
 57%|█████▋    | 4961/8682 [3:04:09<2:26:27,  2.36s/it]
 57%|█████▋    | 4962/8682 [3:04:11<2:13:26,  2.15s/it]
 57%|█████▋    | 4963/8682 [3:04:12<2:01:54,  1.97s/it]
 57%|█████▋    | 4964/8682 [3:04:14<2:01:41,  1.96s/it]
 57%|█████▋    | 4965/8682 [3:04:16<1:56:59,  1.89s/it]
 57%|█████▋    | 4966/8682 [3:04:18<1:53:52,  1.84s/it]
 57%|█████▋    | 4967/8682 [3:04:19<1:50:30,  1.78s/it]
 57%|█████▋    | 4968/8682 [3:04:21<1:56:32,  1.88s/it]
 57%|█████▋    | 4969/8682 [3:04:24<2:16:45,  2.21s/it]
 57%|█████▋    | 4970/8682 [3:04:27<2:17:05,  2.22s/it]
 57%|█████▋    | 4971/8682 [3:04:28<2:06:36,  2.05s/it]
 57%|█████▋    | 4972/8682 [3:04:30<1:58:41,  1.92s/it]
 57%|█████▋    | 4973/8682 [3:04:32<1:57:18,  1.90s/it]
 57%|█████▋    | 4974/8682 [3:04:34<2:03:15,  1.99s/it]
 57%|█████▋    | 4975/8682 [3:04:36<2:09:29,  2.10s/it]
 57%|█████▋    | 4976/8682 [3:04:39<2:13:26,  2.16s/it]
 57%|█████▋    | 4977/8682 [3:04:41<2:15:42,  2.20s/it]
 57%|█████▋    | 4978/8682 [3:04:44<2:25:03,  2.35s/it]
 57%|█████▋    | 4979/8682 [3:04:46<2:26:39,  2.38s/it]
 57%|█████▋    | 4980/8682 [3:04:48<2:22:02,  2.30s/it]
 57%|█████▋    | 4981/8682 [3:04:50<2:20:37,  2.28s/it]
 57%|█████▋    | 4982/8682 [3:04:53<2:22:57,  2.32s/it]
 57%|█████▋    | 4983/8682 [3:04:54<2:09:08,  2.09s/it]
 57%|█████▋    | 4984/8682 [3:04:57<2:14:01,  2.17s/it]
 57%|█████▋    | 4985/8682 [3:04:59<2:15:15,  2.20s/it]
 57%|█████▋    | 4986/8682 [3:05:01<2:13:19,  2.16s/it]
 57%|█████▋    | 4987/8682 [3:05:03<2:05:26,  2.04s/it]
 57%|█████▋    | 4988/8682 [3:05:05<2:12:11,  2.15s/it]
 57%|█████▋    | 4989/8682 [3:05:07<2:08:33,  2.09s/it]
 57%|█████▋    | 4990/8682 [3:05:10<2:21:56,  2.31s/it]
 57%|█████▋    | 4991/8682 [3:05:12<2:24:30,  2.35s/it]
 57%|█████▋    | 4992/8682 [3:05:14<2:10:27,  2.12s/it]
 58%|█████▊    | 4993/8682 [3:05:16<2:04:52,  2.03s/it]
 58%|█████▊    | 4994/8682 [3:05:18<2:09:09,  2.10s/it]
 58%|█████▊    | 4995/8682 [3:05:21<2:26:03,  2.38s/it]
 58%|█████▊    | 4996/8682 [3:05:24<2:33:09,  2.49s/it]
 58%|█████▊    | 4997/8682 [3:05:26<2:31:24,  2.47s/it]
 58%|█████▊    | 4998/8682 [3:05:28<2:19:29,  2.27s/it]
 58%|█████▊    | 4999/8682 [3:05:31<2:22:18,  2.32s/it]
 58%|█████▊    | 5000/8682 [3:05:33<2:24:58,  2.36s/it]

{'loss': '1.077', 'grad_norm': '0.5209', 'learning_rate': '2.011e-05', 'epoch': '1.728'}

 58%|█████▊    | 5000/8682 [3:05:33<2:24:58,  2.36s/it]
 58%|█████▊    | 5001/8682 [3:05:35<2:15:37,  2.21s/it]
 58%|█████▊    | 5002/8682 [3:05:37<2:16:49,  2.23s/it]
 58%|█████▊    | 5003/8682 [3:05:39<2:06:04,  2.06s/it]
 58%|█████▊    | 5004/8682 [3:05:42<2:18:13,  2.25s/it]
 58%|█████▊    | 5005/8682 [3:05:44<2:19:11,  2.27s/it]
 58%|█████▊    | 5006/8682 [3:05:45<2:07:25,  2.08s/it]
 58%|█████▊    | 5007/8682 [3:05:48<2:14:55,  2.20s/it]
 58%|█████▊    | 5008/8682 [3:05:51<2:23:27,  2.34s/it]
 58%|█████▊    | 5009/8682 [3:05:53<2:21:48,  2.32s/it]
 58%|█████▊    | 5010/8682 [3:05:55<2:24:18,  2.36s/it]
 58%|█████▊    | 5011/8682 [3:05:58<2:23:36,  2.35s/it]
 58%|█████▊    | 5012/8682 [3:05:59<2:10:25,  2.13s/it]
 58%|█████▊    | 5013/8682 [3:06:01<2:01:08,  1.98s/it]
 58%|█████▊    | 5014/8682 [3:06:03<1:54:08,  1.87s/it]
 58%|█████▊    | 5015/8682 [3:06:05<2:02:58,  2.01s/it]
 58%|█████▊    | 5016/8682 [3:06:07<2:07:02,  2.08s/it]
 58%|█████▊    | 5017/8682 [3:06:10<2:23:12,  2.34s/it]
 58%|█████▊    | 5018/8682 [3:06:12<2:17:07,  2.25s/it]
 58%|█████▊    | 5019/8682 [3:06:14<2:12:39,  2.17s/it]
 58%|█████▊    | 5020/8682 [3:06:16<2:08:12,  2.10s/it]
 58%|█████▊    | 5021/8682 [3:06:18<2:03:37,  2.03s/it]
 58%|█████▊    | 5022/8682 [3:06:20<2:09:19,  2.12s/it]
 58%|█████▊    | 5023/8682 [3:06:23<2:13:11,  2.18s/it]
 58%|█████▊    | 5024/8682 [3:06:25<2:12:39,  2.18s/it]
 58%|█████▊    | 5025/8682 [3:06:26<2:05:04,  2.05s/it]
 58%|█████▊    | 5026/8682 [3:06:29<2:05:08,  2.05s/it]
 58%|█████▊    | 5027/8682 [3:06:30<2:00:24,  1.98s/it]
 58%|█████▊    | 5028/8682 [3:06:33<2:07:23,  2.09s/it]
 58%|█████▊    | 5029/8682 [3:06:35<2:13:53,  2.20s/it]
 58%|█████▊    | 5030/8682 [3:06:37<2:15:54,  2.23s/it]
 58%|█████▊    | 5031/8682 [3:06:41<2:31:14,  2.49s/it]
 58%|█████▊    | 5032/8682 [3:06:42<2:19:24,  2.29s/it]
 58%|█████▊    | 5033/8682 [3:06:45<2:17:40,  2.26s/it]
 58%|█████▊    | 5034/8682 [3:06:47<2:18:30,  2.28s/it]
 58%|█████▊    | 5035/8682 [3:06:49<2:09:31,  2.13s/it]
 58%|█████▊    | 5036/8682 [3:06:50<2:01:49,  2.00s/it]
 58%|█████▊    | 5037/8682 [3:06:53<2:07:09,  2.09s/it]
 58%|█████▊    | 5038/8682 [3:06:54<1:57:39,  1.94s/it]
 58%|█████▊    | 5039/8682 [3:06:56<2:00:35,  1.99s/it]
 58%|█████▊    | 5040/8682 [3:06:58<1:58:02,  1.94s/it]
 58%|█████▊    | 5041/8682 [3:07:00<1:53:55,  1.88s/it]
 58%|█████▊    | 5042/8682 [3:07:02<2:03:51,  2.04s/it]
 58%|█████▊    | 5043/8682 [3:07:05<2:09:17,  2.13s/it]
 58%|█████▊    | 5044/8682 [3:07:07<2:07:15,  2.10s/it]
 58%|█████▊    | 5045/8682 [3:07:09<2:17:56,  2.28s/it]
 58%|█████▊    | 5046/8682 [3:07:12<2:22:40,  2.35s/it]
 58%|█████▊    | 5047/8682 [3:07:14<2:19:59,  2.31s/it]
 58%|█████▊    | 5048/8682 [3:07:17<2:23:17,  2.37s/it]
 58%|█████▊    | 5049/8682 [3:07:18<2:10:28,  2.15s/it]
 58%|█████▊    | 5050/8682 [3:07:20<2:08:52,  2.13s/it]

{'loss': '1.064', 'grad_norm': '0.5302', 'learning_rate': '1.966e-05', 'epoch': '1.745'}

 58%|█████▊    | 5050/8682 [3:07:20<2:08:52,  2.13s/it]
 58%|█████▊    | 5051/8682 [3:07:23<2:11:11,  2.17s/it]
 58%|█████▊    | 5052/8682 [3:07:24<2:05:26,  2.07s/it]
 58%|█████▊    | 5053/8682 [3:07:27<2:10:04,  2.15s/it]
 58%|█████▊    | 5054/8682 [3:07:29<2:08:05,  2.12s/it]
 58%|█████▊    | 5055/8682 [3:07:30<1:57:20,  1.94s/it]
 58%|█████▊    | 5056/8682 [3:07:33<2:09:07,  2.14s/it]
 58%|█████▊    | 5057/8682 [3:07:35<2:13:37,  2.21s/it]
 58%|█████▊    | 5058/8682 [3:07:37<2:09:03,  2.14s/it]
 58%|█████▊    | 5059/8682 [3:07:40<2:12:37,  2.20s/it]
 58%|█████▊    | 5060/8682 [3:07:42<2:14:43,  2.23s/it]
 58%|█████▊    | 5061/8682 [3:07:45<2:28:42,  2.46s/it]
 58%|█████▊    | 5062/8682 [3:07:48<2:33:43,  2.55s/it]
 58%|█████▊    | 5063/8682 [3:07:51<2:42:31,  2.69s/it]
 58%|█████▊    | 5064/8682 [3:07:53<2:38:32,  2.63s/it]
 58%|█████▊    | 5065/8682 [3:07:56<2:33:46,  2.55s/it]
 58%|█████▊    | 5066/8682 [3:07:58<2:23:38,  2.38s/it]
 58%|█████▊    | 5067/8682 [3:07:59<2:11:45,  2.19s/it]
 58%|█████▊    | 5068/8682 [3:08:01<2:00:41,  2.00s/it]
 58%|█████▊    | 5069/8682 [3:08:03<1:57:58,  1.96s/it]
 58%|█████▊    | 5070/8682 [3:08:05<1:58:07,  1.96s/it]
 58%|█████▊    | 5071/8682 [3:08:07<1:59:07,  1.98s/it]
 58%|█████▊    | 5072/8682 [3:08:09<2:04:35,  2.07s/it]
 58%|█████▊    | 5073/8682 [3:08:11<2:07:51,  2.13s/it]
 58%|█████▊    | 5074/8682 [3:08:13<1:59:49,  1.99s/it]
 58%|█████▊    | 5075/8682 [3:08:15<1:54:27,  1.90s/it]
 58%|█████▊    | 5076/8682 [3:08:18<2:16:17,  2.27s/it]
 58%|█████▊    | 5077/8682 [3:08:19<2:06:07,  2.10s/it]
 58%|█████▊    | 5078/8682 [3:08:21<1:59:52,  2.00s/it]
 59%|█████▊    | 5079/8682 [3:08:23<2:04:00,  2.07s/it]
 59%|█████▊    | 5080/8682 [3:08:26<2:06:55,  2.11s/it]
 59%|█████▊    | 5081/8682 [3:08:28<2:14:03,  2.23s/it]
 59%|█████▊    | 5082/8682 [3:08:30<2:13:10,  2.22s/it]
 59%|█████▊    | 5083/8682 [3:08:32<2:10:05,  2.17s/it]
 59%|█████▊    | 5084/8682 [3:08:35<2:09:35,  2.16s/it]
 59%|█████▊    | 5085/8682 [3:08:37<2:17:04,  2.29s/it]
 59%|█████▊    | 5086/8682 [3:08:39<2:08:01,  2.14s/it]
 59%|█████▊    | 5087/8682 [3:08:41<2:04:25,  2.08s/it]
 59%|█████▊    | 5088/8682 [3:08:43<2:03:28,  2.06s/it]
 59%|█████▊    | 5089/8682 [3:08:45<2:05:31,  2.10s/it]
 59%|█████▊    | 5090/8682 [3:08:47<2:09:01,  2.16s/it]
 59%|█████▊    | 5091/8682 [3:08:49<2:00:50,  2.02s/it]
 59%|█████▊    | 5092/8682 [3:08:51<1:59:08,  1.99s/it]
 59%|█████▊    | 5093/8682 [3:08:53<2:03:29,  2.06s/it]
 59%|█████▊    | 5094/8682 [3:08:55<1:55:25,  1.93s/it]
 59%|█████▊    | 5095/8682 [3:08:57<1:51:12,  1.86s/it]
 59%|█████▊    | 5096/8682 [3:08:58<1:50:18,  1.85s/it]
 59%|█████▊    | 5097/8682 [3:09:01<1:55:55,  1.94s/it]
 59%|█████▊    | 5098/8682 [3:09:03<2:06:38,  2.12s/it]
 59%|█████▊    | 5099/8682 [3:09:06<2:13:49,  2.24s/it]
 59%|█████▊    | 5100/8682 [3:09:08<2:15:14,  2.27s/it]

{'loss': '1.084', 'grad_norm': '0.5464', 'learning_rate': '1.92e-05', 'epoch': '1.762'}

 59%|█████▊    | 5100/8682 [3:09:08<2:15:14,  2.27s/it]
 59%|█████▉    | 5101/8682 [3:09:10<2:03:56,  2.08s/it]
 59%|█████▉    | 5102/8682 [3:09:12<2:05:44,  2.11s/it]
 59%|█████▉    | 5103/8682 [3:09:13<1:59:27,  2.00s/it]
 59%|█████▉    | 5104/8682 [3:09:15<1:57:55,  1.98s/it]
 59%|█████▉    | 5105/8682 [3:09:18<2:03:21,  2.07s/it]
 59%|█████▉    | 5106/8682 [3:09:20<2:06:38,  2.12s/it]
 59%|█████▉    | 5107/8682 [3:09:22<2:00:54,  2.03s/it]
 59%|█████▉    | 5108/8682 [3:09:24<2:01:10,  2.03s/it]
 59%|█████▉    | 5109/8682 [3:09:26<2:03:44,  2.08s/it]
 59%|█████▉    | 5110/8682 [3:09:28<2:09:19,  2.17s/it]
 59%|█████▉    | 5111/8682 [3:09:31<2:09:21,  2.17s/it]
 59%|█████▉    | 5112/8682 [3:09:33<2:09:33,  2.18s/it]
 59%|█████▉    | 5113/8682 [3:09:35<2:11:52,  2.22s/it]
 59%|█████▉    | 5114/8682 [3:09:37<2:06:16,  2.12s/it]
 59%|█████▉    | 5115/8682 [3:09:39<2:08:08,  2.16s/it]
 59%|█████▉    | 5116/8682 [3:09:42<2:13:45,  2.25s/it]
 59%|█████▉    | 5117/8682 [3:09:44<2:08:42,  2.17s/it]
 59%|█████▉    | 5118/8682 [3:09:46<2:15:33,  2.28s/it]
 59%|█████▉    | 5119/8682 [3:09:48<2:07:45,  2.15s/it]
 59%|█████▉    | 5120/8682 [3:09:50<2:12:52,  2.24s/it]
 59%|█████▉    | 5121/8682 [3:09:53<2:17:01,  2.31s/it]
 59%|█████▉    | 5122/8682 [3:09:55<2:17:51,  2.32s/it]
 59%|█████▉    | 5123/8682 [3:09:58<2:28:16,  2.50s/it]
 59%|█████▉    | 5124/8682 [3:10:00<2:18:30,  2.34s/it]
 59%|█████▉    | 5125/8682 [3:10:03<2:23:14,  2.42s/it]
 59%|█████▉    | 5126/8682 [3:10:04<2:10:57,  2.21s/it]
 59%|█████▉    | 5127/8682 [3:10:06<2:00:15,  2.03s/it]
 59%|█████▉    | 5128/8682 [3:10:08<1:54:45,  1.94s/it]
 59%|█████▉    | 5129/8682 [3:10:10<1:51:25,  1.88s/it]
 59%|█████▉    | 5130/8682 [3:10:12<1:53:05,  1.91s/it]
 59%|█████▉    | 5131/8682 [3:10:14<1:58:06,  2.00s/it]
 59%|█████▉    | 5132/8682 [3:10:16<1:58:28,  2.00s/it]
 59%|█████▉    | 5133/8682 [3:10:17<1:52:24,  1.90s/it]
 59%|█████▉    | 5134/8682 [3:10:20<1:59:48,  2.03s/it]
 59%|█████▉    | 5135/8682 [3:10:21<1:51:41,  1.89s/it]
 59%|█████▉    | 5136/8682 [3:10:24<1:59:31,  2.02s/it]
 59%|█████▉    | 5137/8682 [3:10:26<2:12:08,  2.24s/it]
 59%|█████▉    | 5138/8682 [3:10:28<2:10:01,  2.20s/it]
 59%|█████▉    | 5139/8682 [3:10:30<2:06:12,  2.14s/it]
 59%|█████▉    | 5140/8682 [3:10:32<1:57:39,  1.99s/it]
 59%|█████▉    | 5141/8682 [3:10:35<2:15:17,  2.29s/it]
 59%|█████▉    | 5142/8682 [3:10:38<2:17:56,  2.34s/it]
 59%|█████▉    | 5143/8682 [3:10:39<2:09:45,  2.20s/it]
 59%|█████▉    | 5144/8682 [3:10:41<1:58:32,  2.01s/it]
 59%|█████▉    | 5145/8682 [3:10:44<2:07:35,  2.16s/it]
 59%|█████▉    | 5146/8682 [3:10:46<2:07:45,  2.17s/it]
 59%|█████▉    | 5147/8682 [3:10:47<1:57:30,  1.99s/it]
 59%|█████▉    | 5148/8682 [3:10:50<2:02:54,  2.09s/it]
 59%|█████▉    | 5149/8682 [3:10:52<2:07:54,  2.17s/it]
 59%|█████▉    | 5150/8682 [3:10:54<1:59:55,  2.04s/it]

{'loss': '1.054', 'grad_norm': '0.5257', 'learning_rate': '1.875e-05', 'epoch': '1.78'}

 59%|█████▉    | 5150/8682 [3:10:54<1:59:55,  2.04s/it]
 59%|█████▉    | 5151/8682 [3:10:56<2:04:10,  2.11s/it]
 59%|█████▉    | 5152/8682 [3:10:58<2:08:34,  2.19s/it]
 59%|█████▉    | 5153/8682 [3:11:01<2:13:45,  2.27s/it]
 59%|█████▉    | 5154/8682 [3:11:02<2:02:49,  2.09s/it]
 59%|█████▉    | 5155/8682 [3:11:05<2:13:44,  2.28s/it]
 59%|█████▉    | 5156/8682 [3:11:08<2:14:40,  2.29s/it]
 59%|█████▉    | 5157/8682 [3:11:10<2:10:57,  2.23s/it]
 59%|█████▉    | 5158/8682 [3:11:12<2:08:57,  2.20s/it]
 59%|█████▉    | 5159/8682 [3:11:14<2:10:40,  2.23s/it]
 59%|█████▉    | 5160/8682 [3:11:16<2:07:08,  2.17s/it]
 59%|█████▉    | 5161/8682 [3:11:18<2:00:28,  2.05s/it]
 59%|█████▉    | 5162/8682 [3:11:20<2:05:32,  2.14s/it]
 59%|█████▉    | 5163/8682 [3:11:22<2:04:34,  2.12s/it]
 59%|█████▉    | 5164/8682 [3:11:24<2:00:17,  2.05s/it]
 59%|█████▉    | 5165/8682 [3:11:27<2:06:53,  2.16s/it]
 60%|█████▉    | 5166/8682 [3:11:29<2:12:30,  2.26s/it]
 60%|█████▉    | 5167/8682 [3:11:31<2:11:19,  2.24s/it]
 60%|█████▉    | 5168/8682 [3:11:33<2:00:12,  2.05s/it]
 60%|█████▉    | 5169/8682 [3:11:35<1:59:59,  2.05s/it]
 60%|█████▉    | 5170/8682 [3:11:37<2:03:31,  2.11s/it]
 60%|█████▉    | 5171/8682 [3:11:39<2:06:04,  2.15s/it]
 60%|█████▉    | 5172/8682 [3:11:41<1:59:53,  2.05s/it]
 60%|█████▉    | 5173/8682 [3:11:44<2:07:57,  2.19s/it]
 60%|█████▉    | 5174/8682 [3:11:46<2:01:41,  2.08s/it]
 60%|█████▉    | 5175/8682 [3:11:47<1:56:40,  2.00s/it]
 60%|█████▉    | 5176/8682 [3:11:49<1:54:29,  1.96s/it]
 60%|█████▉    | 5177/8682 [3:11:52<2:02:41,  2.10s/it]
 60%|█████▉    | 5178/8682 [3:11:53<1:53:28,  1.94s/it]
 60%|█████▉    | 5179/8682 [3:11:55<1:58:36,  2.03s/it]
 60%|█████▉    | 5180/8682 [3:11:58<2:13:30,  2.29s/it]
 60%|█████▉    | 5181/8682 [3:12:00<2:08:33,  2.20s/it]
 60%|█████▉    | 5182/8682 [3:12:02<2:04:35,  2.14s/it]
 60%|█████▉    | 5183/8682 [3:12:05<2:07:14,  2.18s/it]
 60%|█████▉    | 5184/8682 [3:12:07<2:03:06,  2.11s/it]
 60%|█████▉    | 5185/8682 [3:12:08<1:56:37,  2.00s/it]
 60%|█████▉    | 5186/8682 [3:12:11<2:07:28,  2.19s/it]
 60%|█████▉    | 5187/8682 [3:12:13<2:09:16,  2.22s/it]
 60%|█████▉    | 5188/8682 [3:12:16<2:19:55,  2.40s/it]
 60%|█████▉    | 5189/8682 [3:12:18<2:09:02,  2.22s/it]
 60%|█████▉    | 5190/8682 [3:12:20<2:08:05,  2.20s/it]
 60%|█████▉    | 5191/8682 [3:12:22<2:02:44,  2.11s/it]
 60%|█████▉    | 5192/8682 [3:12:24<2:00:19,  2.07s/it]
 60%|█████▉    | 5193/8682 [3:12:26<1:55:47,  1.99s/it]
 60%|█████▉    | 5194/8682 [3:12:28<2:01:44,  2.09s/it]
 60%|█████▉    | 5195/8682 [3:12:31<2:12:56,  2.29s/it]
 60%|█████▉    | 5196/8682 [3:12:33<2:04:00,  2.13s/it]
 60%|█████▉    | 5197/8682 [3:12:34<2:00:10,  2.07s/it]
 60%|█████▉    | 5198/8682 [3:12:37<2:03:39,  2.13s/it]
 60%|█████▉    | 5199/8682 [3:12:39<2:04:58,  2.15s/it]
 60%|█████▉    | 5200/8682 [3:12:41<2:03:15,  2.12s/it]

{'loss': '1.059', 'grad_norm': '0.5257', 'learning_rate': '1.83e-05', 'epoch': '1.797'}

 60%|█████▉    | 5200/8682 [3:12:41<2:03:15,  2.12s/it]
 60%|█████▉    | 5201/8682 [3:12:43<2:05:58,  2.17s/it]
 60%|█████▉    | 5202/8682 [3:12:45<1:56:51,  2.01s/it]
 60%|█████▉    | 5203/8682 [3:12:47<1:59:07,  2.05s/it]
 60%|█████▉    | 5204/8682 [3:12:50<2:07:11,  2.19s/it]
 60%|█████▉    | 5205/8682 [3:12:52<2:07:52,  2.21s/it]
 60%|█████▉    | 5206/8682 [3:12:54<2:02:05,  2.11s/it]
 60%|█████▉    | 5207/8682 [3:12:56<2:03:24,  2.13s/it]
 60%|█████▉    | 5208/8682 [3:12:58<1:57:55,  2.04s/it]
 60%|█████▉    | 5209/8682 [3:13:00<2:04:16,  2.15s/it]
 60%|██████    | 5210/8682 [3:13:02<2:00:06,  2.08s/it]
 60%|██████    | 5211/8682 [3:13:04<1:53:09,  1.96s/it]
 60%|██████    | 5212/8682 [3:13:06<1:54:56,  1.99s/it]
 60%|██████    | 5213/8682 [3:13:08<1:58:27,  2.05s/it]
 60%|██████    | 5214/8682 [3:13:10<2:04:53,  2.16s/it]
 60%|██████    | 5215/8682 [3:13:13<2:06:21,  2.19s/it]
 60%|██████    | 5216/8682 [3:13:14<1:55:41,  2.00s/it]
 60%|██████    | 5217/8682 [3:13:17<2:02:41,  2.12s/it]
 60%|██████    | 5218/8682 [3:13:18<1:55:15,  2.00s/it]
 60%|██████    | 5219/8682 [3:13:21<2:04:54,  2.16s/it]
 60%|██████    | 5220/8682 [3:13:23<2:01:17,  2.10s/it]
 60%|██████    | 5221/8682 [3:13:25<2:02:28,  2.12s/it]
 60%|██████    | 5222/8682 [3:13:27<2:05:54,  2.18s/it]
 60%|██████    | 5223/8682 [3:13:29<1:58:16,  2.05s/it]
 60%|██████    | 5224/8682 [3:13:31<2:00:38,  2.09s/it]
 60%|██████    | 5225/8682 [3:13:33<2:00:17,  2.09s/it]
 60%|██████    | 5226/8682 [3:13:36<2:08:19,  2.23s/it]
 60%|██████    | 5227/8682 [3:13:38<2:01:00,  2.10s/it]
 60%|██████    | 5228/8682 [3:13:40<2:09:54,  2.26s/it]
 60%|██████    | 5229/8682 [3:13:42<2:06:17,  2.19s/it]
 60%|██████    | 5230/8682 [3:13:44<1:59:23,  2.08s/it]
 60%|██████    | 5231/8682 [3:13:46<1:51:19,  1.94s/it]
 60%|██████    | 5232/8682 [3:13:48<2:01:41,  2.12s/it]
 60%|██████    | 5233/8682 [3:13:50<1:54:34,  1.99s/it]
 60%|██████    | 5234/8682 [3:13:52<2:00:17,  2.09s/it]
 60%|██████    | 5235/8682 [3:13:55<2:03:12,  2.14s/it]
 60%|██████    | 5236/8682 [3:13:57<2:02:57,  2.14s/it]
 60%|██████    | 5237/8682 [3:13:59<1:57:54,  2.05s/it]
 60%|██████    | 5238/8682 [3:14:00<1:51:13,  1.94s/it]
 60%|██████    | 5239/8682 [3:14:02<1:47:04,  1.87s/it]
 60%|██████    | 5240/8682 [3:14:05<2:05:54,  2.19s/it]
 60%|██████    | 5241/8682 [3:14:08<2:13:43,  2.33s/it]
 60%|██████    | 5242/8682 [3:14:10<2:11:08,  2.29s/it]
 60%|██████    | 5243/8682 [3:14:12<2:04:47,  2.18s/it]
 60%|██████    | 5244/8682 [3:14:14<1:59:43,  2.09s/it]
 60%|██████    | 5245/8682 [3:14:15<1:52:43,  1.97s/it]
 60%|██████    | 5246/8682 [3:14:18<1:57:57,  2.06s/it]
 60%|██████    | 5247/8682 [3:14:20<2:03:04,  2.15s/it]
 60%|██████    | 5248/8682 [3:14:22<1:58:17,  2.07s/it]
 60%|██████    | 5249/8682 [3:14:23<1:52:33,  1.97s/it]
 60%|██████    | 5250/8682 [3:14:26<1:54:52,  2.01s/it]

{'loss': '1.046', 'grad_norm': '0.5282', 'learning_rate': '1.785e-05', 'epoch': '1.814'}

 60%|██████    | 5250/8682 [3:14:26<1:54:52,  2.01s/it]
 60%|██████    | 5251/8682 [3:14:28<2:03:12,  2.15s/it]
 60%|██████    | 5252/8682 [3:14:30<2:04:44,  2.18s/it]
 61%|██████    | 5253/8682 [3:14:32<2:02:40,  2.15s/it]
 61%|██████    | 5254/8682 [3:14:34<2:00:27,  2.11s/it]
 61%|██████    | 5255/8682 [3:14:37<2:04:36,  2.18s/it]
 61%|██████    | 5256/8682 [3:14:39<2:07:21,  2.23s/it]
 61%|██████    | 5257/8682 [3:14:41<2:01:49,  2.13s/it]
 61%|██████    | 5258/8682 [3:14:43<2:06:41,  2.22s/it]
 61%|██████    | 5259/8682 [3:14:46<2:08:35,  2.25s/it]
 61%|██████    | 5260/8682 [3:14:48<2:08:03,  2.25s/it]
 61%|██████    | 5261/8682 [3:14:50<1:59:35,  2.10s/it]
 61%|██████    | 5262/8682 [3:14:52<2:03:34,  2.17s/it]
 61%|██████    | 5263/8682 [3:14:54<1:55:10,  2.02s/it]
 61%|██████    | 5264/8682 [3:14:56<1:59:29,  2.10s/it]
 61%|██████    | 5265/8682 [3:14:58<1:58:28,  2.08s/it]
 61%|██████    | 5266/8682 [3:15:00<1:50:56,  1.95s/it]
 61%|██████    | 5267/8682 [3:15:02<1:49:45,  1.93s/it]
 61%|██████    | 5268/8682 [3:15:04<1:51:13,  1.95s/it]
 61%|██████    | 5269/8682 [3:15:06<1:58:17,  2.08s/it]
 61%|██████    | 5270/8682 [3:15:08<1:57:46,  2.07s/it]
 61%|██████    | 5271/8682 [3:15:10<2:01:15,  2.13s/it]
 61%|██████    | 5272/8682 [3:15:13<2:03:39,  2.18s/it]
 61%|██████    | 5273/8682 [3:15:14<1:56:20,  2.05s/it]
 61%|██████    | 5274/8682 [3:15:16<1:58:04,  2.08s/it]
 61%|██████    | 5275/8682 [3:15:18<1:52:09,  1.98s/it]
 61%|██████    | 5276/8682 [3:15:21<1:57:23,  2.07s/it]
 61%|██████    | 5277/8682 [3:15:23<2:07:00,  2.24s/it]
 61%|██████    | 5278/8682 [3:15:26<2:16:58,  2.41s/it]
 61%|██████    | 5279/8682 [3:15:28<2:10:25,  2.30s/it]
 61%|██████    | 5280/8682 [3:15:30<1:58:42,  2.09s/it]
 61%|██████    | 5281/8682 [3:15:32<2:04:00,  2.19s/it]
 61%|██████    | 5282/8682 [3:15:34<2:04:28,  2.20s/it]
 61%|██████    | 5283/8682 [3:15:36<1:56:29,  2.06s/it]
 61%|██████    | 5284/8682 [3:15:38<1:59:59,  2.12s/it]
 61%|██████    | 5285/8682 [3:15:41<2:09:56,  2.30s/it]
 61%|██████    | 5286/8682 [3:15:43<2:00:48,  2.13s/it]
 61%|██████    | 5287/8682 [3:15:45<1:56:54,  2.07s/it]
 61%|██████    | 5288/8682 [3:15:46<1:52:46,  1.99s/it]
 61%|██████    | 5289/8682 [3:15:49<1:55:57,  2.05s/it]
 61%|██████    | 5290/8682 [3:15:51<1:59:26,  2.11s/it]
 61%|██████    | 5291/8682 [3:15:53<2:05:11,  2.22s/it]
 61%|██████    | 5292/8682 [3:15:56<2:13:30,  2.36s/it]
 61%|██████    | 5293/8682 [3:15:58<2:12:56,  2.35s/it]
 61%|██████    | 5294/8682 [3:16:00<2:02:16,  2.17s/it]
 61%|██████    | 5295/8682 [3:16:02<2:02:21,  2.17s/it]
 61%|██████    | 5296/8682 [3:16:04<2:00:21,  2.13s/it]
 61%|██████    | 5297/8682 [3:16:06<1:58:46,  2.11s/it]
 61%|██████    | 5298/8682 [3:16:08<1:57:51,  2.09s/it]
 61%|██████    | 5299/8682 [3:16:11<2:05:43,  2.23s/it]
 61%|██████    | 5300/8682 [3:16:13<2:08:45,  2.28s/it]

{'loss': '1.042', 'grad_norm': '0.4767', 'learning_rate': '1.74e-05', 'epoch': '1.832'}

 61%|██████    | 5300/8682 [3:16:13<2:08:45,  2.28s/it]
 61%|██████    | 5301/8682 [3:16:15<2:00:00,  2.13s/it]
 61%|██████    | 5302/8682 [3:16:17<1:59:06,  2.11s/it]
 61%|██████    | 5303/8682 [3:16:19<1:47:06,  1.90s/it]
 61%|██████    | 5304/8682 [3:16:20<1:43:27,  1.84s/it]
 61%|██████    | 5305/8682 [3:16:23<1:52:52,  2.01s/it]
 61%|██████    | 5306/8682 [3:16:25<1:49:42,  1.95s/it]
 61%|██████    | 5307/8682 [3:16:26<1:47:14,  1.91s/it]
 61%|██████    | 5308/8682 [3:16:29<1:52:50,  2.01s/it]
 61%|██████    | 5309/8682 [3:16:31<1:53:26,  2.02s/it]
 61%|██████    | 5310/8682 [3:16:33<1:59:42,  2.13s/it]
 61%|██████    | 5311/8682 [3:16:35<1:55:37,  2.06s/it]
 61%|██████    | 5312/8682 [3:16:37<1:59:58,  2.14s/it]
 61%|██████    | 5313/8682 [3:16:39<1:57:08,  2.09s/it]
 61%|██████    | 5314/8682 [3:16:41<1:52:16,  2.00s/it]
 61%|██████    | 5315/8682 [3:16:43<1:49:35,  1.95s/it]
 61%|██████    | 5316/8682 [3:16:45<1:56:31,  2.08s/it]
 61%|██████    | 5317/8682 [3:16:47<1:59:45,  2.14s/it]
 61%|██████▏   | 5318/8682 [3:16:50<2:08:51,  2.30s/it]
 61%|██████▏   | 5319/8682 [3:16:52<2:07:04,  2.27s/it]
 61%|██████▏   | 5320/8682 [3:16:54<1:55:06,  2.05s/it]
 61%|██████▏   | 5321/8682 [3:16:56<1:54:52,  2.05s/it]
 61%|██████▏   | 5322/8682 [3:16:58<1:48:10,  1.93s/it]
 61%|██████▏   | 5323/8682 [3:17:01<2:08:03,  2.29s/it]
 61%|██████▏   | 5324/8682 [3:17:03<2:10:53,  2.34s/it]
 61%|██████▏   | 5325/8682 [3:17:05<2:10:20,  2.33s/it]
 61%|██████▏   | 5326/8682 [3:17:07<1:59:11,  2.13s/it]
 61%|██████▏   | 5327/8682 [3:17:09<1:54:52,  2.05s/it]
 61%|██████▏   | 5328/8682 [3:17:11<1:58:17,  2.12s/it]
 61%|██████▏   | 5329/8682 [3:17:14<2:04:00,  2.22s/it]
 61%|██████▏   | 5330/8682 [3:17:16<2:10:50,  2.34s/it]
 61%|██████▏   | 5331/8682 [3:17:18<2:04:34,  2.23s/it]
 61%|██████▏   | 5332/8682 [3:17:20<1:53:20,  2.03s/it]
 61%|██████▏   | 5333/8682 [3:17:22<1:53:38,  2.04s/it]
 61%|██████▏   | 5334/8682 [3:17:24<1:59:25,  2.14s/it]
 61%|██████▏   | 5335/8682 [3:17:27<2:05:25,  2.25s/it]
 61%|██████▏   | 5336/8682 [3:17:29<2:11:36,  2.36s/it]
 61%|██████▏   | 5337/8682 [3:17:32<2:07:29,  2.29s/it]
 61%|██████▏   | 5338/8682 [3:17:33<2:00:50,  2.17s/it]
 61%|██████▏   | 5339/8682 [3:17:36<2:04:27,  2.23s/it]
 62%|██████▏   | 5340/8682 [3:17:38<2:04:58,  2.24s/it]
 62%|██████▏   | 5341/8682 [3:17:40<1:57:50,  2.12s/it]
 62%|██████▏   | 5342/8682 [3:17:42<2:03:36,  2.22s/it]
 62%|██████▏   | 5343/8682 [3:17:44<1:56:07,  2.09s/it]
 62%|██████▏   | 5344/8682 [3:17:46<1:58:09,  2.12s/it]
 62%|██████▏   | 5345/8682 [3:17:49<2:00:11,  2.16s/it]
 62%|██████▏   | 5346/8682 [3:17:51<2:08:40,  2.31s/it]
 62%|██████▏   | 5347/8682 [3:17:53<1:58:33,  2.13s/it]
 62%|██████▏   | 5348/8682 [3:17:55<1:53:32,  2.04s/it]
 62%|██████▏   | 5349/8682 [3:17:57<1:47:11,  1.93s/it]
 62%|██████▏   | 5350/8682 [3:17:58<1:44:26,  1.88s/it]

{'loss': '1.042', 'grad_norm': '0.5014', 'learning_rate': '1.696e-05', 'epoch': '1.849'}

 62%|██████▏   | 5350/8682 [3:17:58<1:44:26,  1.88s/it]
 62%|██████▏   | 5351/8682 [3:18:00<1:47:15,  1.93s/it]
 62%|██████▏   | 5352/8682 [3:18:02<1:49:41,  1.98s/it]
 62%|██████▏   | 5353/8682 [3:18:05<2:02:28,  2.21s/it]
 62%|██████▏   | 5354/8682 [3:18:07<2:01:42,  2.19s/it]
 62%|██████▏   | 5355/8682 [3:18:09<1:54:53,  2.07s/it]
 62%|██████▏   | 5356/8682 [3:18:11<1:52:26,  2.03s/it]
 62%|██████▏   | 5357/8682 [3:18:13<1:54:14,  2.06s/it]
 62%|██████▏   | 5358/8682 [3:18:15<1:54:37,  2.07s/it]
 62%|██████▏   | 5359/8682 [3:18:17<1:56:57,  2.11s/it]
 62%|██████▏   | 5360/8682 [3:18:20<2:02:50,  2.22s/it]
 62%|██████▏   | 5361/8682 [3:18:22<2:04:30,  2.25s/it]
 62%|██████▏   | 5362/8682 [3:18:24<1:53:30,  2.05s/it]
 62%|██████▏   | 5363/8682 [3:18:26<2:00:13,  2.17s/it]
 62%|██████▏   | 5364/8682 [3:18:28<1:56:55,  2.11s/it]
 62%|██████▏   | 5365/8682 [3:18:30<1:55:43,  2.09s/it]
 62%|██████▏   | 5366/8682 [3:18:32<1:54:48,  2.08s/it]
 62%|██████▏   | 5367/8682 [3:18:35<1:59:43,  2.17s/it]
 62%|██████▏   | 5368/8682 [3:18:36<1:52:32,  2.04s/it]
 62%|██████▏   | 5369/8682 [3:18:38<1:45:58,  1.92s/it]
 62%|██████▏   | 5370/8682 [3:18:41<1:54:18,  2.07s/it]
 62%|██████▏   | 5371/8682 [3:18:42<1:47:06,  1.94s/it]
 62%|██████▏   | 5372/8682 [3:18:44<1:53:05,  2.05s/it]
 62%|██████▏   | 5373/8682 [3:18:46<1:51:15,  2.02s/it]
 62%|██████▏   | 5374/8682 [3:18:48<1:46:42,  1.94s/it]
 62%|██████▏   | 5375/8682 [3:18:50<1:47:17,  1.95s/it]
 62%|██████▏   | 5376/8682 [3:18:53<1:54:27,  2.08s/it]
 62%|██████▏   | 5377/8682 [3:18:55<2:00:32,  2.19s/it]
 62%|██████▏   | 5378/8682 [3:18:57<1:54:59,  2.09s/it]
 62%|██████▏   | 5379/8682 [3:18:59<1:57:22,  2.13s/it]
 62%|██████▏   | 5380/8682 [3:19:02<2:04:22,  2.26s/it]
 62%|██████▏   | 5381/8682 [3:19:03<1:56:46,  2.12s/it]
 62%|██████▏   | 5382/8682 [3:19:06<2:02:38,  2.23s/it]
 62%|██████▏   | 5383/8682 [3:19:08<1:55:09,  2.09s/it]
 62%|██████▏   | 5384/8682 [3:19:10<1:51:56,  2.04s/it]
 62%|██████▏   | 5385/8682 [3:19:11<1:46:50,  1.94s/it]
 62%|██████▏   | 5386/8682 [3:19:13<1:44:16,  1.90s/it]
 62%|██████▏   | 5387/8682 [3:19:16<1:52:21,  2.05s/it]
 62%|██████▏   | 5388/8682 [3:19:18<1:54:26,  2.08s/it]
 62%|██████▏   | 5389/8682 [3:19:20<1:55:41,  2.11s/it]
 62%|██████▏   | 5390/8682 [3:19:22<1:51:13,  2.03s/it]
 62%|██████▏   | 5391/8682 [3:19:23<1:44:59,  1.91s/it]
 62%|██████▏   | 5392/8682 [3:19:25<1:43:06,  1.88s/it]
 62%|██████▏   | 5393/8682 [3:19:27<1:44:16,  1.90s/it]
 62%|██████▏   | 5394/8682 [3:19:29<1:48:16,  1.98s/it]
 62%|██████▏   | 5395/8682 [3:19:31<1:48:16,  1.98s/it]
 62%|██████▏   | 5396/8682 [3:19:34<1:54:30,  2.09s/it]
 62%|██████▏   | 5397/8682 [3:19:35<1:47:40,  1.97s/it]
 62%|██████▏   | 5398/8682 [3:19:37<1:44:33,  1.91s/it]
 62%|██████▏   | 5399/8682 [3:19:39<1:49:55,  2.01s/it]
 62%|██████▏   | 5400/8682 [3:19:42<1:59:59,  2.19s/it]

{'loss': '1.054', 'grad_norm': '0.549', 'learning_rate': '1.652e-05', 'epoch': '1.866'}

 62%|██████▏   | 5400/8682 [3:19:42<1:59:59,  2.19s/it]
 62%|██████▏   | 5401/8682 [3:19:44<1:58:47,  2.17s/it]
 62%|██████▏   | 5402/8682 [3:19:46<2:00:59,  2.21s/it]
 62%|██████▏   | 5403/8682 [3:19:48<1:57:37,  2.15s/it]
 62%|██████▏   | 5404/8682 [3:19:50<1:56:29,  2.13s/it]
 62%|██████▏   | 5405/8682 [3:19:53<1:58:59,  2.18s/it]
 62%|██████▏   | 5406/8682 [3:19:55<2:07:51,  2.34s/it]
 62%|██████▏   | 5407/8682 [3:19:58<2:05:18,  2.30s/it]
 62%|██████▏   | 5408/8682 [3:20:00<2:02:12,  2.24s/it]
 62%|██████▏   | 5409/8682 [3:20:02<1:58:49,  2.18s/it]
 62%|██████▏   | 5410/8682 [3:20:04<1:56:20,  2.13s/it]
 62%|██████▏   | 5411/8682 [3:20:06<1:58:43,  2.18s/it]
 62%|██████▏   | 5412/8682 [3:20:08<1:52:59,  2.07s/it]
 62%|██████▏   | 5413/8682 [3:20:10<1:55:58,  2.13s/it]
 62%|██████▏   | 5414/8682 [3:20:13<2:03:08,  2.26s/it]
 62%|██████▏   | 5415/8682 [3:20:15<2:04:49,  2.29s/it]
 62%|██████▏   | 5416/8682 [3:20:17<2:01:38,  2.23s/it]
 62%|██████▏   | 5417/8682 [3:20:19<1:53:16,  2.08s/it]
 62%|██████▏   | 5418/8682 [3:20:21<1:54:08,  2.10s/it]
 62%|██████▏   | 5419/8682 [3:20:23<1:56:33,  2.14s/it]
 62%|██████▏   | 5420/8682 [3:20:26<1:59:07,  2.19s/it]
 62%|██████▏   | 5421/8682 [3:20:28<1:58:49,  2.19s/it]
 62%|██████▏   | 5422/8682 [3:20:30<1:54:15,  2.10s/it]
 62%|██████▏   | 5423/8682 [3:20:31<1:48:57,  2.01s/it]
 62%|██████▏   | 5424/8682 [3:20:33<1:43:37,  1.91s/it]
 62%|██████▏   | 5425/8682 [3:20:35<1:44:01,  1.92s/it]
 62%|██████▏   | 5426/8682 [3:20:37<1:43:23,  1.91s/it]
 63%|██████▎   | 5427/8682 [3:20:40<1:56:05,  2.14s/it]
 63%|██████▎   | 5428/8682 [3:20:42<1:54:41,  2.11s/it]
 63%|██████▎   | 5429/8682 [3:20:44<1:56:59,  2.16s/it]
 63%|██████▎   | 5430/8682 [3:20:46<1:52:18,  2.07s/it]
 63%|██████▎   | 5431/8682 [3:20:48<1:51:41,  2.06s/it]
 63%|██████▎   | 5432/8682 [3:20:50<1:53:01,  2.09s/it]
 63%|██████▎   | 5433/8682 [3:20:53<2:05:15,  2.31s/it]
 63%|██████▎   | 5434/8682 [3:20:56<2:15:49,  2.51s/it]
 63%|██████▎   | 5435/8682 [3:20:58<2:11:33,  2.43s/it]
 63%|██████▎   | 5436/8682 [3:21:01<2:16:51,  2.53s/it]
 63%|██████▎   | 5437/8682 [3:21:03<2:12:30,  2.45s/it]
 63%|██████▎   | 5438/8682 [3:21:06<2:13:19,  2.47s/it]
 63%|██████▎   | 5439/8682 [3:21:08<2:14:17,  2.48s/it]
 63%|██████▎   | 5440/8682 [3:21:10<1:59:02,  2.20s/it]
 63%|██████▎   | 5441/8682 [3:21:12<2:05:12,  2.32s/it]
 63%|██████▎   | 5442/8682 [3:21:14<1:51:31,  2.07s/it]
 63%|██████▎   | 5443/8682 [3:21:16<1:55:50,  2.15s/it]
 63%|██████▎   | 5444/8682 [3:21:19<2:02:59,  2.28s/it]
 63%|██████▎   | 5445/8682 [3:21:21<2:02:05,  2.26s/it]
 63%|██████▎   | 5446/8682 [3:21:23<2:05:23,  2.33s/it]
 63%|██████▎   | 5447/8682 [3:21:25<1:59:11,  2.21s/it]
 63%|██████▎   | 5448/8682 [3:21:27<1:56:37,  2.16s/it]
 63%|██████▎   | 5449/8682 [3:21:29<1:53:23,  2.10s/it]
 63%|██████▎   | 5450/8682 [3:21:31<1:46:04,  1.97s/it]

{'loss': '1.037', 'grad_norm': '0.4959', 'learning_rate': '1.608e-05', 'epoch': '1.883'}

 63%|██████▎   | 5450/8682 [3:21:31<1:46:04,  1.97s/it]
 63%|██████▎   | 5451/8682 [3:21:33<1:49:53,  2.04s/it]
 63%|██████▎   | 5452/8682 [3:21:35<1:52:41,  2.09s/it]
 63%|██████▎   | 5453/8682 [3:21:38<1:59:50,  2.23s/it]
 63%|██████▎   | 5454/8682 [3:21:40<1:52:30,  2.09s/it]
 63%|██████▎   | 5455/8682 [3:21:42<1:53:25,  2.11s/it]
 63%|██████▎   | 5456/8682 [3:21:44<1:56:38,  2.17s/it]
 63%|██████▎   | 5457/8682 [3:21:46<1:54:39,  2.13s/it]
 63%|██████▎   | 5458/8682 [3:21:49<1:57:04,  2.18s/it]
 63%|██████▎   | 5459/8682 [3:21:50<1:50:50,  2.06s/it]
 63%|██████▎   | 5460/8682 [3:21:53<1:58:50,  2.21s/it]
 63%|██████▎   | 5461/8682 [3:21:56<2:05:52,  2.34s/it]
 63%|██████▎   | 5462/8682 [3:21:58<2:05:17,  2.33s/it]
 63%|██████▎   | 5463/8682 [3:22:00<2:02:44,  2.29s/it]
 63%|██████▎   | 5464/8682 [3:22:02<2:02:51,  2.29s/it]
 63%|██████▎   | 5465/8682 [3:22:05<2:06:36,  2.36s/it]
 63%|██████▎   | 5466/8682 [3:22:08<2:17:57,  2.57s/it]
 63%|██████▎   | 5467/8682 [3:22:10<2:09:48,  2.42s/it]
 63%|██████▎   | 5468/8682 [3:22:12<2:03:59,  2.31s/it]
 63%|██████▎   | 5469/8682 [3:22:15<2:09:32,  2.42s/it]
 63%|██████▎   | 5470/8682 [3:22:17<2:10:14,  2.43s/it]
 63%|██████▎   | 5471/8682 [3:22:20<2:16:59,  2.56s/it]
 63%|██████▎   | 5472/8682 [3:22:22<2:02:37,  2.29s/it]
 63%|██████▎   | 5473/8682 [3:22:24<1:57:07,  2.19s/it]
 63%|██████▎   | 5474/8682 [3:22:25<1:47:55,  2.02s/it]
 63%|██████▎   | 5475/8682 [3:22:28<1:52:56,  2.11s/it]
 63%|██████▎   | 5476/8682 [3:22:30<2:02:19,  2.29s/it]
 63%|██████▎   | 5477/8682 [3:22:32<1:54:41,  2.15s/it]
 63%|██████▎   | 5478/8682 [3:22:34<1:44:50,  1.96s/it]
 63%|██████▎   | 5479/8682 [3:22:36<1:50:07,  2.06s/it]
 63%|██████▎   | 5480/8682 [3:22:37<1:42:07,  1.91s/it]
 63%|██████▎   | 5481/8682 [3:22:39<1:37:27,  1.83s/it]
 63%|██████▎   | 5482/8682 [3:22:41<1:35:44,  1.80s/it]
 63%|██████▎   | 5483/8682 [3:22:44<1:49:35,  2.06s/it]
 63%|██████▎   | 5484/8682 [3:22:46<1:57:13,  2.20s/it]
 63%|██████▎   | 5485/8682 [3:22:48<1:57:19,  2.20s/it]
 63%|██████▎   | 5486/8682 [3:22:51<1:59:38,  2.25s/it]
 63%|██████▎   | 5487/8682 [3:22:52<1:48:50,  2.04s/it]
 63%|██████▎   | 5488/8682 [3:22:54<1:44:40,  1.97s/it]
 63%|██████▎   | 5489/8682 [3:22:56<1:40:37,  1.89s/it]
 63%|██████▎   | 5490/8682 [3:22:58<1:52:49,  2.12s/it]
 63%|██████▎   | 5491/8682 [3:23:01<1:57:09,  2.20s/it]
 63%|██████▎   | 5492/8682 [3:23:03<1:56:44,  2.20s/it]
 63%|██████▎   | 5493/8682 [3:23:05<1:56:49,  2.20s/it]
 63%|██████▎   | 5494/8682 [3:23:07<1:58:05,  2.22s/it]
 63%|██████▎   | 5495/8682 [3:23:09<1:52:51,  2.12s/it]
 63%|██████▎   | 5496/8682 [3:23:12<1:54:54,  2.16s/it]
 63%|██████▎   | 5497/8682 [3:23:14<1:58:41,  2.24s/it]
 63%|██████▎   | 5498/8682 [3:23:16<1:54:11,  2.15s/it]
 63%|██████▎   | 5499/8682 [3:23:18<1:55:45,  2.18s/it]
 63%|██████▎   | 5500/8682 [3:23:20<1:58:20,  2.23s/it]

{'loss': '1.032', 'grad_norm': '0.5244', 'learning_rate': '1.565e-05', 'epoch': '1.901'}

 63%|██████▎   | 5500/8682 [3:23:21<1:58:20,  2.23s/it]
 63%|██████▎   | 5501/8682 [3:23:23<2:05:36,  2.37s/it]
 63%|██████▎   | 5502/8682 [3:23:25<1:59:50,  2.26s/it]
 63%|██████▎   | 5503/8682 [3:23:27<2:00:05,  2.27s/it]
 63%|██████▎   | 5504/8682 [3:23:30<2:00:14,  2.27s/it]
 63%|██████▎   | 5505/8682 [3:23:33<2:10:54,  2.47s/it]
 63%|██████▎   | 5506/8682 [3:23:35<2:08:52,  2.43s/it]
 63%|██████▎   | 5507/8682 [3:23:37<2:05:11,  2.37s/it]
 63%|██████▎   | 5508/8682 [3:23:40<2:12:47,  2.51s/it]
 63%|██████▎   | 5509/8682 [3:23:42<2:10:01,  2.46s/it]
 63%|██████▎   | 5510/8682 [3:23:45<2:06:59,  2.40s/it]
 63%|██████▎   | 5511/8682 [3:23:47<2:02:37,  2.32s/it]
 63%|██████▎   | 5512/8682 [3:23:49<1:59:18,  2.26s/it]
 63%|██████▎   | 5513/8682 [3:23:51<2:01:08,  2.29s/it]
 64%|██████▎   | 5514/8682 [3:23:53<1:55:42,  2.19s/it]
 64%|██████▎   | 5515/8682 [3:23:56<1:58:29,  2.24s/it]
 64%|██████▎   | 5516/8682 [3:23:58<1:55:46,  2.19s/it]
 64%|██████▎   | 5517/8682 [3:24:00<1:54:35,  2.17s/it]
 64%|██████▎   | 5518/8682 [3:24:02<1:59:56,  2.27s/it]
 64%|██████▎   | 5519/8682 [3:24:05<2:00:40,  2.29s/it]
 64%|██████▎   | 5520/8682 [3:24:07<1:59:09,  2.26s/it]
 64%|██████▎   | 5521/8682 [3:24:10<2:11:43,  2.50s/it]
 64%|██████▎   | 5522/8682 [3:24:12<2:09:28,  2.46s/it]
 64%|██████▎   | 5523/8682 [3:24:14<1:59:41,  2.27s/it]
 64%|██████▎   | 5524/8682 [3:24:16<1:56:46,  2.22s/it]
 64%|██████▎   | 5525/8682 [3:24:19<2:06:09,  2.40s/it]
 64%|██████▎   | 5526/8682 [3:24:21<2:05:37,  2.39s/it]
 64%|██████▎   | 5527/8682 [3:24:24<2:04:56,  2.38s/it]
 64%|██████▎   | 5528/8682 [3:24:26<2:04:17,  2.36s/it]
 64%|██████▎   | 5529/8682 [3:24:29<2:05:33,  2.39s/it]
 64%|██████▎   | 5530/8682 [3:24:30<1:58:44,  2.26s/it]
 64%|██████▎   | 5531/8682 [3:24:33<2:01:40,  2.32s/it]
 64%|██████▎   | 5532/8682 [3:24:35<1:52:23,  2.14s/it]
 64%|██████▎   | 5533/8682 [3:24:37<2:00:16,  2.29s/it]
 64%|██████▎   | 5534/8682 [3:24:39<1:54:16,  2.18s/it]
 64%|██████▍   | 5535/8682 [3:24:42<2:00:32,  2.30s/it]
 64%|██████▍   | 5536/8682 [3:24:44<2:01:56,  2.33s/it]
 64%|██████▍   | 5537/8682 [3:24:46<1:57:40,  2.24s/it]
 64%|██████▍   | 5538/8682 [3:24:49<1:57:44,  2.25s/it]
 64%|██████▍   | 5539/8682 [3:24:51<1:59:39,  2.28s/it]
 64%|██████▍   | 5540/8682 [3:24:53<1:49:50,  2.10s/it]
 64%|██████▍   | 5541/8682 [3:24:55<1:51:22,  2.13s/it]
 64%|██████▍   | 5542/8682 [3:24:57<1:50:19,  2.11s/it]
 64%|██████▍   | 5543/8682 [3:24:59<1:45:09,  2.01s/it]
 64%|██████▍   | 5544/8682 [3:25:01<1:55:47,  2.21s/it]
 64%|██████▍   | 5545/8682 [3:25:03<1:48:08,  2.07s/it]
 64%|██████▍   | 5546/8682 [3:25:05<1:54:02,  2.18s/it]
 64%|██████▍   | 5547/8682 [3:25:07<1:51:50,  2.14s/it]
 64%|██████▍   | 5548/8682 [3:25:10<1:51:58,  2.14s/it]
 64%|██████▍   | 5549/8682 [3:25:12<1:47:50,  2.07s/it]
 64%|██████▍   | 5550/8682 [3:25:14<1:49:54,  2.11s/it]

{'loss': '1.037', 'grad_norm': '1.083', 'learning_rate': '1.522e-05', 'epoch': '1.918'}

 64%|██████▍   | 5550/8682 [3:25:14<1:49:54,  2.11s/it]
 64%|██████▍   | 5551/8682 [3:25:16<1:49:58,  2.11s/it]
 64%|██████▍   | 5552/8682 [3:25:18<1:52:02,  2.15s/it]
 64%|██████▍   | 5553/8682 [3:25:21<1:59:58,  2.30s/it]
 64%|██████▍   | 5554/8682 [3:25:23<2:01:25,  2.33s/it]
 64%|██████▍   | 5555/8682 [3:25:25<1:55:46,  2.22s/it]
 64%|██████▍   | 5556/8682 [3:25:27<1:51:18,  2.14s/it]
 64%|██████▍   | 5557/8682 [3:25:30<1:58:12,  2.27s/it]
 64%|██████▍   | 5558/8682 [3:25:32<2:02:38,  2.36s/it]
 64%|██████▍   | 5559/8682 [3:25:35<2:07:09,  2.44s/it]
 64%|██████▍   | 5560/8682 [3:25:37<2:02:10,  2.35s/it]
 64%|██████▍   | 5561/8682 [3:25:39<1:59:14,  2.29s/it]
 64%|██████▍   | 5562/8682 [3:25:42<2:02:19,  2.35s/it]
 64%|██████▍   | 5563/8682 [3:25:44<2:05:12,  2.41s/it]
 64%|██████▍   | 5564/8682 [3:25:46<2:01:57,  2.35s/it]
 64%|██████▍   | 5565/8682 [3:25:48<1:57:05,  2.25s/it]
 64%|██████▍   | 5566/8682 [3:25:51<1:57:01,  2.25s/it]
 64%|██████▍   | 5567/8682 [3:25:53<1:53:50,  2.19s/it]
 64%|██████▍   | 5568/8682 [3:25:55<1:55:19,  2.22s/it]
 64%|██████▍   | 5569/8682 [3:25:57<1:57:19,  2.26s/it]
 64%|██████▍   | 5570/8682 [3:25:59<1:51:10,  2.14s/it]
 64%|██████▍   | 5571/8682 [3:26:01<1:52:31,  2.17s/it]
 64%|██████▍   | 5572/8682 [3:26:03<1:43:33,  2.00s/it]
 64%|██████▍   | 5573/8682 [3:26:05<1:50:27,  2.13s/it]
 64%|██████▍   | 5574/8682 [3:26:08<1:57:50,  2.27s/it]
 64%|██████▍   | 5575/8682 [3:26:10<1:51:30,  2.15s/it]
 64%|██████▍   | 5576/8682 [3:26:12<1:50:07,  2.13s/it]
 64%|██████▍   | 5577/8682 [3:26:14<1:54:52,  2.22s/it]
 64%|██████▍   | 5578/8682 [3:26:17<2:02:13,  2.36s/it]
 64%|██████▍   | 5579/8682 [3:26:19<2:00:54,  2.34s/it]
 64%|██████▍   | 5580/8682 [3:26:22<1:57:05,  2.26s/it]
 64%|██████▍   | 5581/8682 [3:26:23<1:47:12,  2.07s/it]
 64%|██████▍   | 5582/8682 [3:26:26<1:53:14,  2.19s/it]
 64%|██████▍   | 5583/8682 [3:26:27<1:44:45,  2.03s/it]
 64%|██████▍   | 5584/8682 [3:26:29<1:42:55,  1.99s/it]
 64%|██████▍   | 5585/8682 [3:26:31<1:43:53,  2.01s/it]
 64%|██████▍   | 5586/8682 [3:26:33<1:40:34,  1.95s/it]
 64%|██████▍   | 5587/8682 [3:26:35<1:42:18,  1.98s/it]
 64%|██████▍   | 5588/8682 [3:26:38<1:53:37,  2.20s/it]
 64%|██████▍   | 5589/8682 [3:26:40<1:49:07,  2.12s/it]
 64%|██████▍   | 5590/8682 [3:26:42<1:55:11,  2.24s/it]
 64%|██████▍   | 5591/8682 [3:26:45<1:59:56,  2.33s/it]
 64%|██████▍   | 5592/8682 [3:26:47<2:00:59,  2.35s/it]
 64%|██████▍   | 5593/8682 [3:26:50<2:04:19,  2.41s/it]
 64%|██████▍   | 5594/8682 [3:26:52<1:54:18,  2.22s/it]
 64%|██████▍   | 5595/8682 [3:26:54<1:51:16,  2.16s/it]
 64%|██████▍   | 5596/8682 [3:26:55<1:44:20,  2.03s/it]
 64%|██████▍   | 5597/8682 [3:26:57<1:41:40,  1.98s/it]
 64%|██████▍   | 5598/8682 [3:26:59<1:42:40,  2.00s/it]
 64%|██████▍   | 5599/8682 [3:27:02<1:48:56,  2.12s/it]
 65%|██████▍   | 5600/8682 [3:27:04<1:47:45,  2.10s/it]

{'loss': '1.026', 'grad_norm': '0.566', 'learning_rate': '1.479e-05', 'epoch': '1.935'}

 65%|██████▍   | 5600/8682 [3:27:04<1:47:45,  2.10s/it]
 65%|██████▍   | 5601/8682 [3:27:06<1:50:10,  2.15s/it]
 65%|██████▍   | 5602/8682 [3:27:08<1:49:03,  2.12s/it]
 65%|██████▍   | 5603/8682 [3:27:10<1:45:17,  2.05s/it]
 65%|██████▍   | 5604/8682 [3:27:12<1:41:21,  1.98s/it]
 65%|██████▍   | 5605/8682 [3:27:14<1:40:22,  1.96s/it]
 65%|██████▍   | 5606/8682 [3:27:16<1:45:38,  2.06s/it]
 65%|██████▍   | 5607/8682 [3:27:18<1:50:58,  2.17s/it]
 65%|██████▍   | 5608/8682 [3:27:20<1:48:31,  2.12s/it]
 65%|██████▍   | 5609/8682 [3:27:23<1:51:19,  2.17s/it]
 65%|██████▍   | 5610/8682 [3:27:25<1:53:36,  2.22s/it]
 65%|██████▍   | 5611/8682 [3:27:27<1:54:37,  2.24s/it]
 65%|██████▍   | 5612/8682 [3:27:29<1:55:28,  2.26s/it]
 65%|██████▍   | 5613/8682 [3:27:32<1:59:53,  2.34s/it]
 65%|██████▍   | 5614/8682 [3:27:34<2:01:03,  2.37s/it]
 65%|██████▍   | 5615/8682 [3:27:37<1:57:15,  2.29s/it]
 65%|██████▍   | 5616/8682 [3:27:39<1:58:07,  2.31s/it]
 65%|██████▍   | 5617/8682 [3:27:41<1:56:11,  2.27s/it]
 65%|██████▍   | 5618/8682 [3:27:43<1:44:50,  2.05s/it]
 65%|██████▍   | 5619/8682 [3:27:44<1:37:46,  1.92s/it]
 65%|██████▍   | 5620/8682 [3:27:47<1:42:59,  2.02s/it]
 65%|██████▍   | 5621/8682 [3:27:49<1:45:17,  2.06s/it]
 65%|██████▍   | 5622/8682 [3:27:51<1:43:11,  2.02s/it]
 65%|██████▍   | 5623/8682 [3:27:53<1:47:58,  2.12s/it]
 65%|██████▍   | 5624/8682 [3:27:55<1:52:53,  2.22s/it]
 65%|██████▍   | 5625/8682 [3:27:58<1:53:44,  2.23s/it]
 65%|██████▍   | 5626/8682 [3:28:00<1:55:11,  2.26s/it]
 65%|██████▍   | 5627/8682 [3:28:02<1:47:31,  2.11s/it]
 65%|██████▍   | 5628/8682 [3:28:04<1:49:23,  2.15s/it]
 65%|██████▍   | 5629/8682 [3:28:06<1:51:14,  2.19s/it]
 65%|██████▍   | 5630/8682 [3:28:09<1:54:58,  2.26s/it]
 65%|██████▍   | 5631/8682 [3:28:12<2:06:03,  2.48s/it]
 65%|██████▍   | 5632/8682 [3:28:15<2:12:51,  2.61s/it]
 65%|██████▍   | 5633/8682 [3:28:16<2:00:34,  2.37s/it]
 65%|██████▍   | 5634/8682 [3:28:19<2:05:44,  2.48s/it]
 65%|██████▍   | 5635/8682 [3:28:22<2:08:25,  2.53s/it]
 65%|██████▍   | 5636/8682 [3:28:24<2:04:44,  2.46s/it]
 65%|██████▍   | 5637/8682 [3:28:26<1:56:07,  2.29s/it]
 65%|██████▍   | 5638/8682 [3:28:28<1:53:59,  2.25s/it]
 65%|██████▍   | 5639/8682 [3:28:31<2:04:17,  2.45s/it]
 65%|██████▍   | 5640/8682 [3:28:33<1:52:45,  2.22s/it]
 65%|██████▍   | 5641/8682 [3:28:35<1:50:52,  2.19s/it]
 65%|██████▍   | 5642/8682 [3:28:37<1:45:08,  2.08s/it]
 65%|██████▍   | 5643/8682 [3:28:39<1:48:11,  2.14s/it]
 65%|██████▌   | 5644/8682 [3:28:41<1:49:52,  2.17s/it]
 65%|██████▌   | 5645/8682 [3:28:44<1:54:14,  2.26s/it]
 65%|██████▌   | 5646/8682 [3:28:46<1:55:44,  2.29s/it]
 65%|██████▌   | 5647/8682 [3:28:48<1:47:51,  2.13s/it]
 65%|██████▌   | 5648/8682 [3:28:50<1:56:49,  2.31s/it]
 65%|██████▌   | 5649/8682 [3:28:53<1:56:19,  2.30s/it]
 65%|██████▌   | 5650/8682 [3:28:55<1:52:40,  2.23s/it]

{'loss': '1.026', 'grad_norm': '0.4894', 'learning_rate': '1.437e-05', 'epoch': '1.952'}

 65%|██████▌   | 5650/8682 [3:28:55<1:52:40,  2.23s/it]
 65%|██████▌   | 5651/8682 [3:28:58<2:01:58,  2.41s/it]
 65%|██████▌   | 5652/8682 [3:29:00<1:59:50,  2.37s/it]
 65%|██████▌   | 5653/8682 [3:29:03<2:03:19,  2.44s/it]
 65%|██████▌   | 5654/8682 [3:29:04<1:50:31,  2.19s/it]
 65%|██████▌   | 5655/8682 [3:29:06<1:48:18,  2.15s/it]
 65%|██████▌   | 5656/8682 [3:29:09<1:51:38,  2.21s/it]
 65%|██████▌   | 5657/8682 [3:29:11<1:52:09,  2.22s/it]
 65%|██████▌   | 5658/8682 [3:29:13<1:52:19,  2.23s/it]
 65%|██████▌   | 5659/8682 [3:29:15<1:54:23,  2.27s/it]
 65%|██████▌   | 5660/8682 [3:29:18<2:05:01,  2.48s/it]
 65%|██████▌   | 5661/8682 [3:29:20<1:52:17,  2.23s/it]
 65%|██████▌   | 5662/8682 [3:29:22<1:52:03,  2.23s/it]
 65%|██████▌   | 5663/8682 [3:29:24<1:51:37,  2.22s/it]
 65%|██████▌   | 5664/8682 [3:29:27<1:52:28,  2.24s/it]
 65%|██████▌   | 5665/8682 [3:29:29<1:45:52,  2.11s/it]
 65%|██████▌   | 5666/8682 [3:29:31<1:48:07,  2.15s/it]
 65%|██████▌   | 5667/8682 [3:29:33<1:51:22,  2.22s/it]
 65%|██████▌   | 5668/8682 [3:29:35<1:52:48,  2.25s/it]
 65%|██████▌   | 5669/8682 [3:29:38<1:55:36,  2.30s/it]
 65%|██████▌   | 5670/8682 [3:29:40<1:49:16,  2.18s/it]
 65%|██████▌   | 5671/8682 [3:29:42<1:50:18,  2.20s/it]
 65%|██████▌   | 5672/8682 [3:29:44<1:52:31,  2.24s/it]
 65%|██████▌   | 5673/8682 [3:29:47<2:00:47,  2.41s/it]
 65%|██████▌   | 5674/8682 [3:29:50<2:02:31,  2.44s/it]
 65%|██████▌   | 5675/8682 [3:29:52<2:02:21,  2.44s/it]
 65%|██████▌   | 5676/8682 [3:29:55<2:10:43,  2.61s/it]
 65%|██████▌   | 5677/8682 [3:29:58<2:06:55,  2.53s/it]
 65%|██████▌   | 5678/8682 [3:30:00<2:11:12,  2.62s/it]
 65%|██████▌   | 5679/8682 [3:30:03<2:05:18,  2.50s/it]
 65%|██████▌   | 5680/8682 [3:30:05<1:58:44,  2.37s/it]
 65%|██████▌   | 5681/8682 [3:30:07<1:54:25,  2.29s/it]
 65%|██████▌   | 5682/8682 [3:30:08<1:44:21,  2.09s/it]
 65%|██████▌   | 5683/8682 [3:30:11<1:51:42,  2.23s/it]
 65%|██████▌   | 5684/8682 [3:30:13<1:53:42,  2.28s/it]
 65%|██████▌   | 5685/8682 [3:30:16<1:53:14,  2.27s/it]
 65%|██████▌   | 5686/8682 [3:30:18<1:55:37,  2.32s/it]
 66%|██████▌   | 5687/8682 [3:30:20<1:49:25,  2.19s/it]
 66%|██████▌   | 5688/8682 [3:30:23<1:57:12,  2.35s/it]
 66%|██████▌   | 5689/8682 [3:30:25<1:54:46,  2.30s/it]
 66%|██████▌   | 5690/8682 [3:30:27<1:54:44,  2.30s/it]
 66%|██████▌   | 5691/8682 [3:30:29<1:48:17,  2.17s/it]
 66%|██████▌   | 5692/8682 [3:30:31<1:42:02,  2.05s/it]
 66%|██████▌   | 5693/8682 [3:30:33<1:47:34,  2.16s/it]
 66%|██████▌   | 5694/8682 [3:30:35<1:49:40,  2.20s/it]
 66%|██████▌   | 5695/8682 [3:30:38<1:53:47,  2.29s/it]
 66%|██████▌   | 5696/8682 [3:30:40<1:55:42,  2.32s/it]
 66%|██████▌   | 5697/8682 [3:30:42<1:49:45,  2.21s/it]
 66%|██████▌   | 5698/8682 [3:30:45<1:52:36,  2.26s/it]
 66%|██████▌   | 5699/8682 [3:30:47<2:00:03,  2.41s/it]
 66%|██████▌   | 5700/8682 [3:30:50<2:00:51,  2.43s/it]

{'loss': '1.024', 'grad_norm': '0.5613', 'learning_rate': '1.395e-05', 'epoch': '1.97'}

 66%|██████▌   | 5700/8682 [3:30:50<2:00:51,  2.43s/it]
 66%|██████▌   | 5701/8682 [3:30:52<1:51:53,  2.25s/it]
 66%|██████▌   | 5702/8682 [3:30:54<1:48:28,  2.18s/it]
 66%|██████▌   | 5703/8682 [3:30:56<1:47:58,  2.17s/it]
 66%|██████▌   | 5704/8682 [3:30:58<1:53:04,  2.28s/it]
 66%|██████▌   | 5705/8682 [3:31:00<1:47:58,  2.18s/it]
 66%|██████▌   | 5706/8682 [3:31:03<1:52:29,  2.27s/it]
 66%|██████▌   | 5707/8682 [3:31:05<1:53:50,  2.30s/it]
 66%|██████▌   | 5708/8682 [3:31:08<2:00:50,  2.44s/it]
 66%|██████▌   | 5709/8682 [3:31:10<1:59:04,  2.40s/it]
 66%|██████▌   | 5710/8682 [3:31:13<1:56:47,  2.36s/it]
 66%|██████▌   | 5711/8682 [3:31:14<1:47:54,  2.18s/it]
 66%|██████▌   | 5712/8682 [3:31:16<1:46:42,  2.16s/it]
 66%|██████▌   | 5713/8682 [3:31:19<1:49:44,  2.22s/it]
 66%|██████▌   | 5714/8682 [3:31:21<1:44:13,  2.11s/it]
 66%|██████▌   | 5715/8682 [3:31:22<1:39:04,  2.00s/it]
 66%|██████▌   | 5716/8682 [3:31:24<1:37:06,  1.96s/it]
 66%|██████▌   | 5717/8682 [3:31:26<1:33:01,  1.88s/it]
 66%|██████▌   | 5718/8682 [3:31:28<1:32:40,  1.88s/it]
 66%|██████▌   | 5719/8682 [3:31:30<1:33:02,  1.88s/it]
 66%|██████▌   | 5720/8682 [3:31:32<1:37:05,  1.97s/it]
 66%|██████▌   | 5721/8682 [3:31:34<1:33:42,  1.90s/it]
 66%|██████▌   | 5722/8682 [3:31:36<1:42:59,  2.09s/it]
 66%|██████▌   | 5723/8682 [3:31:39<1:56:27,  2.36s/it]
 66%|██████▌   | 5724/8682 [3:31:41<1:51:46,  2.27s/it]
 66%|██████▌   | 5725/8682 [3:31:43<1:47:11,  2.17s/it]
 66%|██████▌   | 5726/8682 [3:31:45<1:48:35,  2.20s/it]
 66%|██████▌   | 5727/8682 [3:31:47<1:39:16,  2.02s/it]
 66%|██████▌   | 5728/8682 [3:31:49<1:43:47,  2.11s/it]
 66%|██████▌   | 5729/8682 [3:31:51<1:39:54,  2.03s/it]
 66%|██████▌   | 5730/8682 [3:31:54<1:45:07,  2.14s/it]
 66%|██████▌   | 5731/8682 [3:31:56<1:50:54,  2.25s/it]
 66%|██████▌   | 5732/8682 [3:31:58<1:45:00,  2.14s/it]
 66%|██████▌   | 5733/8682 [3:32:00<1:49:15,  2.22s/it]
 66%|██████▌   | 5734/8682 [3:32:02<1:40:34,  2.05s/it]
 66%|██████▌   | 5735/8682 [3:32:04<1:37:52,  1.99s/it]
 66%|██████▌   | 5736/8682 [3:32:06<1:43:25,  2.11s/it]
 66%|██████▌   | 5737/8682 [3:32:08<1:43:35,  2.11s/it]
 66%|██████▌   | 5738/8682 [3:32:11<1:46:31,  2.17s/it]
 66%|██████▌   | 5739/8682 [3:32:13<1:42:50,  2.10s/it]
 66%|██████▌   | 5740/8682 [3:32:16<1:56:26,  2.37s/it]
 66%|██████▌   | 5741/8682 [3:32:18<1:53:13,  2.31s/it]
 66%|██████▌   | 5742/8682 [3:32:20<1:49:18,  2.23s/it]
 66%|██████▌   | 5743/8682 [3:32:21<1:38:51,  2.02s/it]
 66%|██████▌   | 5744/8682 [3:32:24<1:45:04,  2.15s/it]
 66%|██████▌   | 5745/8682 [3:32:26<1:43:46,  2.12s/it]
 66%|██████▌   | 5746/8682 [3:32:28<1:47:05,  2.19s/it]
 66%|██████▌   | 5747/8682 [3:32:31<1:48:49,  2.22s/it]
 66%|██████▌   | 5748/8682 [3:32:32<1:40:26,  2.05s/it]
 66%|██████▌   | 5749/8682 [3:32:34<1:35:08,  1.95s/it]
 66%|██████▌   | 5750/8682 [3:32:36<1:39:09,  2.03s/it]

{'loss': '1.015', 'grad_norm': '0.4792', 'learning_rate': '1.353e-05', 'epoch': '1.987'}

 66%|██████▌   | 5750/8682 [3:32:36<1:39:09,  2.03s/it]
 66%|██████▌   | 5751/8682 [3:32:38<1:39:58,  2.05s/it]
 66%|██████▋   | 5752/8682 [3:32:40<1:34:26,  1.93s/it]
 66%|██████▋   | 5753/8682 [3:32:41<1:28:17,  1.81s/it]
 66%|██████▋   | 5754/8682 [3:32:44<1:33:08,  1.91s/it]
 66%|██████▋   | 5755/8682 [3:32:45<1:30:47,  1.86s/it]
 66%|██████▋   | 5756/8682 [3:32:48<1:39:05,  2.03s/it]
 66%|██████▋   | 5757/8682 [3:32:50<1:38:40,  2.02s/it]
 66%|██████▋   | 5758/8682 [3:32:52<1:41:03,  2.07s/it]
 66%|██████▋   | 5759/8682 [3:32:55<1:56:04,  2.38s/it]
 66%|██████▋   | 5760/8682 [3:32:58<1:57:57,  2.42s/it]
 66%|██████▋   | 5761/8682 [3:33:00<1:55:53,  2.38s/it]
 66%|██████▋   | 5762/8682 [3:33:02<1:50:38,  2.27s/it]
 66%|██████▋   | 5763/8682 [3:33:04<1:45:29,  2.17s/it]
 66%|██████▋   | 5764/8682 [3:33:06<1:42:00,  2.10s/it]
 66%|██████▋   | 5765/8682 [3:33:09<1:53:30,  2.33s/it]
 66%|██████▋   | 5766/8682 [3:33:11<1:52:21,  2.31s/it]
 66%|██████▋   | 5767/8682 [3:33:13<1:49:56,  2.26s/it]
 66%|██████▋   | 5768/8682 [3:33:15<1:44:24,  2.15s/it]
 66%|██████▋   | 5769/8682 [3:33:17<1:39:03,  2.04s/it]
 66%|██████▋   | 5770/8682 [3:33:19<1:40:16,  2.07s/it]
 66%|██████▋   | 5771/8682 [3:33:21<1:45:49,  2.18s/it]
 66%|██████▋   | 5772/8682 [3:33:24<1:49:07,  2.25s/it]
 66%|██████▋   | 5773/8682 [3:33:26<1:47:35,  2.22s/it]
 67%|██████▋   | 5774/8682 [3:33:28<1:41:15,  2.09s/it]
 67%|██████▋   | 5775/8682 [3:33:29<1:36:08,  1.98s/it]
 67%|██████▋   | 5776/8682 [3:33:31<1:32:55,  1.92s/it]
 67%|██████▋   | 5777/8682 [3:33:33<1:38:51,  2.04s/it]
 67%|██████▋   | 5778/8682 [3:33:35<1:36:20,  1.99s/it]
 67%|██████▋   | 5779/8682 [3:33:37<1:32:30,  1.91s/it]
 67%|██████▋   | 5780/8682 [3:33:39<1:31:00,  1.88s/it]
 67%|██████▋   | 5781/8682 [3:33:41<1:34:38,  1.96s/it]
 67%|██████▋   | 5782/8682 [3:33:44<1:47:38,  2.23s/it]
 67%|██████▋   | 5783/8682 [3:33:46<1:49:03,  2.26s/it]
 67%|██████▋   | 5784/8682 [3:33:49<1:52:12,  2.32s/it]
 67%|██████▋   | 5785/8682 [3:33:50<1:45:27,  2.18s/it]
 67%|██████▋   | 5786/8682 [3:33:53<1:45:31,  2.19s/it]
 67%|██████▋   | 5787/8682 [3:33:55<1:42:09,  2.12s/it]
 67%|██████▋   | 5788/8682 [3:33:56<1:34:51,  1.97s/it]
============================================================
SANITY CHECK @ EPOCH END
============================================================
  ✓ IN:  hello there
    EXP: Hello there
    OUT: Hello there

  ✓ IN:  thx 4 the help
    EXP: Thanks for the help
    OUT: Thanks for the help

  ✓ IN:  c u l8r
    EXP: See you later
    OUT: See you later

  ✓ IN:  idk wh4t 2 d0 tbh
    EXP: I don't know what to do to be honest
    OUT: I don't know what to do to be honest

  ✓ IN:  1 h4v3 2 c4t5
    EXP: I have 2 cats
    OUT: I have 2 cats

  ✗ IN:  ur prolly right
    EXP: You're probably right
    OUT: You're probably right.

  ✓ IN:  1t5 2 l8
    EXP: It is too late
    OUT: It is too late

  ✗ IN:  th4t5 2 much 4 m3
    EXP: That's too much for me
    OUT: That is too much for me

  ✓ IN:  1 n33d 2 g0 2 w0rk
    EXP: I need to go to work
    OUT: I need to go to work

  ✓ IN:  wh4t t1m3 15 th3 m33t1ng @ 3 pm
    EXP: What time is the meeting at 3 PM
    OUT: What time is the meeting at 3 PM

  ✗ IN:  1 g0t 100 p01nt5 0n th3 t35t
    EXP: I got 100 points on the test
    OUT: I have 100 points on the test.

  ✓ IN:  I have 2 cats
    EXP: I have 2 cats
    OUT: I have 2 cats

  ✓ IN:  The meeting is at 3 PM
    EXP: The meeting is at 3 PM
    OUT: The meeting is at 3 PM

Accuracy: 10/13 (76.9%)
============================================================


 67%|██████▋   | 5789/8682 [3:34:04<3:01:56,  3.77s/it]
 67%|██████▋   | 5790/8682 [3:34:06<2:35:52,  3.23s/it]
 67%|██████▋   | 5791/8682 [3:34:08<2:22:37,  2.96s/it]
 67%|██████▋   | 5792/8682 [3:34:10<2:06:40,  2.63s/it]
 67%|██████▋   | 5793/8682 [3:34:12<1:59:11,  2.48s/it]
 67%|██████▋   | 5794/8682 [3:34:15<2:01:41,  2.53s/it]
 67%|██████▋   | 5795/8682 [3:34:18<2:08:19,  2.67s/it]
 67%|██████▋   | 5796/8682 [3:34:21<2:04:59,  2.60s/it]
 67%|██████▋   | 5797/8682 [3:34:22<1:54:13,  2.38s/it]
 67%|██████▋   | 5798/8682 [3:34:24<1:45:51,  2.20s/it]
 67%|██████▋   | 5799/8682 [3:34:26<1:41:25,  2.11s/it]
 67%|██████▋   | 5800/8682 [3:34:28<1:36:34,  2.01s/it]

{'loss': '1.004', 'grad_norm': '0.5622', 'learning_rate': '1.312e-05', 'epoch': '2.004'}

 67%|██████▋   | 5800/8682 [3:34:28<1:36:34,  2.01s/it]
 67%|██████▋   | 5801/8682 [3:34:29<1:27:38,  1.83s/it]
 67%|██████▋   | 5802/8682 [3:34:32<1:43:37,  2.16s/it]
 67%|██████▋   | 5803/8682 [3:34:34<1:43:12,  2.15s/it]
 67%|██████▋   | 5804/8682 [3:34:36<1:42:04,  2.13s/it]
 67%|██████▋   | 5805/8682 [3:34:39<1:42:42,  2.14s/it]
 67%|██████▋   | 5806/8682 [3:34:41<1:40:28,  2.10s/it]
 67%|██████▋   | 5807/8682 [3:34:42<1:32:55,  1.94s/it]
 67%|██████▋   | 5808/8682 [3:34:44<1:28:06,  1.84s/it]
 67%|██████▋   | 5809/8682 [3:34:46<1:35:22,  1.99s/it]
 67%|██████▋   | 5810/8682 [3:34:48<1:39:57,  2.09s/it]
 67%|██████▋   | 5811/8682 [3:34:51<1:44:29,  2.18s/it]
 67%|██████▋   | 5812/8682 [3:34:52<1:37:01,  2.03s/it]
 67%|██████▋   | 5813/8682 [3:34:55<1:45:59,  2.22s/it]
 67%|██████▋   | 5814/8682 [3:34:57<1:38:06,  2.05s/it]
 67%|██████▋   | 5815/8682 [3:34:59<1:40:39,  2.11s/it]
 67%|██████▋   | 5816/8682 [3:35:01<1:38:31,  2.06s/it]
 67%|██████▋   | 5817/8682 [3:35:04<1:47:27,  2.25s/it]
 67%|██████▋   | 5818/8682 [3:35:06<1:54:01,  2.39s/it]
 67%|██████▋   | 5819/8682 [3:35:09<1:53:37,  2.38s/it]
 67%|██████▋   | 5820/8682 [3:35:10<1:43:48,  2.18s/it]
 67%|██████▋   | 5821/8682 [3:35:12<1:40:43,  2.11s/it]
 67%|██████▋   | 5822/8682 [3:35:14<1:34:34,  1.98s/it]
 67%|██████▋   | 5823/8682 [3:35:16<1:36:53,  2.03s/it]
 67%|██████▋   | 5824/8682 [3:35:18<1:39:25,  2.09s/it]
 67%|██████▋   | 5825/8682 [3:35:20<1:32:57,  1.95s/it]
 67%|██████▋   | 5826/8682 [3:35:22<1:31:39,  1.93s/it]
 67%|██████▋   | 5827/8682 [3:35:24<1:39:40,  2.09s/it]
 67%|██████▋   | 5828/8682 [3:35:27<1:43:38,  2.18s/it]
 67%|██████▋   | 5829/8682 [3:35:29<1:45:10,  2.21s/it]
 67%|██████▋   | 5830/8682 [3:35:31<1:46:12,  2.23s/it]
 67%|██████▋   | 5831/8682 [3:35:34<1:49:02,  2.29s/it]
 67%|██████▋   | 5832/8682 [3:35:36<1:48:31,  2.28s/it]
 67%|██████▋   | 5833/8682 [3:35:38<1:40:57,  2.13s/it]
 67%|██████▋   | 5834/8682 [3:35:40<1:38:44,  2.08s/it]
 67%|██████▋   | 5835/8682 [3:35:42<1:38:18,  2.07s/it]
 67%|██████▋   | 5836/8682 [3:35:44<1:39:04,  2.09s/it]
 67%|██████▋   | 5837/8682 [3:35:47<1:44:37,  2.21s/it]
 67%|██████▋   | 5838/8682 [3:35:49<1:55:12,  2.43s/it]
 67%|██████▋   | 5839/8682 [3:35:52<1:51:35,  2.36s/it]
 67%|██████▋   | 5840/8682 [3:35:54<1:46:14,  2.24s/it]
 67%|██████▋   | 5841/8682 [3:35:57<1:58:33,  2.50s/it]
 67%|██████▋   | 5842/8682 [3:35:59<1:50:25,  2.33s/it]
 67%|██████▋   | 5843/8682 [3:36:00<1:41:40,  2.15s/it]
 67%|██████▋   | 5844/8682 [3:36:02<1:39:02,  2.09s/it]
 67%|██████▋   | 5845/8682 [3:36:04<1:36:20,  2.04s/it]
 67%|██████▋   | 5846/8682 [3:36:06<1:30:44,  1.92s/it]
 67%|██████▋   | 5847/8682 [3:36:08<1:33:38,  1.98s/it]
 67%|██████▋   | 5848/8682 [3:36:11<1:40:40,  2.13s/it]
 67%|██████▋   | 5849/8682 [3:36:13<1:39:39,  2.11s/it]
 67%|██████▋   | 5850/8682 [3:36:15<1:43:07,  2.18s/it]

{'loss': '1.002', 'grad_norm': '0.5979', 'learning_rate': '1.271e-05', 'epoch': '2.021'}

 67%|██████▋   | 5850/8682 [3:36:15<1:43:07,  2.18s/it]
 67%|██████▋   | 5851/8682 [3:36:17<1:45:54,  2.24s/it]
 67%|██████▋   | 5852/8682 [3:36:19<1:40:16,  2.13s/it]
 67%|██████▋   | 5853/8682 [3:36:22<1:43:34,  2.20s/it]
 67%|██████▋   | 5854/8682 [3:36:23<1:36:55,  2.06s/it]
 67%|██████▋   | 5855/8682 [3:36:25<1:37:22,  2.07s/it]
 67%|██████▋   | 5856/8682 [3:36:28<1:41:47,  2.16s/it]
 67%|██████▋   | 5857/8682 [3:36:30<1:48:07,  2.30s/it]
 67%|██████▋   | 5858/8682 [3:36:32<1:41:52,  2.16s/it]
 67%|██████▋   | 5859/8682 [3:36:34<1:42:30,  2.18s/it]
 67%|██████▋   | 5860/8682 [3:36:37<1:43:30,  2.20s/it]
 68%|██████▊   | 5861/8682 [3:36:39<1:47:16,  2.28s/it]
 68%|██████▊   | 5862/8682 [3:36:41<1:38:42,  2.10s/it]
 68%|██████▊   | 5863/8682 [3:36:43<1:45:12,  2.24s/it]
 68%|██████▊   | 5864/8682 [3:36:46<1:52:13,  2.39s/it]
 68%|██████▊   | 5865/8682 [3:36:49<2:00:17,  2.56s/it]
 68%|██████▊   | 5866/8682 [3:36:52<2:06:50,  2.70s/it]
 68%|██████▊   | 5867/8682 [3:36:54<1:53:41,  2.42s/it]
 68%|██████▊   | 5868/8682 [3:36:56<1:49:51,  2.34s/it]
 68%|██████▊   | 5869/8682 [3:36:58<1:49:52,  2.34s/it]
 68%|██████▊   | 5870/8682 [3:37:01<1:49:45,  2.34s/it]
 68%|██████▊   | 5871/8682 [3:37:03<1:45:29,  2.25s/it]
 68%|██████▊   | 5872/8682 [3:37:05<1:44:43,  2.24s/it]
 68%|██████▊   | 5873/8682 [3:37:07<1:35:39,  2.04s/it]
 68%|██████▊   | 5874/8682 [3:37:08<1:34:05,  2.01s/it]
 68%|██████▊   | 5875/8682 [3:37:11<1:42:25,  2.19s/it]
 68%|██████▊   | 5876/8682 [3:37:13<1:45:02,  2.25s/it]
 68%|██████▊   | 5877/8682 [3:37:15<1:32:26,  1.98s/it]
 68%|██████▊   | 5878/8682 [3:37:17<1:29:37,  1.92s/it]
 68%|██████▊   | 5879/8682 [3:37:19<1:31:18,  1.95s/it]
 68%|██████▊   | 5880/8682 [3:37:20<1:29:35,  1.92s/it]
 68%|██████▊   | 5881/8682 [3:37:23<1:35:49,  2.05s/it]
 68%|██████▊   | 5882/8682 [3:37:25<1:39:36,  2.13s/it]
 68%|██████▊   | 5883/8682 [3:37:28<1:44:36,  2.24s/it]
 68%|██████▊   | 5884/8682 [3:37:30<1:46:16,  2.28s/it]
 68%|██████▊   | 5885/8682 [3:37:32<1:40:06,  2.15s/it]
 68%|██████▊   | 5886/8682 [3:37:34<1:45:41,  2.27s/it]
 68%|██████▊   | 5887/8682 [3:37:36<1:41:43,  2.18s/it]
 68%|██████▊   | 5888/8682 [3:37:39<1:40:49,  2.17s/it]
 68%|██████▊   | 5889/8682 [3:37:41<1:39:02,  2.13s/it]
 68%|██████▊   | 5890/8682 [3:37:43<1:38:39,  2.12s/it]
 68%|██████▊   | 5891/8682 [3:37:45<1:43:26,  2.22s/it]
 68%|██████▊   | 5892/8682 [3:37:47<1:44:25,  2.25s/it]
 68%|██████▊   | 5893/8682 [3:37:49<1:38:55,  2.13s/it]
 68%|██████▊   | 5894/8682 [3:37:52<1:41:46,  2.19s/it]
 68%|██████▊   | 5895/8682 [3:37:54<1:38:22,  2.12s/it]
 68%|██████▊   | 5896/8682 [3:37:56<1:43:41,  2.23s/it]
 68%|██████▊   | 5897/8682 [3:37:58<1:45:25,  2.27s/it]
 68%|██████▊   | 5898/8682 [3:38:01<1:48:19,  2.33s/it]
 68%|██████▊   | 5899/8682 [3:38:03<1:45:06,  2.27s/it]
 68%|██████▊   | 5900/8682 [3:38:06<1:50:22,  2.38s/it]

{'loss': '0.9898', 'grad_norm': '0.5256', 'learning_rate': '1.231e-05', 'epoch': '2.039'}

 68%|██████▊   | 5900/8682 [3:38:06<1:50:22,  2.38s/it]
 68%|██████▊   | 5901/8682 [3:38:07<1:40:44,  2.17s/it]
 68%|██████▊   | 5902/8682 [3:38:10<1:42:15,  2.21s/it]
 68%|██████▊   | 5903/8682 [3:38:12<1:38:43,  2.13s/it]
 68%|██████▊   | 5904/8682 [3:38:14<1:39:39,  2.15s/it]
 68%|██████▊   | 5905/8682 [3:38:17<1:52:27,  2.43s/it]
 68%|██████▊   | 5906/8682 [3:38:19<1:52:38,  2.43s/it]
 68%|██████▊   | 5907/8682 [3:38:21<1:43:15,  2.23s/it]
 68%|██████▊   | 5908/8682 [3:38:23<1:43:11,  2.23s/it]
 68%|██████▊   | 5909/8682 [3:38:25<1:40:09,  2.17s/it]
 68%|██████▊   | 5910/8682 [3:38:27<1:34:23,  2.04s/it]
 68%|██████▊   | 5911/8682 [3:38:29<1:25:47,  1.86s/it]
 68%|██████▊   | 5912/8682 [3:38:31<1:32:51,  2.01s/it]
 68%|██████▊   | 5913/8682 [3:38:33<1:35:56,  2.08s/it]
 68%|██████▊   | 5914/8682 [3:38:35<1:30:03,  1.95s/it]
 68%|██████▊   | 5915/8682 [3:38:37<1:32:53,  2.01s/it]
 68%|██████▊   | 5916/8682 [3:38:39<1:33:55,  2.04s/it]
 68%|██████▊   | 5917/8682 [3:38:42<1:44:05,  2.26s/it]
 68%|██████▊   | 5918/8682 [3:38:44<1:47:46,  2.34s/it]
 68%|██████▊   | 5919/8682 [3:38:46<1:38:49,  2.15s/it]
 68%|██████▊   | 5920/8682 [3:38:49<1:51:37,  2.43s/it]
 68%|██████▊   | 5921/8682 [3:38:51<1:50:00,  2.39s/it]
 68%|██████▊   | 5922/8682 [3:38:53<1:42:47,  2.23s/it]
 68%|██████▊   | 5923/8682 [3:38:56<1:45:22,  2.29s/it]
 68%|██████▊   | 5924/8682 [3:38:58<1:46:53,  2.33s/it]
 68%|██████▊   | 5925/8682 [3:39:01<1:48:56,  2.37s/it]
 68%|██████▊   | 5926/8682 [3:39:03<1:46:06,  2.31s/it]
 68%|██████▊   | 5927/8682 [3:39:05<1:47:13,  2.34s/it]
 68%|██████▊   | 5928/8682 [3:39:07<1:42:46,  2.24s/it]
 68%|██████▊   | 5929/8682 [3:39:09<1:43:06,  2.25s/it]
 68%|██████▊   | 5930/8682 [3:39:11<1:34:34,  2.06s/it]
 68%|██████▊   | 5931/8682 [3:39:13<1:29:05,  1.94s/it]
 68%|██████▊   | 5932/8682 [3:39:15<1:35:32,  2.08s/it]
 68%|██████▊   | 5933/8682 [3:39:18<1:39:44,  2.18s/it]
 68%|██████▊   | 5934/8682 [3:39:20<1:40:31,  2.19s/it]
 68%|██████▊   | 5935/8682 [3:39:22<1:41:26,  2.22s/it]
 68%|██████▊   | 5936/8682 [3:39:24<1:31:23,  2.00s/it]
 68%|██████▊   | 5937/8682 [3:39:26<1:34:13,  2.06s/it]
 68%|██████▊   | 5938/8682 [3:39:28<1:35:27,  2.09s/it]
 68%|██████▊   | 5939/8682 [3:39:30<1:30:14,  1.97s/it]
 68%|██████▊   | 5940/8682 [3:39:31<1:29:10,  1.95s/it]
 68%|██████▊   | 5941/8682 [3:39:34<1:38:06,  2.15s/it]
 68%|██████▊   | 5942/8682 [3:39:36<1:32:08,  2.02s/it]
 68%|██████▊   | 5943/8682 [3:39:38<1:36:49,  2.12s/it]
 68%|██████▊   | 5944/8682 [3:39:41<1:45:23,  2.31s/it]
 68%|██████▊   | 5945/8682 [3:39:43<1:44:19,  2.29s/it]
 68%|██████▊   | 5946/8682 [3:39:46<1:46:38,  2.34s/it]
 68%|██████▊   | 5947/8682 [3:39:48<1:49:29,  2.40s/it]
 69%|██████▊   | 5948/8682 [3:39:50<1:45:21,  2.31s/it]
 69%|██████▊   | 5949/8682 [3:39:52<1:43:08,  2.26s/it]
 69%|██████▊   | 5950/8682 [3:39:54<1:36:20,  2.12s/it]

{'loss': '0.9952', 'grad_norm': '0.5157', 'learning_rate': '1.191e-05', 'epoch': '2.056'}

 69%|██████▊   | 5950/8682 [3:39:54<1:36:20,  2.12s/it]
 69%|██████▊   | 5951/8682 [3:39:57<1:43:58,  2.28s/it]
 69%|██████▊   | 5952/8682 [3:39:59<1:40:31,  2.21s/it]
 69%|██████▊   | 5953/8682 [3:40:01<1:39:04,  2.18s/it]
 69%|██████▊   | 5954/8682 [3:40:03<1:35:08,  2.09s/it]
 69%|██████▊   | 5955/8682 [3:40:05<1:35:25,  2.10s/it]
 69%|██████▊   | 5956/8682 [3:40:08<1:42:40,  2.26s/it]
 69%|██████▊   | 5957/8682 [3:40:10<1:47:17,  2.36s/it]
 69%|██████▊   | 5958/8682 [3:40:12<1:34:53,  2.09s/it]
 69%|██████▊   | 5959/8682 [3:40:14<1:36:14,  2.12s/it]
 69%|██████▊   | 5960/8682 [3:40:16<1:39:02,  2.18s/it]
 69%|██████▊   | 5961/8682 [3:40:19<1:40:39,  2.22s/it]
 69%|██████▊   | 5962/8682 [3:40:21<1:41:24,  2.24s/it]
 69%|██████▊   | 5963/8682 [3:40:23<1:45:01,  2.32s/it]
 69%|██████▊   | 5964/8682 [3:40:26<1:46:46,  2.36s/it]
 69%|██████▊   | 5965/8682 [3:40:28<1:46:21,  2.35s/it]
 69%|██████▊   | 5966/8682 [3:40:30<1:44:28,  2.31s/it]
 69%|██████▊   | 5967/8682 [3:40:33<1:45:36,  2.33s/it]
 69%|██████▊   | 5968/8682 [3:40:34<1:36:49,  2.14s/it]
 69%|██████▉   | 5969/8682 [3:40:37<1:39:04,  2.19s/it]
 69%|██████▉   | 5970/8682 [3:40:39<1:41:44,  2.25s/it]
 69%|██████▉   | 5971/8682 [3:40:41<1:42:42,  2.27s/it]
 69%|██████▉   | 5972/8682 [3:40:44<1:42:41,  2.27s/it]
 69%|██████▉   | 5973/8682 [3:40:46<1:36:47,  2.14s/it]
 69%|██████▉   | 5974/8682 [3:40:47<1:31:42,  2.03s/it]
 69%|██████▉   | 5975/8682 [3:40:49<1:29:16,  1.98s/it]
 69%|██████▉   | 5976/8682 [3:40:52<1:36:21,  2.14s/it]
 69%|██████▉   | 5977/8682 [3:40:54<1:37:11,  2.16s/it]
 69%|██████▉   | 5978/8682 [3:40:56<1:43:01,  2.29s/it]
 69%|██████▉   | 5979/8682 [3:40:58<1:32:58,  2.06s/it]
 69%|██████▉   | 5980/8682 [3:41:00<1:32:02,  2.04s/it]
 69%|██████▉   | 5981/8682 [3:41:02<1:26:16,  1.92s/it]
 69%|██████▉   | 5982/8682 [3:41:04<1:29:29,  1.99s/it]
 69%|██████▉   | 5983/8682 [3:41:06<1:34:28,  2.10s/it]
 69%|██████▉   | 5984/8682 [3:41:09<1:38:57,  2.20s/it]
 69%|██████▉   | 5985/8682 [3:41:10<1:34:00,  2.09s/it]
 69%|██████▉   | 5986/8682 [3:41:12<1:28:23,  1.97s/it]
 69%|██████▉   | 5987/8682 [3:41:14<1:33:59,  2.09s/it]
 69%|██████▉   | 5988/8682 [3:41:17<1:38:54,  2.20s/it]
 69%|██████▉   | 5989/8682 [3:41:19<1:31:10,  2.03s/it]
 69%|██████▉   | 5990/8682 [3:41:20<1:28:13,  1.97s/it]
 69%|██████▉   | 5991/8682 [3:41:23<1:32:03,  2.05s/it]
 69%|██████▉   | 5992/8682 [3:41:24<1:28:22,  1.97s/it]
 69%|██████▉   | 5993/8682 [3:41:26<1:25:47,  1.91s/it]
 69%|██████▉   | 5994/8682 [3:41:29<1:33:27,  2.09s/it]
 69%|██████▉   | 5995/8682 [3:41:32<1:43:33,  2.31s/it]
 69%|██████▉   | 5996/8682 [3:41:34<1:40:44,  2.25s/it]
 69%|██████▉   | 5997/8682 [3:41:36<1:44:36,  2.34s/it]
 69%|██████▉   | 5998/8682 [3:41:39<1:48:45,  2.43s/it]
============================================================
SANITY CHECK @ Step 5999
============================================================
  ✓ IN:  hello there
    EXP: Hello there
    OUT: Hello there

  ✓ IN:  thx 4 the help
    EXP: Thanks for the help
    OUT: Thanks for the help

  ✓ IN:  c u l8r
    EXP: See you later
    OUT: See you later

  ✓ IN:  idk wh4t 2 d0 tbh
    EXP: I don't know what to do to be honest
    OUT: I don't know what to do to be honest

  ✓ IN:  1 h4v3 2 c4t5
    EXP: I have 2 cats
    OUT: I have 2 cats

  ✗ IN:  ur prolly right
    EXP: You're probably right
    OUT: You are probably right.

  ✓ IN:  1t5 2 l8
    EXP: It is too late
    OUT: It is too late

  ✗ IN:  th4t5 2 much 4 m3
    EXP: That's too much for me
    OUT: That is too much for me

  ✓ IN:  1 n33d 2 g0 2 w0rk
    EXP: I need to go to work
    OUT: I need to go to work

  ✓ IN:  wh4t t1m3 15 th3 m33t1ng @ 3 pm
    EXP: What time is the meeting at 3 PM
    OUT: What time is the meeting at 3 PM

  ✗ IN:  1 g0t 100 p01nt5 0n th3 t35t
    EXP: I got 100 points on the test
    OUT: I have 100 points on the test.

  ✓ IN:  I have 2 cats
    EXP: I have 2 cats
    OUT: I have 2 cats

  ✓ IN:  The meeting is at 3 PM
    EXP: The meeting is at 3 PM
    OUT: The meeting is at 3 PM

Accuracy: 10/13 (76.9%)
============================================================


 69%|██████▉   | 5999/8682 [3:41:44<2:23:43,  3.21s/it]
 69%|██████▉   | 6000/8682 [3:41:46<2:10:58,  2.93s/it]

{'loss': '0.992', 'grad_norm': '0.4754', 'learning_rate': '1.151e-05', 'epoch': '2.073'}

 69%|██████▉   | 6000/8682 [3:41:46<2:10:58,  2.93s/it]

  0%|          | 0/94 [00:00<?, ?it/s][A

  2%|▏         | 2/94 [00:00<00:38,  2.36it/s][A

  3%|▎         | 3/94 [00:01<00:54,  1.67it/s][A

  4%|▍         | 4/94 [00:02<00:56,  1.58it/s][A

  5%|▌         | 5/94 [00:03<01:21,  1.09it/s][A

  6%|▋         | 6/94 [00:04<01:16,  1.15it/s][A

  7%|▋         | 7/94 [00:05<01:08,  1.26it/s][A

  9%|▊         | 8/94 [00:06<01:21,  1.05it/s][A

 10%|▉         | 9/94 [00:07<01:24,  1.00it/s][A

 11%|█         | 10/94 [00:08<01:16,  1.10it/s][A

 12%|█▏        | 11/94 [00:09<01:17,  1.07it/s][A

 13%|█▎        | 12/94 [00:10<01:17,  1.05it/s][A

 14%|█▍        | 13/94 [00:11<01:15,  1.07it/s][A

 15%|█▍        | 14/94 [00:12<01:14,  1.07it/s][A

 16%|█▌        | 15/94 [00:13<01:21,  1.03s/it][A

 17%|█▋        | 16/94 [00:14<01:18,  1.01s/it][A

 18%|█▊        | 17/94 [00:15<01:19,  1.03s/it][A

 19%|█▉        | 18/94 [00:16<01:10,  1.07it/s][A

 20%|██        | 19/94 [00:17<01:08,  1.09it/s][A

 21%|██▏       | 20/94 [00:17<01:09,  1.07it/s][A

 22%|██▏       | 21/94 [00:18<01:01,  1.18it/s][A

 23%|██▎       | 22/94 [00:19<01:08,  1.04it/s][A

 24%|██▍       | 23/94 [00:20<01:02,  1.14it/s][A

 26%|██▌       | 24/94 [00:21<00:55,  1.26it/s][A

 27%|██▋       | 25/94 [00:22<00:57,  1.19it/s][A

 28%|██▊       | 26/94 [00:23<00:59,  1.15it/s][A

 29%|██▊       | 27/94 [00:23<00:57,  1.16it/s][A

 30%|██▉       | 28/94 [00:24<00:51,  1.29it/s][A

 31%|███       | 29/94 [00:25<01:00,  1.07it/s][A

 32%|███▏      | 30/94 [00:26<00:55,  1.15it/s][A

 33%|███▎      | 31/94 [00:27<01:05,  1.03s/it][A

 34%|███▍      | 32/94 [00:28<01:04,  1.04s/it][A

 35%|███▌      | 33/94 [00:30<01:04,  1.05s/it][A

 36%|███▌      | 34/94 [00:31<01:03,  1.06s/it][A

 37%|███▋      | 35/94 [00:32<01:00,  1.03s/it][A

 38%|███▊      | 36/94 [00:32<00:54,  1.07it/s][A

 39%|███▉      | 37/94 [00:33<00:49,  1.15it/s][A

 40%|████      | 38/94 [00:34<00:46,  1.20it/s][A

 41%|████▏     | 39/94 [00:35<00:53,  1.03it/s][A

 43%|████▎     | 40/94 [00:36<00:52,  1.03it/s][A

 44%|████▎     | 41/94 [00:37<00:59,  1.11s/it][A

 45%|████▍     | 42/94 [00:38<00:50,  1.03it/s][A

 46%|████▌     | 43/94 [00:39<00:52,  1.04s/it][A

 47%|████▋     | 44/94 [00:40<00:46,  1.09it/s][A

 48%|████▊     | 45/94 [00:41<00:54,  1.11s/it][A

 49%|████▉     | 46/94 [00:43<00:52,  1.10s/it][A

 50%|█████     | 47/94 [00:43<00:47,  1.01s/it][A

 51%|█████     | 48/94 [00:44<00:45,  1.01it/s][A

 52%|█████▏    | 49/94 [00:45<00:44,  1.00it/s][A

 53%|█████▎    | 50/94 [00:46<00:42,  1.05it/s][A

 54%|█████▍    | 51/94 [00:47<00:43,  1.01s/it][A

 55%|█████▌    | 52/94 [00:48<00:42,  1.00s/it][A

 56%|█████▋    | 53/94 [00:49<00:36,  1.12it/s][A

 57%|█████▋    | 54/94 [00:50<00:33,  1.18it/s][A

 59%|█████▊    | 55/94 [00:51<00:39,  1.00s/it][A

 60%|█████▉    | 56/94 [00:52<00:39,  1.03s/it][A

 61%|██████    | 57/94 [00:53<00:34,  1.07it/s][A

 62%|██████▏   | 58/94 [00:54<00:35,  1.01it/s][A

 63%|██████▎   | 59/94 [00:55<00:36,  1.04s/it][A

 64%|██████▍   | 60/94 [00:56<00:34,  1.01s/it][A

 65%|██████▍   | 61/94 [00:57<00:32,  1.02it/s][A

 66%|██████▌   | 62/94 [00:58<00:33,  1.05s/it][A

 67%|██████▋   | 63/94 [00:59<00:32,  1.06s/it][A

 68%|██████▊   | 64/94 [01:00<00:31,  1.06s/it][A

 69%|██████▉   | 65/94 [01:01<00:30,  1.04s/it][A

 70%|███████   | 66/94 [01:02<00:27,  1.03it/s][A

 71%|███████▏  | 67/94 [01:03<00:27,  1.00s/it][A

 72%|███████▏  | 68/94 [01:04<00:26,  1.03s/it][A

 73%|███████▎  | 69/94 [01:05<00:26,  1.04s/it][A

 74%|███████▍  | 70/94 [01:06<00:23,  1.01it/s][A

 76%|███████▌  | 71/94 [01:08<00:25,  1.09s/it][A

 77%|███████▋  | 72/94 [01:08<00:21,  1.03it/s][A

 78%|███████▊  | 73/94 [01:09<00:19,  1.06it/s][A

 79%|███████▊  | 74/94 [01:11<00:21,  1.08s/it][A

 80%|███████▉  | 75/94 [01:11<00:18,  1.04it/s][A

 81%|████████  | 76/94 [01:12<00:17,  1.01it/s][A

 82%|████████▏ | 77/94 [01:13<00:17,  1.03s/it][A

 83%|████████▎ | 78/94 [01:15<00:18,  1.14s/it][A

 84%|████████▍ | 79/94 [01:16<00:15,  1.05s/it][A

 85%|████████▌ | 80/94 [01:16<00:13,  1.04it/s][A

 86%|████████▌ | 81/94 [01:17<00:12,  1.02it/s][A

 87%|████████▋ | 82/94 [01:19<00:12,  1.07s/it][A

 88%|████████▊ | 83/94 [01:20<00:11,  1.02s/it][A

 89%|████████▉ | 84/94 [01:21<00:09,  1.00it/s][A

 90%|█████████ | 85/94 [01:22<00:09,  1.01s/it][A

 91%|█████████▏| 86/94 [01:23<00:08,  1.03s/it][A

 93%|█████████▎| 87/94 [01:24<00:06,  1.02it/s][A

 94%|█████████▎| 88/94 [01:25<00:06,  1.02s/it][A

 95%|█████████▍| 89/94 [01:25<00:04,  1.08it/s][A

 96%|█████████▌| 90/94 [01:26<00:03,  1.08it/s][A

 97%|█████████▋| 91/94 [01:27<00:02,  1.16it/s][A

 98%|█████████▊| 92/94 [01:28<00:01,  1.24it/s][A

 99%|█████████▉| 93/94 [01:29<00:00,  1.08it/s][A

100%|██████████| 94/94 [01:31<00:00,  1.19s/it][A



[A{'eval_loss': '0.3997', 'eval_runtime': '95.16', 'eval_samples_per_second': '378.1', 'eval_steps_per_second': '0.988', 'epoch': '2.073'}

 69%|██████▉   | 6000/8682 [3:43:21<2:10:58,  2.93s/it]

100%|██████████| 94/94 [01:31<00:00,  1.19s/it][A

                                               [A

Writing model shards:   0%|          | 0/1 [00:00<?, ?it/s][A

Writing model shards: 100%|██████████| 1/1 [00:02<00:00,  2.96s/it][A
Writing model shards: 100%|██████████| 1/1 [00:02<00:00,  2.96s/it]
/venv/main/lib/python3.12/site-packages/torch/distributed/c10d_logger.py:83: UserWarning: barrier(): using the device under current context. You can specify `device_id` in `init_process_group` to mute this warning.
  return func(*args, **kwargs)

 69%|██████▉   | 6001/8682 [3:43:31<24:52:05, 33.39s/it]
 69%|██████▉   | 6002/8682 [3:43:33<17:51:43, 23.99s/it]
 69%|██████▉   | 6003/8682 [3:43:34<12:51:48, 17.29s/it]
 69%|██████▉   | 6004/8682 [3:43:36<9:25:47, 12.68s/it]
 69%|██████▉   | 6005/8682 [3:43:38<6:57:22,  9.35s/it]
 69%|██████▉   | 6006/8682 [3:43:39<5:14:14,  7.05s/it]
 69%|██████▉   | 6007/8682 [3:43:41<4:03:00,  5.45s/it]
 69%|██████▉   | 6008/8682 [3:43:44<3:26:49,  4.64s/it]
 69%|██████▉   | 6009/8682 [3:43:46<2:47:23,  3.76s/it]
 69%|██████▉   | 6010/8682 [3:43:48<2:30:28,  3.38s/it]
 69%|██████▉   | 6011/8682 [3:43:51<2:16:51,  3.07s/it]
 69%|██████▉   | 6012/8682 [3:43:53<2:05:02,  2.81s/it]
 69%|██████▉   | 6013/8682 [3:43:55<1:54:36,  2.58s/it]
 69%|██████▉   | 6014/8682 [3:43:57<1:47:55,  2.43s/it]
 69%|██████▉   | 6015/8682 [3:43:59<1:45:00,  2.36s/it]
 69%|██████▉   | 6016/8682 [3:44:01<1:39:11,  2.23s/it]
 69%|██████▉   | 6017/8682 [3:44:03<1:37:50,  2.20s/it]
 69%|██████▉   | 6018/8682 [3:44:06<1:41:32,  2.29s/it]
 69%|██████▉   | 6019/8682 [3:44:08<1:41:33,  2.29s/it]
 69%|██████▉   | 6020/8682 [3:44:10<1:40:45,  2.27s/it]
 69%|██████▉   | 6021/8682 [3:44:13<1:46:52,  2.41s/it]
 69%|██████▉   | 6022/8682 [3:44:16<1:52:17,  2.53s/it]
 69%|██████▉   | 6023/8682 [3:44:18<1:54:14,  2.58s/it]
 69%|██████▉   | 6024/8682 [3:44:20<1:44:11,  2.35s/it]
 69%|██████▉   | 6025/8682 [3:44:23<1:44:13,  2.35s/it]
 69%|██████▉   | 6026/8682 [3:44:25<1:40:11,  2.26s/it]
 69%|██████▉   | 6027/8682 [3:44:27<1:39:34,  2.25s/it]
 69%|██████▉   | 6028/8682 [3:44:29<1:34:55,  2.15s/it]
 69%|██████▉   | 6029/8682 [3:44:31<1:39:04,  2.24s/it]
 69%|██████▉   | 6030/8682 [3:44:33<1:33:36,  2.12s/it]
 69%|██████▉   | 6031/8682 [3:44:35<1:36:04,  2.17s/it]
 69%|██████▉   | 6032/8682 [3:44:37<1:29:42,  2.03s/it]
 69%|██████▉   | 6033/8682 [3:44:39<1:23:21,  1.89s/it]
 70%|██████▉   | 6034/8682 [3:44:40<1:20:22,  1.82s/it]
 70%|██████▉   | 6035/8682 [3:44:42<1:26:41,  1.97s/it]
 70%|██████▉   | 6036/8682 [3:44:44<1:26:24,  1.96s/it]
 70%|██████▉   | 6037/8682 [3:44:46<1:23:07,  1.89s/it]
 70%|██████▉   | 6038/8682 [3:44:49<1:35:19,  2.16s/it]
 70%|██████▉   | 6039/8682 [3:44:52<1:41:15,  2.30s/it]
 70%|██████▉   | 6040/8682 [3:44:54<1:39:53,  2.27s/it]
 70%|██████▉   | 6041/8682 [3:44:56<1:41:39,  2.31s/it]
 70%|██████▉   | 6042/8682 [3:44:58<1:39:13,  2.25s/it]
 70%|██████▉   | 6043/8682 [3:45:00<1:38:05,  2.23s/it]
 70%|██████▉   | 6044/8682 [3:45:04<1:48:31,  2.47s/it]
 70%|██████▉   | 6045/8682 [3:45:05<1:40:22,  2.28s/it]
 70%|██████▉   | 6046/8682 [3:45:07<1:36:40,  2.20s/it]
 70%|██████▉   | 6047/8682 [3:45:09<1:34:31,  2.15s/it]
 70%|██████▉   | 6048/8682 [3:45:12<1:37:41,  2.23s/it]
 70%|██████▉   | 6049/8682 [3:45:14<1:32:07,  2.10s/it]
 70%|██████▉   | 6050/8682 [3:45:16<1:29:22,  2.04s/it]

{'loss': '0.9846', 'grad_norm': '0.5414', 'learning_rate': '1.112e-05', 'epoch': '2.091'}

 70%|██████▉   | 6050/8682 [3:45:16<1:29:22,  2.04s/it]
 70%|██████▉   | 6051/8682 [3:45:18<1:31:04,  2.08s/it]
 70%|██████▉   | 6052/8682 [3:45:20<1:30:41,  2.07s/it]
 70%|██████▉   | 6053/8682 [3:45:22<1:27:01,  1.99s/it]
 70%|██████▉   | 6054/8682 [3:45:24<1:37:45,  2.23s/it]
 70%|██████▉   | 6055/8682 [3:45:26<1:35:46,  2.19s/it]
 70%|██████▉   | 6056/8682 [3:45:28<1:33:35,  2.14s/it]
 70%|██████▉   | 6057/8682 [3:45:31<1:34:24,  2.16s/it]
 70%|██████▉   | 6058/8682 [3:45:33<1:36:53,  2.22s/it]
 70%|██████▉   | 6059/8682 [3:45:36<1:47:17,  2.45s/it]
 70%|██████▉   | 6060/8682 [3:45:38<1:45:19,  2.41s/it]
 70%|██████▉   | 6061/8682 [3:45:41<1:44:37,  2.40s/it]
 70%|██████▉   | 6062/8682 [3:45:43<1:39:35,  2.28s/it]
 70%|██████▉   | 6063/8682 [3:45:45<1:38:52,  2.27s/it]
 70%|██████▉   | 6064/8682 [3:45:47<1:31:31,  2.10s/it]
 70%|██████▉   | 6065/8682 [3:45:49<1:34:03,  2.16s/it]
 70%|██████▉   | 6066/8682 [3:45:51<1:27:59,  2.02s/it]
 70%|██████▉   | 6067/8682 [3:45:53<1:31:30,  2.10s/it]
 70%|██████▉   | 6068/8682 [3:45:55<1:28:46,  2.04s/it]
 70%|██████▉   | 6069/8682 [3:45:57<1:34:40,  2.17s/it]
 70%|██████▉   | 6070/8682 [3:45:59<1:31:27,  2.10s/it]
 70%|██████▉   | 6071/8682 [3:46:01<1:30:08,  2.07s/it]
 70%|██████▉   | 6072/8682 [3:46:03<1:26:12,  1.98s/it]
 70%|██████▉   | 6073/8682 [3:46:05<1:23:24,  1.92s/it]
 70%|██████▉   | 6074/8682 [3:46:07<1:27:03,  2.00s/it]
 70%|██████▉   | 6075/8682 [3:46:09<1:24:31,  1.95s/it]
 70%|██████▉   | 6076/8682 [3:46:11<1:24:37,  1.95s/it]
 70%|██████▉   | 6077/8682 [3:46:12<1:18:43,  1.81s/it]
 70%|███████   | 6078/8682 [3:46:15<1:34:53,  2.19s/it]
 70%|███████   | 6079/8682 [3:46:17<1:28:43,  2.05s/it]
 70%|███████   | 6080/8682 [3:46:19<1:30:03,  2.08s/it]
 70%|███████   | 6081/8682 [3:46:21<1:33:10,  2.15s/it]
 70%|███████   | 6082/8682 [3:46:24<1:35:22,  2.20s/it]
 70%|███████   | 6083/8682 [3:46:26<1:29:43,  2.07s/it]
 70%|███████   | 6084/8682 [3:46:28<1:31:21,  2.11s/it]
 70%|███████   | 6085/8682 [3:46:30<1:31:34,  2.12s/it]
 70%|███████   | 6086/8682 [3:46:32<1:33:03,  2.15s/it]
 70%|███████   | 6087/8682 [3:46:35<1:38:34,  2.28s/it]
 70%|███████   | 6088/8682 [3:46:37<1:40:34,  2.33s/it]
 70%|███████   | 6089/8682 [3:46:40<1:42:18,  2.37s/it]
 70%|███████   | 6090/8682 [3:46:42<1:46:20,  2.46s/it]
 70%|███████   | 6091/8682 [3:46:44<1:39:52,  2.31s/it]
 70%|███████   | 6092/8682 [3:46:47<1:44:49,  2.43s/it]
 70%|███████   | 6093/8682 [3:46:49<1:36:21,  2.23s/it]
 70%|███████   | 6094/8682 [3:46:51<1:38:16,  2.28s/it]
 70%|███████   | 6095/8682 [3:46:53<1:31:51,  2.13s/it]
 70%|███████   | 6096/8682 [3:46:55<1:27:42,  2.04s/it]
 70%|███████   | 6097/8682 [3:46:57<1:29:52,  2.09s/it]
 70%|███████   | 6098/8682 [3:46:59<1:25:33,  1.99s/it]
 70%|███████   | 6099/8682 [3:47:01<1:25:11,  1.98s/it]
 70%|███████   | 6100/8682 [3:47:03<1:28:21,  2.05s/it]

{'loss': '0.9891', 'grad_norm': '0.5298', 'learning_rate': '1.074e-05', 'epoch': '2.108'}

 70%|███████   | 6100/8682 [3:47:03<1:28:21,  2.05s/it]
 70%|███████   | 6101/8682 [3:47:05<1:31:54,  2.14s/it]
 70%|███████   | 6102/8682 [3:47:07<1:24:53,  1.97s/it]
 70%|███████   | 6103/8682 [3:47:09<1:24:44,  1.97s/it]
 70%|███████   | 6104/8682 [3:47:11<1:27:02,  2.03s/it]
 70%|███████   | 6105/8682 [3:47:13<1:32:10,  2.15s/it]
 70%|███████   | 6106/8682 [3:47:15<1:24:32,  1.97s/it]
 70%|███████   | 6107/8682 [3:47:17<1:30:37,  2.11s/it]
 70%|███████   | 6108/8682 [3:47:20<1:33:20,  2.18s/it]
 70%|███████   | 6109/8682 [3:47:22<1:35:44,  2.23s/it]
 70%|███████   | 6110/8682 [3:47:24<1:30:50,  2.12s/it]
 70%|███████   | 6111/8682 [3:47:26<1:25:17,  1.99s/it]
 70%|███████   | 6112/8682 [3:47:27<1:24:22,  1.97s/it]
 70%|███████   | 6113/8682 [3:47:30<1:33:01,  2.17s/it]
 70%|███████   | 6114/8682 [3:47:33<1:41:51,  2.38s/it]
 70%|███████   | 6115/8682 [3:47:35<1:32:52,  2.17s/it]
 70%|███████   | 6116/8682 [3:47:37<1:33:15,  2.18s/it]
 70%|███████   | 6117/8682 [3:47:39<1:34:54,  2.22s/it]
 70%|███████   | 6118/8682 [3:47:41<1:34:35,  2.21s/it]
 70%|███████   | 6119/8682 [3:47:44<1:38:27,  2.30s/it]
 70%|███████   | 6120/8682 [3:47:46<1:41:26,  2.38s/it]
 71%|███████   | 6121/8682 [3:47:49<1:45:44,  2.48s/it]
 71%|███████   | 6122/8682 [3:47:52<1:44:44,  2.45s/it]
 71%|███████   | 6123/8682 [3:47:54<1:47:02,  2.51s/it]
 71%|███████   | 6124/8682 [3:47:56<1:41:26,  2.38s/it]
 71%|███████   | 6125/8682 [3:47:58<1:32:36,  2.17s/it]
 71%|███████   | 6126/8682 [3:48:00<1:35:13,  2.24s/it]
 71%|███████   | 6127/8682 [3:48:02<1:30:17,  2.12s/it]
 71%|███████   | 6128/8682 [3:48:05<1:33:30,  2.20s/it]
 71%|███████   | 6129/8682 [3:48:06<1:29:14,  2.10s/it]
 71%|███████   | 6130/8682 [3:48:08<1:26:55,  2.04s/it]
 71%|███████   | 6131/8682 [3:48:11<1:28:42,  2.09s/it]
 71%|███████   | 6132/8682 [3:48:13<1:28:29,  2.08s/it]
 71%|███████   | 6133/8682 [3:48:14<1:24:51,  2.00s/it]
 71%|███████   | 6134/8682 [3:48:17<1:27:53,  2.07s/it]
 71%|███████   | 6135/8682 [3:48:19<1:28:23,  2.08s/it]
 71%|███████   | 6136/8682 [3:48:21<1:27:44,  2.07s/it]
 71%|███████   | 6137/8682 [3:48:23<1:28:49,  2.09s/it]
 71%|███████   | 6138/8682 [3:48:25<1:31:19,  2.15s/it]
 71%|███████   | 6139/8682 [3:48:28<1:32:56,  2.19s/it]
 71%|███████   | 6140/8682 [3:48:30<1:34:44,  2.24s/it]
 71%|███████   | 6141/8682 [3:48:32<1:32:55,  2.19s/it]
 71%|███████   | 6142/8682 [3:48:34<1:31:16,  2.16s/it]
 71%|███████   | 6143/8682 [3:48:36<1:33:13,  2.20s/it]
 71%|███████   | 6144/8682 [3:48:39<1:33:03,  2.20s/it]
 71%|███████   | 6145/8682 [3:48:41<1:38:25,  2.33s/it]
 71%|███████   | 6146/8682 [3:48:44<1:40:04,  2.37s/it]
 71%|███████   | 6147/8682 [3:48:45<1:32:13,  2.18s/it]
 71%|███████   | 6148/8682 [3:48:48<1:32:23,  2.19s/it]
 71%|███████   | 6149/8682 [3:48:50<1:30:27,  2.14s/it]
 71%|███████   | 6150/8682 [3:48:51<1:23:30,  1.98s/it]

{'loss': '0.9867', 'grad_norm': '0.4819', 'learning_rate': '1.036e-05', 'epoch': '2.125'}

 71%|███████   | 6150/8682 [3:48:51<1:23:30,  1.98s/it]
 71%|███████   | 6151/8682 [3:48:53<1:25:33,  2.03s/it]
 71%|███████   | 6152/8682 [3:48:55<1:22:29,  1.96s/it]
 71%|███████   | 6153/8682 [3:48:58<1:30:09,  2.14s/it]
 71%|███████   | 6154/8682 [3:49:00<1:30:58,  2.16s/it]
 71%|███████   | 6155/8682 [3:49:02<1:34:27,  2.24s/it]
 71%|███████   | 6156/8682 [3:49:04<1:31:52,  2.18s/it]
 71%|███████   | 6157/8682 [3:49:06<1:26:32,  2.06s/it]
 71%|███████   | 6158/8682 [3:49:08<1:28:15,  2.10s/it]
 71%|███████   | 6159/8682 [3:49:10<1:21:25,  1.94s/it]
 71%|███████   | 6160/8682 [3:49:12<1:23:51,  2.00s/it]
 71%|███████   | 6161/8682 [3:49:14<1:29:43,  2.14s/it]
 71%|███████   | 6162/8682 [3:49:16<1:26:15,  2.05s/it]
 71%|███████   | 6163/8682 [3:49:18<1:26:11,  2.05s/it]
 71%|███████   | 6164/8682 [3:49:21<1:29:01,  2.12s/it]
 71%|███████   | 6165/8682 [3:49:23<1:31:20,  2.18s/it]
 71%|███████   | 6166/8682 [3:49:24<1:21:18,  1.94s/it]
 71%|███████   | 6167/8682 [3:49:27<1:24:42,  2.02s/it]
 71%|███████   | 6168/8682 [3:49:29<1:30:43,  2.17s/it]
 71%|███████   | 6169/8682 [3:49:31<1:27:06,  2.08s/it]
 71%|███████   | 6170/8682 [3:49:33<1:31:56,  2.20s/it]
 71%|███████   | 6171/8682 [3:49:36<1:35:28,  2.28s/it]
 71%|███████   | 6172/8682 [3:49:38<1:32:13,  2.20s/it]
 71%|███████   | 6173/8682 [3:49:40<1:34:07,  2.25s/it]
 71%|███████   | 6174/8682 [3:49:43<1:42:37,  2.46s/it]
 71%|███████   | 6175/8682 [3:49:45<1:31:54,  2.20s/it]
 71%|███████   | 6176/8682 [3:49:47<1:29:14,  2.14s/it]
 71%|███████   | 6177/8682 [3:49:49<1:30:21,  2.16s/it]
 71%|███████   | 6178/8682 [3:49:52<1:36:47,  2.32s/it]
 71%|███████   | 6179/8682 [3:49:54<1:30:03,  2.16s/it]
 71%|███████   | 6180/8682 [3:49:56<1:28:28,  2.12s/it]
 71%|███████   | 6181/8682 [3:49:58<1:32:57,  2.23s/it]
 71%|███████   | 6182/8682 [3:50:01<1:36:25,  2.31s/it]
 71%|███████   | 6183/8682 [3:50:02<1:29:07,  2.14s/it]
 71%|███████   | 6184/8682 [3:50:05<1:32:41,  2.23s/it]
 71%|███████   | 6185/8682 [3:50:07<1:33:05,  2.24s/it]
 71%|███████▏  | 6186/8682 [3:50:09<1:28:23,  2.12s/it]
 71%|███████▏  | 6187/8682 [3:50:11<1:23:06,  2.00s/it]
 71%|███████▏  | 6188/8682 [3:50:13<1:29:06,  2.14s/it]
 71%|███████▏  | 6189/8682 [3:50:15<1:31:36,  2.20s/it]
 71%|███████▏  | 6190/8682 [3:50:18<1:32:38,  2.23s/it]
 71%|███████▏  | 6191/8682 [3:50:20<1:32:51,  2.24s/it]
 71%|███████▏  | 6192/8682 [3:50:22<1:31:52,  2.21s/it]
 71%|███████▏  | 6193/8682 [3:50:25<1:40:32,  2.42s/it]
 71%|███████▏  | 6194/8682 [3:50:28<1:47:23,  2.59s/it]
 71%|███████▏  | 6195/8682 [3:50:30<1:36:14,  2.32s/it]
 71%|███████▏  | 6196/8682 [3:50:32<1:36:16,  2.32s/it]
 71%|███████▏  | 6197/8682 [3:50:35<1:41:27,  2.45s/it]
 71%|███████▏  | 6198/8682 [3:50:36<1:30:17,  2.18s/it]
 71%|███████▏  | 6199/8682 [3:50:38<1:26:40,  2.09s/it]
 71%|███████▏  | 6200/8682 [3:50:41<1:31:37,  2.21s/it]

{'loss': '0.9821', 'grad_norm': '0.5096', 'learning_rate': '9.981e-06', 'epoch': '2.142'}

 71%|███████▏  | 6200/8682 [3:50:41<1:31:37,  2.21s/it]
 71%|███████▏  | 6201/8682 [3:50:43<1:30:51,  2.20s/it]
 71%|███████▏  | 6202/8682 [3:50:45<1:35:26,  2.31s/it]
 71%|███████▏  | 6203/8682 [3:50:48<1:42:46,  2.49s/it]
 71%|███████▏  | 6204/8682 [3:50:50<1:35:07,  2.30s/it]
 71%|███████▏  | 6205/8682 [3:50:52<1:35:06,  2.30s/it]
 71%|███████▏  | 6206/8682 [3:50:54<1:30:47,  2.20s/it]
 71%|███████▏  | 6207/8682 [3:50:57<1:29:24,  2.17s/it]
 72%|███████▏  | 6208/8682 [3:50:58<1:26:22,  2.09s/it]
 72%|███████▏  | 6209/8682 [3:51:00<1:22:47,  2.01s/it]
 72%|███████▏  | 6210/8682 [3:51:03<1:26:38,  2.10s/it]
 72%|███████▏  | 6211/8682 [3:51:05<1:24:19,  2.05s/it]
 72%|███████▏  | 6212/8682 [3:51:07<1:27:23,  2.12s/it]
 72%|███████▏  | 6213/8682 [3:51:09<1:24:27,  2.05s/it]
 72%|███████▏  | 6214/8682 [3:51:11<1:27:25,  2.13s/it]
 72%|███████▏  | 6215/8682 [3:51:13<1:32:02,  2.24s/it]
 72%|███████▏  | 6216/8682 [3:51:16<1:36:22,  2.34s/it]
 72%|███████▏  | 6217/8682 [3:51:18<1:26:43,  2.11s/it]
 72%|███████▏  | 6218/8682 [3:51:19<1:22:57,  2.02s/it]
 72%|███████▏  | 6219/8682 [3:51:22<1:26:19,  2.10s/it]
 72%|███████▏  | 6220/8682 [3:51:24<1:32:05,  2.24s/it]
 72%|███████▏  | 6221/8682 [3:51:27<1:34:35,  2.31s/it]
 72%|███████▏  | 6222/8682 [3:51:29<1:33:54,  2.29s/it]
 72%|███████▏  | 6223/8682 [3:51:32<1:39:49,  2.44s/it]
 72%|███████▏  | 6224/8682 [3:51:34<1:37:11,  2.37s/it]
 72%|███████▏  | 6225/8682 [3:51:37<1:40:10,  2.45s/it]
 72%|███████▏  | 6226/8682 [3:51:39<1:33:30,  2.28s/it]
 72%|███████▏  | 6227/8682 [3:51:40<1:26:29,  2.11s/it]
 72%|███████▏  | 6228/8682 [3:51:42<1:22:02,  2.01s/it]
 72%|███████▏  | 6229/8682 [3:51:44<1:26:30,  2.12s/it]
 72%|███████▏  | 6230/8682 [3:51:47<1:33:44,  2.29s/it]
 72%|███████▏  | 6231/8682 [3:51:50<1:36:37,  2.37s/it]
 72%|███████▏  | 6232/8682 [3:51:52<1:34:41,  2.32s/it]
 72%|███████▏  | 6233/8682 [3:51:54<1:37:56,  2.40s/it]
 72%|███████▏  | 6234/8682 [3:51:56<1:27:09,  2.14s/it]
 72%|███████▏  | 6235/8682 [3:51:58<1:21:32,  2.00s/it]
 72%|███████▏  | 6236/8682 [3:52:00<1:28:45,  2.18s/it]
 72%|███████▏  | 6237/8682 [3:52:02<1:23:58,  2.06s/it]
 72%|███████▏  | 6238/8682 [3:52:05<1:32:12,  2.26s/it]
 72%|███████▏  | 6239/8682 [3:52:07<1:30:52,  2.23s/it]
 72%|███████▏  | 6240/8682 [3:52:09<1:31:39,  2.25s/it]
 72%|███████▏  | 6241/8682 [3:52:12<1:32:59,  2.29s/it]
 72%|███████▏  | 6242/8682 [3:52:14<1:31:51,  2.26s/it]
 72%|███████▏  | 6243/8682 [3:52:16<1:31:54,  2.26s/it]
 72%|███████▏  | 6244/8682 [3:52:18<1:32:33,  2.28s/it]
 72%|███████▏  | 6245/8682 [3:52:21<1:34:51,  2.34s/it]
 72%|███████▏  | 6246/8682 [3:52:23<1:28:28,  2.18s/it]
 72%|███████▏  | 6247/8682 [3:52:25<1:26:52,  2.14s/it]
 72%|███████▏  | 6248/8682 [3:52:27<1:32:50,  2.29s/it]
 72%|███████▏  | 6249/8682 [3:52:30<1:32:30,  2.28s/it]
 72%|███████▏  | 6250/8682 [3:52:31<1:27:39,  2.16s/it]

{'loss': '0.9855', 'grad_norm': '0.5606', 'learning_rate': '9.61e-06', 'epoch': '2.16'}

 72%|███████▏  | 6250/8682 [3:52:31<1:27:39,  2.16s/it]
 72%|███████▏  | 6251/8682 [3:52:33<1:20:02,  1.98s/it]
 72%|███████▏  | 6252/8682 [3:52:35<1:19:34,  1.96s/it]
 72%|███████▏  | 6253/8682 [3:52:37<1:23:08,  2.05s/it]
 72%|███████▏  | 6254/8682 [3:52:40<1:35:09,  2.35s/it]
 72%|███████▏  | 6255/8682 [3:52:42<1:33:40,  2.32s/it]
 72%|███████▏  | 6256/8682 [3:52:44<1:28:16,  2.18s/it]
 72%|███████▏  | 6257/8682 [3:52:47<1:29:30,  2.21s/it]
 72%|███████▏  | 6258/8682 [3:52:49<1:31:18,  2.26s/it]
 72%|███████▏  | 6259/8682 [3:52:51<1:33:15,  2.31s/it]
 72%|███████▏  | 6260/8682 [3:52:53<1:28:29,  2.19s/it]
 72%|███████▏  | 6261/8682 [3:52:56<1:29:02,  2.21s/it]
 72%|███████▏  | 6262/8682 [3:52:57<1:24:25,  2.09s/it]
 72%|███████▏  | 6263/8682 [3:53:00<1:29:07,  2.21s/it]
 72%|███████▏  | 6264/8682 [3:53:02<1:27:31,  2.17s/it]
 72%|███████▏  | 6265/8682 [3:53:04<1:29:35,  2.22s/it]
 72%|███████▏  | 6266/8682 [3:53:07<1:33:03,  2.31s/it]
 72%|███████▏  | 6267/8682 [3:53:09<1:31:04,  2.26s/it]
 72%|███████▏  | 6268/8682 [3:53:12<1:34:53,  2.36s/it]
 72%|███████▏  | 6269/8682 [3:53:14<1:32:08,  2.29s/it]
 72%|███████▏  | 6270/8682 [3:53:16<1:34:29,  2.35s/it]
 72%|███████▏  | 6271/8682 [3:53:19<1:38:43,  2.46s/it]
 72%|███████▏  | 6272/8682 [3:53:21<1:39:14,  2.47s/it]
 72%|███████▏  | 6273/8682 [3:53:23<1:32:00,  2.29s/it]
 72%|███████▏  | 6274/8682 [3:53:25<1:30:25,  2.25s/it]
 72%|███████▏  | 6275/8682 [3:53:28<1:28:48,  2.21s/it]
 72%|███████▏  | 6276/8682 [3:53:30<1:35:39,  2.39s/it]
 72%|███████▏  | 6277/8682 [3:53:32<1:27:43,  2.19s/it]
 72%|███████▏  | 6278/8682 [3:53:34<1:25:54,  2.14s/it]
 72%|███████▏  | 6279/8682 [3:53:37<1:33:16,  2.33s/it]
 72%|███████▏  | 6280/8682 [3:53:39<1:33:55,  2.35s/it]
 72%|███████▏  | 6281/8682 [3:53:41<1:28:30,  2.21s/it]
 72%|███████▏  | 6282/8682 [3:53:43<1:28:58,  2.22s/it]
 72%|███████▏  | 6283/8682 [3:53:45<1:26:39,  2.17s/it]
 72%|███████▏  | 6284/8682 [3:53:47<1:24:20,  2.11s/it]
 72%|███████▏  | 6285/8682 [3:53:50<1:28:30,  2.22s/it]
 72%|███████▏  | 6286/8682 [3:53:52<1:27:33,  2.19s/it]
 72%|███████▏  | 6287/8682 [3:53:54<1:24:28,  2.12s/it]
 72%|███████▏  | 6288/8682 [3:53:56<1:19:32,  1.99s/it]
 72%|███████▏  | 6289/8682 [3:53:57<1:14:56,  1.88s/it]
 72%|███████▏  | 6290/8682 [3:53:59<1:12:41,  1.82s/it]
 72%|███████▏  | 6291/8682 [3:54:01<1:15:20,  1.89s/it]
 72%|███████▏  | 6292/8682 [3:54:03<1:12:43,  1.83s/it]
 72%|███████▏  | 6293/8682 [3:54:05<1:17:30,  1.95s/it]
 72%|███████▏  | 6294/8682 [3:54:07<1:21:40,  2.05s/it]
 73%|███████▎  | 6295/8682 [3:54:09<1:17:11,  1.94s/it]
 73%|███████▎  | 6296/8682 [3:54:11<1:20:14,  2.02s/it]
 73%|███████▎  | 6297/8682 [3:54:13<1:20:09,  2.02s/it]
 73%|███████▎  | 6298/8682 [3:54:16<1:25:23,  2.15s/it]
 73%|███████▎  | 6299/8682 [3:54:18<1:31:23,  2.30s/it]
 73%|███████▎  | 6300/8682 [3:54:20<1:30:31,  2.28s/it]

{'loss': '0.9793', 'grad_norm': '0.5141', 'learning_rate': '9.246e-06', 'epoch': '2.177'}

 73%|███████▎  | 6300/8682 [3:54:21<1:30:31,  2.28s/it]
 73%|███████▎  | 6301/8682 [3:54:23<1:30:27,  2.28s/it]
 73%|███████▎  | 6302/8682 [3:54:25<1:33:31,  2.36s/it]
 73%|███████▎  | 6303/8682 [3:54:27<1:25:52,  2.17s/it]
 73%|███████▎  | 6304/8682 [3:54:29<1:17:48,  1.96s/it]
 73%|███████▎  | 6305/8682 [3:54:31<1:24:27,  2.13s/it]
 73%|███████▎  | 6306/8682 [3:54:34<1:34:52,  2.40s/it]
 73%|███████▎  | 6307/8682 [3:54:36<1:34:11,  2.38s/it]
 73%|███████▎  | 6308/8682 [3:54:38<1:29:53,  2.27s/it]
 73%|███████▎  | 6309/8682 [3:54:41<1:38:21,  2.49s/it]
 73%|███████▎  | 6310/8682 [3:54:44<1:42:13,  2.59s/it]
 73%|███████▎  | 6311/8682 [3:54:46<1:32:48,  2.35s/it]
 73%|███████▎  | 6312/8682 [3:54:48<1:29:07,  2.26s/it]
 73%|███████▎  | 6313/8682 [3:54:50<1:31:00,  2.31s/it]
 73%|███████▎  | 6314/8682 [3:54:53<1:29:37,  2.27s/it]
 73%|███████▎  | 6315/8682 [3:54:55<1:29:22,  2.27s/it]
 73%|███████▎  | 6316/8682 [3:54:57<1:31:03,  2.31s/it]
 73%|███████▎  | 6317/8682 [3:54:59<1:24:18,  2.14s/it]
 73%|███████▎  | 6318/8682 [3:55:01<1:18:40,  2.00s/it]
 73%|███████▎  | 6319/8682 [3:55:03<1:22:34,  2.10s/it]
 73%|███████▎  | 6320/8682 [3:55:05<1:19:58,  2.03s/it]
 73%|███████▎  | 6321/8682 [3:55:07<1:15:47,  1.93s/it]
 73%|███████▎  | 6322/8682 [3:55:09<1:21:28,  2.07s/it]
 73%|███████▎  | 6323/8682 [3:55:12<1:29:25,  2.27s/it]
 73%|███████▎  | 6324/8682 [3:55:15<1:39:09,  2.52s/it]
 73%|███████▎  | 6325/8682 [3:55:17<1:34:21,  2.40s/it]
 73%|███████▎  | 6326/8682 [3:55:19<1:33:31,  2.38s/it]
 73%|███████▎  | 6327/8682 [3:55:22<1:32:21,  2.35s/it]
 73%|███████▎  | 6328/8682 [3:55:24<1:26:55,  2.22s/it]
 73%|███████▎  | 6329/8682 [3:55:26<1:28:31,  2.26s/it]
 73%|███████▎  | 6330/8682 [3:55:28<1:30:11,  2.30s/it]
 73%|███████▎  | 6331/8682 [3:55:30<1:21:51,  2.09s/it]
 73%|███████▎  | 6332/8682 [3:55:32<1:24:12,  2.15s/it]
 73%|███████▎  | 6333/8682 [3:55:34<1:24:56,  2.17s/it]
 73%|███████▎  | 6334/8682 [3:55:37<1:28:20,  2.26s/it]
 73%|███████▎  | 6335/8682 [3:55:39<1:27:53,  2.25s/it]
 73%|███████▎  | 6336/8682 [3:55:41<1:20:43,  2.06s/it]
 73%|███████▎  | 6337/8682 [3:55:43<1:17:51,  1.99s/it]
 73%|███████▎  | 6338/8682 [3:55:45<1:20:15,  2.05s/it]
 73%|███████▎  | 6339/8682 [3:55:47<1:23:20,  2.13s/it]
 73%|███████▎  | 6340/8682 [3:55:49<1:19:37,  2.04s/it]
 73%|███████▎  | 6341/8682 [3:55:51<1:17:13,  1.98s/it]
 73%|███████▎  | 6342/8682 [3:55:53<1:20:07,  2.05s/it]
 73%|███████▎  | 6343/8682 [3:55:55<1:23:55,  2.15s/it]
 73%|███████▎  | 6344/8682 [3:55:57<1:16:29,  1.96s/it]
 73%|███████▎  | 6345/8682 [3:55:59<1:18:26,  2.01s/it]
 73%|███████▎  | 6346/8682 [3:56:01<1:14:35,  1.92s/it]
 73%|███████▎  | 6347/8682 [3:56:03<1:18:25,  2.02s/it]
 73%|███████▎  | 6348/8682 [3:56:05<1:17:03,  1.98s/it]
 73%|███████▎  | 6349/8682 [3:56:07<1:18:14,  2.01s/it]
 73%|███████▎  | 6350/8682 [3:56:09<1:17:51,  2.00s/it]

{'loss': '0.9789', 'grad_norm': '0.5572', 'learning_rate': '8.886e-06', 'epoch': '2.194'}

 73%|███████▎  | 6350/8682 [3:56:09<1:17:51,  2.00s/it]
 73%|███████▎  | 6351/8682 [3:56:11<1:13:25,  1.89s/it]
 73%|███████▎  | 6352/8682 [3:56:12<1:09:15,  1.78s/it]
 73%|███████▎  | 6353/8682 [3:56:14<1:16:55,  1.98s/it]
 73%|███████▎  | 6354/8682 [3:56:17<1:19:46,  2.06s/it]
 73%|███████▎  | 6355/8682 [3:56:20<1:30:11,  2.33s/it]
 73%|███████▎  | 6356/8682 [3:56:21<1:23:18,  2.15s/it]
 73%|███████▎  | 6357/8682 [3:56:24<1:24:19,  2.18s/it]
 73%|███████▎  | 6358/8682 [3:56:27<1:34:16,  2.43s/it]
 73%|███████▎  | 6359/8682 [3:56:29<1:34:04,  2.43s/it]
 73%|███████▎  | 6360/8682 [3:56:32<1:35:40,  2.47s/it]
 73%|███████▎  | 6361/8682 [3:56:34<1:28:37,  2.29s/it]
 73%|███████▎  | 6362/8682 [3:56:36<1:28:34,  2.29s/it]
 73%|███████▎  | 6363/8682 [3:56:38<1:29:41,  2.32s/it]
 73%|███████▎  | 6364/8682 [3:56:40<1:23:59,  2.17s/it]
 73%|███████▎  | 6365/8682 [3:56:43<1:28:56,  2.30s/it]
 73%|███████▎  | 6366/8682 [3:56:45<1:27:44,  2.27s/it]
 73%|███████▎  | 6367/8682 [3:56:47<1:25:55,  2.23s/it]
 73%|███████▎  | 6368/8682 [3:56:49<1:20:51,  2.10s/it]
 73%|███████▎  | 6369/8682 [3:56:51<1:23:31,  2.17s/it]
 73%|███████▎  | 6370/8682 [3:56:53<1:24:58,  2.21s/it]
 73%|███████▎  | 6371/8682 [3:56:55<1:19:51,  2.07s/it]
 73%|███████▎  | 6372/8682 [3:56:57<1:16:45,  1.99s/it]
 73%|███████▎  | 6373/8682 [3:56:59<1:14:28,  1.94s/it]
 73%|███████▎  | 6374/8682 [3:57:01<1:13:23,  1.91s/it]
 73%|███████▎  | 6375/8682 [3:57:03<1:17:57,  2.03s/it]
 73%|███████▎  | 6376/8682 [3:57:05<1:14:32,  1.94s/it]
 73%|███████▎  | 6377/8682 [3:57:07<1:22:23,  2.14s/it]
 73%|███████▎  | 6378/8682 [3:57:09<1:19:34,  2.07s/it]
 73%|███████▎  | 6379/8682 [3:57:12<1:30:51,  2.37s/it]
 73%|███████▎  | 6380/8682 [3:57:14<1:29:23,  2.33s/it]
 73%|███████▎  | 6381/8682 [3:57:16<1:22:52,  2.16s/it]
 74%|███████▎  | 6382/8682 [3:57:18<1:21:56,  2.14s/it]
 74%|███████▎  | 6383/8682 [3:57:20<1:18:34,  2.05s/it]
 74%|███████▎  | 6384/8682 [3:57:22<1:19:45,  2.08s/it]
 74%|███████▎  | 6385/8682 [3:57:24<1:16:06,  1.99s/it]
 74%|███████▎  | 6386/8682 [3:57:26<1:18:34,  2.05s/it]
 74%|███████▎  | 6387/8682 [3:57:28<1:16:44,  2.01s/it]
 74%|███████▎  | 6388/8682 [3:57:30<1:18:22,  2.05s/it]
 74%|███████▎  | 6389/8682 [3:57:32<1:16:24,  2.00s/it]
 74%|███████▎  | 6390/8682 [3:57:35<1:19:30,  2.08s/it]
 74%|███████▎  | 6391/8682 [3:57:36<1:16:33,  2.01s/it]
 74%|███████▎  | 6392/8682 [3:57:38<1:16:56,  2.02s/it]
 74%|███████▎  | 6393/8682 [3:57:40<1:14:05,  1.94s/it]
 74%|███████▎  | 6394/8682 [3:57:42<1:10:36,  1.85s/it]
 74%|███████▎  | 6395/8682 [3:57:44<1:10:19,  1.84s/it]
 74%|███████▎  | 6396/8682 [3:57:46<1:14:52,  1.97s/it]
 74%|███████▎  | 6397/8682 [3:57:48<1:19:08,  2.08s/it]
 74%|███████▎  | 6398/8682 [3:57:51<1:28:01,  2.31s/it]
 74%|███████▎  | 6399/8682 [3:57:53<1:24:54,  2.23s/it]
 74%|███████▎  | 6400/8682 [3:57:55<1:22:36,  2.17s/it]

{'loss': '0.9631', 'grad_norm': '0.5004', 'learning_rate': '8.533e-06', 'epoch': '2.212'}

 74%|███████▎  | 6400/8682 [3:57:55<1:22:36,  2.17s/it]
 74%|███████▎  | 6401/8682 [3:57:58<1:26:04,  2.26s/it]
 74%|███████▎  | 6402/8682 [3:58:00<1:23:09,  2.19s/it]
 74%|███████▍  | 6403/8682 [3:58:01<1:16:44,  2.02s/it]
 74%|███████▍  | 6404/8682 [3:58:03<1:13:54,  1.95s/it]
 74%|███████▍  | 6405/8682 [3:58:05<1:18:47,  2.08s/it]
 74%|███████▍  | 6406/8682 [3:58:07<1:11:01,  1.87s/it]
 74%|███████▍  | 6407/8682 [3:58:09<1:11:54,  1.90s/it]
 74%|███████▍  | 6408/8682 [3:58:11<1:12:19,  1.91s/it]
 74%|███████▍  | 6409/8682 [3:58:13<1:11:19,  1.88s/it]
 74%|███████▍  | 6410/8682 [3:58:15<1:17:21,  2.04s/it]
 74%|███████▍  | 6411/8682 [3:58:17<1:16:27,  2.02s/it]
 74%|███████▍  | 6412/8682 [3:58:19<1:16:36,  2.03s/it]
 74%|███████▍  | 6413/8682 [3:58:21<1:16:31,  2.02s/it]
 74%|███████▍  | 6414/8682 [3:58:23<1:16:17,  2.02s/it]
 74%|███████▍  | 6415/8682 [3:58:26<1:22:15,  2.18s/it]
 74%|███████▍  | 6416/8682 [3:58:28<1:24:17,  2.23s/it]
 74%|███████▍  | 6417/8682 [3:58:30<1:19:17,  2.10s/it]
 74%|███████▍  | 6418/8682 [3:58:32<1:20:34,  2.14s/it]
 74%|███████▍  | 6419/8682 [3:58:34<1:25:01,  2.25s/it]
 74%|███████▍  | 6420/8682 [3:58:36<1:18:01,  2.07s/it]
 74%|███████▍  | 6421/8682 [3:58:38<1:16:51,  2.04s/it]
 74%|███████▍  | 6422/8682 [3:58:40<1:12:21,  1.92s/it]
 74%|███████▍  | 6423/8682 [3:58:41<1:11:18,  1.89s/it]
 74%|███████▍  | 6424/8682 [3:58:44<1:17:12,  2.05s/it]
 74%|███████▍  | 6425/8682 [3:58:46<1:15:03,  2.00s/it]
 74%|███████▍  | 6426/8682 [3:58:48<1:12:39,  1.93s/it]
 74%|███████▍  | 6427/8682 [3:58:50<1:14:39,  1.99s/it]
 74%|███████▍  | 6428/8682 [3:58:51<1:12:38,  1.93s/it]
 74%|███████▍  | 6429/8682 [3:58:54<1:14:21,  1.98s/it]
 74%|███████▍  | 6430/8682 [3:58:56<1:18:49,  2.10s/it]
 74%|███████▍  | 6431/8682 [3:58:58<1:18:14,  2.09s/it]
 74%|███████▍  | 6432/8682 [3:59:00<1:18:16,  2.09s/it]
 74%|███████▍  | 6433/8682 [3:59:02<1:12:07,  1.92s/it]
 74%|███████▍  | 6434/8682 [3:59:04<1:14:13,  1.98s/it]
 74%|███████▍  | 6435/8682 [3:59:06<1:14:04,  1.98s/it]
 74%|███████▍  | 6436/8682 [3:59:08<1:19:16,  2.12s/it]
 74%|███████▍  | 6437/8682 [3:59:11<1:24:32,  2.26s/it]
 74%|███████▍  | 6438/8682 [3:59:13<1:25:27,  2.29s/it]
 74%|███████▍  | 6439/8682 [3:59:16<1:29:35,  2.40s/it]
 74%|███████▍  | 6440/8682 [3:59:18<1:23:05,  2.22s/it]
 74%|███████▍  | 6441/8682 [3:59:20<1:19:47,  2.14s/it]
 74%|███████▍  | 6442/8682 [3:59:21<1:17:09,  2.07s/it]
 74%|███████▍  | 6443/8682 [3:59:24<1:18:19,  2.10s/it]
 74%|███████▍  | 6444/8682 [3:59:26<1:18:34,  2.11s/it]
 74%|███████▍  | 6445/8682 [3:59:28<1:22:45,  2.22s/it]
 74%|███████▍  | 6446/8682 [3:59:30<1:23:24,  2.24s/it]
 74%|███████▍  | 6447/8682 [3:59:32<1:15:26,  2.03s/it]
 74%|███████▍  | 6448/8682 [3:59:34<1:15:58,  2.04s/it]
 74%|███████▍  | 6449/8682 [3:59:37<1:22:41,  2.22s/it]
 74%|███████▍  | 6450/8682 [3:59:38<1:16:57,  2.07s/it]

{'loss': '0.9784', 'grad_norm': '0.5202', 'learning_rate': '8.185e-06', 'epoch': '2.229'}

 74%|███████▍  | 6450/8682 [3:59:38<1:16:57,  2.07s/it]
 74%|███████▍  | 6451/8682 [3:59:40<1:15:08,  2.02s/it]
 74%|███████▍  | 6452/8682 [3:59:42<1:14:31,  2.01s/it]
 74%|███████▍  | 6453/8682 [3:59:44<1:10:28,  1.90s/it]
 74%|███████▍  | 6454/8682 [3:59:46<1:11:23,  1.92s/it]
 74%|███████▍  | 6455/8682 [3:59:49<1:24:11,  2.27s/it]
 74%|███████▍  | 6456/8682 [3:59:51<1:23:04,  2.24s/it]
 74%|███████▍  | 6457/8682 [3:59:53<1:16:23,  2.06s/it]
 74%|███████▍  | 6458/8682 [3:59:54<1:11:40,  1.93s/it]
 74%|███████▍  | 6459/8682 [3:59:56<1:09:01,  1.86s/it]
 74%|███████▍  | 6460/8682 [3:59:58<1:12:33,  1.96s/it]
 74%|███████▍  | 6461/8682 [4:00:00<1:13:23,  1.98s/it]
 74%|███████▍  | 6462/8682 [4:00:03<1:24:24,  2.28s/it]
 74%|███████▍  | 6463/8682 [4:00:06<1:25:14,  2.30s/it]
 74%|███████▍  | 6464/8682 [4:00:08<1:21:45,  2.21s/it]
 74%|███████▍  | 6465/8682 [4:00:10<1:22:48,  2.24s/it]
 74%|███████▍  | 6466/8682 [4:00:13<1:25:21,  2.31s/it]
 74%|███████▍  | 6467/8682 [4:00:14<1:19:30,  2.15s/it]
 74%|███████▍  | 6468/8682 [4:00:17<1:23:58,  2.28s/it]
 75%|███████▍  | 6469/8682 [4:00:19<1:20:28,  2.18s/it]
 75%|███████▍  | 6470/8682 [4:00:21<1:16:03,  2.06s/it]
 75%|███████▍  | 6471/8682 [4:00:23<1:18:02,  2.12s/it]
 75%|███████▍  | 6472/8682 [4:00:25<1:20:50,  2.19s/it]
 75%|███████▍  | 6473/8682 [4:00:28<1:24:16,  2.29s/it]
 75%|███████▍  | 6474/8682 [4:00:30<1:24:50,  2.31s/it]
 75%|███████▍  | 6475/8682 [4:00:32<1:24:40,  2.30s/it]
 75%|███████▍  | 6476/8682 [4:00:35<1:24:00,  2.28s/it]
 75%|███████▍  | 6477/8682 [4:00:36<1:16:59,  2.09s/it]
 75%|███████▍  | 6478/8682 [4:00:38<1:17:11,  2.10s/it]
 75%|███████▍  | 6479/8682 [4:00:41<1:18:01,  2.13s/it]
 75%|███████▍  | 6480/8682 [4:00:42<1:13:32,  2.00s/it]
 75%|███████▍  | 6481/8682 [4:00:45<1:19:23,  2.16s/it]
 75%|███████▍  | 6482/8682 [4:00:47<1:22:08,  2.24s/it]
 75%|███████▍  | 6483/8682 [4:00:49<1:21:37,  2.23s/it]
 75%|███████▍  | 6484/8682 [4:00:52<1:22:57,  2.26s/it]
 75%|███████▍  | 6485/8682 [4:00:54<1:19:45,  2.18s/it]
 75%|███████▍  | 6486/8682 [4:00:55<1:13:52,  2.02s/it]
 75%|███████▍  | 6487/8682 [4:00:58<1:25:16,  2.33s/it]
 75%|███████▍  | 6488/8682 [4:01:00<1:17:05,  2.11s/it]
 75%|███████▍  | 6489/8682 [4:01:03<1:22:52,  2.27s/it]
 75%|███████▍  | 6490/8682 [4:01:05<1:19:42,  2.18s/it]
 75%|███████▍  | 6491/8682 [4:01:07<1:18:53,  2.16s/it]
 75%|███████▍  | 6492/8682 [4:01:09<1:21:00,  2.22s/it]
 75%|███████▍  | 6493/8682 [4:01:12<1:22:27,  2.26s/it]
 75%|███████▍  | 6494/8682 [4:01:13<1:14:48,  2.05s/it]
 75%|███████▍  | 6495/8682 [4:01:15<1:18:09,  2.14s/it]
 75%|███████▍  | 6496/8682 [4:01:18<1:21:19,  2.23s/it]
 75%|███████▍  | 6497/8682 [4:01:20<1:15:35,  2.08s/it]
 75%|███████▍  | 6498/8682 [4:01:22<1:17:39,  2.13s/it]
 75%|███████▍  | 6499/8682 [4:01:25<1:25:30,  2.35s/it]
 75%|███████▍  | 6500/8682 [4:01:27<1:22:53,  2.28s/it]

{'loss': '0.9679', 'grad_norm': '0.5099', 'learning_rate': '7.842e-06', 'epoch': '2.246'}

 75%|███████▍  | 6500/8682 [4:01:27<1:22:53,  2.28s/it]
 75%|███████▍  | 6501/8682 [4:01:30<1:30:35,  2.49s/it]
 75%|███████▍  | 6502/8682 [4:01:32<1:31:16,  2.51s/it]
 75%|███████▍  | 6503/8682 [4:01:35<1:27:47,  2.42s/it]
 75%|███████▍  | 6504/8682 [4:01:37<1:23:47,  2.31s/it]
 75%|███████▍  | 6505/8682 [4:01:39<1:24:28,  2.33s/it]
 75%|███████▍  | 6506/8682 [4:01:42<1:27:03,  2.40s/it]
 75%|███████▍  | 6507/8682 [4:01:44<1:25:44,  2.37s/it]
 75%|███████▍  | 6508/8682 [4:01:47<1:28:51,  2.45s/it]
 75%|███████▍  | 6509/8682 [4:01:49<1:27:24,  2.41s/it]
 75%|███████▍  | 6510/8682 [4:01:51<1:24:29,  2.33s/it]
 75%|███████▍  | 6511/8682 [4:01:53<1:23:54,  2.32s/it]
 75%|███████▌  | 6512/8682 [4:01:55<1:22:23,  2.28s/it]
 75%|███████▌  | 6513/8682 [4:01:58<1:23:40,  2.31s/it]
 75%|███████▌  | 6514/8682 [4:02:00<1:18:23,  2.17s/it]
 75%|███████▌  | 6515/8682 [4:02:02<1:20:21,  2.23s/it]
 75%|███████▌  | 6516/8682 [4:02:04<1:14:35,  2.07s/it]
 75%|███████▌  | 6517/8682 [4:02:06<1:13:55,  2.05s/it]
 75%|███████▌  | 6518/8682 [4:02:08<1:16:33,  2.12s/it]
 75%|███████▌  | 6519/8682 [4:02:11<1:21:57,  2.27s/it]
 75%|███████▌  | 6520/8682 [4:02:13<1:23:39,  2.32s/it]
 75%|███████▌  | 6521/8682 [4:02:15<1:15:37,  2.10s/it]
 75%|███████▌  | 6522/8682 [4:02:17<1:16:22,  2.12s/it]
 75%|███████▌  | 6523/8682 [4:02:19<1:17:39,  2.16s/it]
 75%|███████▌  | 6524/8682 [4:02:21<1:20:13,  2.23s/it]
 75%|███████▌  | 6525/8682 [4:02:24<1:23:39,  2.33s/it]
 75%|███████▌  | 6526/8682 [4:02:26<1:22:00,  2.28s/it]
 75%|███████▌  | 6527/8682 [4:02:28<1:19:59,  2.23s/it]
 75%|███████▌  | 6528/8682 [4:02:31<1:20:34,  2.24s/it]
 75%|███████▌  | 6529/8682 [4:02:32<1:16:40,  2.14s/it]
 75%|███████▌  | 6530/8682 [4:02:35<1:18:30,  2.19s/it]
 75%|███████▌  | 6531/8682 [4:02:37<1:17:31,  2.16s/it]
 75%|███████▌  | 6532/8682 [4:02:39<1:15:18,  2.10s/it]
 75%|███████▌  | 6533/8682 [4:02:42<1:25:31,  2.39s/it]
 75%|███████▌  | 6534/8682 [4:02:44<1:25:29,  2.39s/it]
 75%|███████▌  | 6535/8682 [4:02:46<1:19:49,  2.23s/it]
 75%|███████▌  | 6536/8682 [4:02:48<1:20:53,  2.26s/it]
 75%|███████▌  | 6537/8682 [4:02:50<1:15:22,  2.11s/it]
 75%|███████▌  | 6538/8682 [4:02:53<1:16:59,  2.15s/it]
 75%|███████▌  | 6539/8682 [4:02:55<1:16:42,  2.15s/it]
 75%|███████▌  | 6540/8682 [4:02:56<1:12:40,  2.04s/it]
 75%|███████▌  | 6541/8682 [4:02:59<1:16:53,  2.15s/it]
 75%|███████▌  | 6542/8682 [4:03:01<1:19:03,  2.22s/it]
 75%|███████▌  | 6543/8682 [4:03:04<1:22:27,  2.31s/it]
 75%|███████▌  | 6544/8682 [4:03:06<1:18:53,  2.21s/it]
 75%|███████▌  | 6545/8682 [4:03:08<1:16:53,  2.16s/it]
 75%|███████▌  | 6546/8682 [4:03:09<1:09:54,  1.96s/it]
 75%|███████▌  | 6547/8682 [4:03:11<1:11:55,  2.02s/it]
 75%|███████▌  | 6548/8682 [4:03:14<1:21:57,  2.30s/it]
 75%|███████▌  | 6549/8682 [4:03:17<1:24:22,  2.37s/it]
 75%|███████▌  | 6550/8682 [4:03:19<1:16:29,  2.15s/it]

{'loss': '0.9522', 'grad_norm': '0.4602', 'learning_rate': '7.506e-06', 'epoch': '2.263'}

 75%|███████▌  | 6550/8682 [4:03:19<1:16:29,  2.15s/it]
 75%|███████▌  | 6551/8682 [4:03:20<1:10:15,  1.98s/it]
 75%|███████▌  | 6552/8682 [4:03:22<1:12:02,  2.03s/it]
 75%|███████▌  | 6553/8682 [4:03:24<1:08:43,  1.94s/it]
 75%|███████▌  | 6554/8682 [4:03:26<1:06:18,  1.87s/it]
 76%|███████▌  | 6555/8682 [4:03:27<1:03:48,  1.80s/it]
 76%|███████▌  | 6556/8682 [4:03:30<1:10:32,  1.99s/it]
 76%|███████▌  | 6557/8682 [4:03:32<1:13:46,  2.08s/it]
 76%|███████▌  | 6558/8682 [4:03:34<1:11:16,  2.01s/it]
 76%|███████▌  | 6559/8682 [4:03:36<1:14:02,  2.09s/it]
 76%|███████▌  | 6560/8682 [4:03:38<1:11:50,  2.03s/it]
 76%|███████▌  | 6561/8682 [4:03:41<1:16:51,  2.17s/it]
 76%|███████▌  | 6562/8682 [4:03:43<1:18:30,  2.22s/it]
 76%|███████▌  | 6563/8682 [4:03:45<1:17:08,  2.18s/it]
 76%|███████▌  | 6564/8682 [4:03:48<1:23:21,  2.36s/it]
 76%|███████▌  | 6565/8682 [4:03:50<1:20:49,  2.29s/it]
 76%|███████▌  | 6566/8682 [4:03:53<1:24:40,  2.40s/it]
 76%|███████▌  | 6567/8682 [4:03:55<1:25:44,  2.43s/it]
 76%|███████▌  | 6568/8682 [4:03:57<1:21:09,  2.30s/it]
 76%|███████▌  | 6569/8682 [4:03:59<1:21:44,  2.32s/it]
 76%|███████▌  | 6570/8682 [4:04:01<1:17:51,  2.21s/it]
 76%|███████▌  | 6571/8682 [4:04:03<1:10:50,  2.01s/it]
 76%|███████▌  | 6572/8682 [4:04:05<1:14:01,  2.11s/it]
 76%|███████▌  | 6573/8682 [4:04:07<1:08:58,  1.96s/it]
 76%|███████▌  | 6574/8682 [4:04:09<1:14:40,  2.13s/it]
 76%|███████▌  | 6575/8682 [4:04:12<1:16:51,  2.19s/it]
 76%|███████▌  | 6576/8682 [4:04:14<1:18:06,  2.23s/it]
 76%|███████▌  | 6577/8682 [4:04:16<1:13:39,  2.10s/it]
 76%|███████▌  | 6578/8682 [4:04:18<1:14:51,  2.13s/it]
 76%|███████▌  | 6579/8682 [4:04:20<1:10:03,  2.00s/it]
 76%|███████▌  | 6580/8682 [4:04:21<1:05:32,  1.87s/it]
 76%|███████▌  | 6581/8682 [4:04:23<1:02:57,  1.80s/it]
 76%|███████▌  | 6582/8682 [4:04:25<1:07:44,  1.94s/it]
 76%|███████▌  | 6583/8682 [4:04:27<1:10:03,  2.00s/it]
 76%|███████▌  | 6584/8682 [4:04:29<1:06:01,  1.89s/it]
 76%|███████▌  | 6585/8682 [4:04:31<1:02:23,  1.79s/it]
 76%|███████▌  | 6586/8682 [4:04:33<1:08:31,  1.96s/it]
 76%|███████▌  | 6587/8682 [4:04:35<1:06:30,  1.90s/it]
 76%|███████▌  | 6588/8682 [4:04:37<1:13:42,  2.11s/it]
 76%|███████▌  | 6589/8682 [4:04:40<1:15:34,  2.17s/it]
 76%|███████▌  | 6590/8682 [4:04:42<1:18:00,  2.24s/it]
 76%|███████▌  | 6591/8682 [4:04:45<1:26:03,  2.47s/it]
 76%|███████▌  | 6592/8682 [4:04:47<1:25:24,  2.45s/it]
 76%|███████▌  | 6593/8682 [4:04:50<1:22:07,  2.36s/it]
 76%|███████▌  | 6594/8682 [4:04:52<1:18:31,  2.26s/it]
 76%|███████▌  | 6595/8682 [4:04:53<1:14:34,  2.14s/it]
 76%|███████▌  | 6596/8682 [4:04:56<1:16:44,  2.21s/it]
 76%|███████▌  | 6597/8682 [4:04:58<1:17:59,  2.24s/it]
 76%|███████▌  | 6598/8682 [4:05:00<1:11:53,  2.07s/it]
 76%|███████▌  | 6599/8682 [4:05:02<1:17:25,  2.23s/it]
 76%|███████▌  | 6600/8682 [4:05:05<1:22:22,  2.37s/it]

{'loss': '0.9609', 'grad_norm': '0.4556', 'learning_rate': '7.176e-06', 'epoch': '2.281'}

 76%|███████▌  | 6600/8682 [4:05:05<1:22:22,  2.37s/it]
 76%|███████▌  | 6601/8682 [4:05:07<1:16:35,  2.21s/it]
 76%|███████▌  | 6602/8682 [4:05:10<1:20:11,  2.31s/it]
 76%|███████▌  | 6603/8682 [4:05:11<1:14:36,  2.15s/it]
 76%|███████▌  | 6604/8682 [4:05:13<1:13:17,  2.12s/it]
 76%|███████▌  | 6605/8682 [4:05:15<1:11:29,  2.07s/it]
 76%|███████▌  | 6606/8682 [4:05:17<1:11:51,  2.08s/it]
 76%|███████▌  | 6607/8682 [4:05:19<1:10:19,  2.03s/it]
 76%|███████▌  | 6608/8682 [4:05:22<1:13:33,  2.13s/it]
 76%|███████▌  | 6609/8682 [4:05:23<1:10:18,  2.03s/it]
 76%|███████▌  | 6610/8682 [4:05:26<1:15:43,  2.19s/it]
 76%|███████▌  | 6611/8682 [4:05:28<1:12:20,  2.10s/it]
 76%|███████▌  | 6612/8682 [4:05:30<1:16:54,  2.23s/it]
 76%|███████▌  | 6613/8682 [4:05:33<1:16:49,  2.23s/it]
 76%|███████▌  | 6614/8682 [4:05:35<1:21:42,  2.37s/it]
 76%|███████▌  | 6615/8682 [4:05:38<1:20:06,  2.33s/it]
 76%|███████▌  | 6616/8682 [4:05:40<1:22:41,  2.40s/it]
 76%|███████▌  | 6617/8682 [4:05:43<1:22:43,  2.40s/it]
 76%|███████▌  | 6618/8682 [4:05:44<1:16:16,  2.22s/it]
 76%|███████▌  | 6619/8682 [4:05:46<1:12:57,  2.12s/it]
 76%|███████▌  | 6620/8682 [4:05:48<1:12:25,  2.11s/it]
 76%|███████▋  | 6621/8682 [4:05:51<1:18:10,  2.28s/it]
 76%|███████▋  | 6622/8682 [4:05:53<1:15:07,  2.19s/it]
 76%|███████▋  | 6623/8682 [4:05:55<1:15:17,  2.19s/it]
 76%|███████▋  | 6624/8682 [4:05:57<1:11:22,  2.08s/it]
 76%|███████▋  | 6625/8682 [4:05:59<1:13:06,  2.13s/it]
 76%|███████▋  | 6626/8682 [4:06:02<1:16:34,  2.23s/it]
 76%|███████▋  | 6627/8682 [4:06:04<1:16:42,  2.24s/it]
 76%|███████▋  | 6628/8682 [4:06:06<1:15:35,  2.21s/it]
 76%|███████▋  | 6629/8682 [4:06:09<1:17:30,  2.27s/it]
 76%|███████▋  | 6630/8682 [4:06:11<1:18:14,  2.29s/it]
 76%|███████▋  | 6631/8682 [4:06:13<1:11:53,  2.10s/it]
 76%|███████▋  | 6632/8682 [4:06:15<1:17:54,  2.28s/it]
 76%|███████▋  | 6633/8682 [4:06:17<1:10:20,  2.06s/it]
 76%|███████▋  | 6634/8682 [4:06:18<1:05:31,  1.92s/it]
 76%|███████▋  | 6635/8682 [4:06:21<1:08:44,  2.02s/it]
 76%|███████▋  | 6636/8682 [4:06:23<1:11:50,  2.11s/it]
 76%|███████▋  | 6637/8682 [4:06:25<1:11:28,  2.10s/it]
 76%|███████▋  | 6638/8682 [4:06:27<1:08:40,  2.02s/it]
 76%|███████▋  | 6639/8682 [4:06:29<1:10:52,  2.08s/it]
 76%|███████▋  | 6640/8682 [4:06:32<1:19:29,  2.34s/it]
 76%|███████▋  | 6641/8682 [4:06:34<1:20:49,  2.38s/it]
 77%|███████▋  | 6642/8682 [4:06:37<1:24:53,  2.50s/it]
 77%|███████▋  | 6643/8682 [4:06:40<1:23:56,  2.47s/it]
 77%|███████▋  | 6644/8682 [4:06:42<1:21:11,  2.39s/it]
 77%|███████▋  | 6645/8682 [4:06:44<1:20:48,  2.38s/it]
 77%|███████▋  | 6646/8682 [4:06:47<1:22:19,  2.43s/it]
 77%|███████▋  | 6647/8682 [4:06:49<1:21:28,  2.40s/it]
 77%|███████▋  | 6648/8682 [4:06:52<1:21:51,  2.41s/it]
 77%|███████▋  | 6649/8682 [4:06:54<1:18:04,  2.30s/it]
 77%|███████▋  | 6650/8682 [4:06:56<1:17:02,  2.28s/it]

{'loss': '0.9663', 'grad_norm': '0.5416', 'learning_rate': '6.852e-06', 'epoch': '2.298'}

 77%|███████▋  | 6650/8682 [4:06:56<1:17:02,  2.28s/it]
 77%|███████▋  | 6651/8682 [4:06:59<1:22:40,  2.44s/it]
 77%|███████▋  | 6652/8682 [4:07:00<1:16:14,  2.25s/it]
 77%|███████▋  | 6653/8682 [4:07:03<1:21:43,  2.42s/it]
 77%|███████▋  | 6654/8682 [4:07:05<1:13:52,  2.19s/it]
 77%|███████▋  | 6655/8682 [4:07:07<1:14:02,  2.19s/it]
 77%|███████▋  | 6656/8682 [4:07:09<1:10:27,  2.09s/it]
 77%|███████▋  | 6657/8682 [4:07:11<1:07:42,  2.01s/it]
 77%|███████▋  | 6658/8682 [4:07:13<1:11:47,  2.13s/it]
 77%|███████▋  | 6659/8682 [4:07:15<1:08:16,  2.03s/it]
 77%|███████▋  | 6660/8682 [4:07:17<1:11:28,  2.12s/it]
 77%|███████▋  | 6661/8682 [4:07:19<1:11:04,  2.11s/it]
 77%|███████▋  | 6662/8682 [4:07:21<1:09:31,  2.07s/it]
 77%|███████▋  | 6663/8682 [4:07:23<1:08:53,  2.05s/it]
 77%|███████▋  | 6664/8682 [4:07:25<1:04:35,  1.92s/it]
 77%|███████▋  | 6665/8682 [4:07:28<1:15:13,  2.24s/it]
 77%|███████▋  | 6666/8682 [4:07:30<1:14:42,  2.22s/it]
 77%|███████▋  | 6667/8682 [4:07:32<1:09:41,  2.08s/it]
 77%|███████▋  | 6668/8682 [4:07:34<1:10:30,  2.10s/it]
 77%|███████▋  | 6669/8682 [4:07:36<1:08:58,  2.06s/it]
 77%|███████▋  | 6670/8682 [4:07:38<1:09:27,  2.07s/it]
 77%|███████▋  | 6671/8682 [4:07:40<1:11:45,  2.14s/it]
 77%|███████▋  | 6672/8682 [4:07:42<1:10:30,  2.10s/it]
 77%|███████▋  | 6673/8682 [4:07:44<1:06:53,  2.00s/it]
 77%|███████▋  | 6674/8682 [4:07:46<1:07:32,  2.02s/it]
 77%|███████▋  | 6675/8682 [4:07:48<1:10:07,  2.10s/it]
 77%|███████▋  | 6676/8682 [4:07:50<1:08:26,  2.05s/it]
 77%|███████▋  | 6677/8682 [4:07:53<1:11:41,  2.15s/it]
 77%|███████▋  | 6678/8682 [4:07:55<1:09:08,  2.07s/it]
 77%|███████▋  | 6679/8682 [4:07:57<1:14:14,  2.22s/it]
 77%|███████▋  | 6680/8682 [4:08:00<1:16:50,  2.30s/it]
 77%|███████▋  | 6681/8682 [4:08:02<1:15:56,  2.28s/it]
 77%|███████▋  | 6682/8682 [4:08:04<1:16:32,  2.30s/it]
 77%|███████▋  | 6683/8682 [4:08:06<1:09:13,  2.08s/it]
 77%|███████▋  | 6684/8682 [4:08:08<1:07:21,  2.02s/it]
 77%|███████▋  | 6685/8682 [4:08:10<1:08:42,  2.06s/it]
 77%|███████▋  | 6686/8682 [4:08:12<1:12:33,  2.18s/it]
 77%|███████▋  | 6687/8682 [4:08:15<1:12:13,  2.17s/it]
 77%|███████▋  | 6688/8682 [4:08:17<1:16:39,  2.31s/it]
 77%|███████▋  | 6689/8682 [4:08:19<1:10:46,  2.13s/it]
 77%|███████▋  | 6690/8682 [4:08:21<1:13:03,  2.20s/it]
 77%|███████▋  | 6691/8682 [4:08:24<1:14:09,  2.23s/it]
 77%|███████▋  | 6692/8682 [4:08:25<1:09:19,  2.09s/it]
 77%|███████▋  | 6693/8682 [4:08:27<1:08:37,  2.07s/it]
 77%|███████▋  | 6694/8682 [4:08:29<1:08:20,  2.06s/it]
 77%|███████▋  | 6695/8682 [4:08:32<1:10:05,  2.12s/it]
 77%|███████▋  | 6696/8682 [4:08:34<1:11:09,  2.15s/it]
 77%|███████▋  | 6697/8682 [4:08:36<1:10:25,  2.13s/it]
 77%|███████▋  | 6698/8682 [4:08:38<1:13:49,  2.23s/it]
 77%|███████▋  | 6699/8682 [4:08:41<1:12:50,  2.20s/it]
 77%|███████▋  | 6700/8682 [4:08:43<1:15:59,  2.30s/it]

{'loss': '0.9646', 'grad_norm': '0.5637', 'learning_rate': '6.535e-06', 'epoch': '2.315'}

 77%|███████▋  | 6700/8682 [4:08:43<1:15:59,  2.30s/it]
 77%|███████▋  | 6701/8682 [4:08:45<1:15:03,  2.27s/it]
 77%|███████▋  | 6702/8682 [4:08:47<1:12:07,  2.19s/it]
 77%|███████▋  | 6703/8682 [4:08:49<1:06:16,  2.01s/it]
 77%|███████▋  | 6704/8682 [4:08:51<1:08:42,  2.08s/it]
 77%|███████▋  | 6705/8682 [4:08:53<1:04:06,  1.95s/it]
 77%|███████▋  | 6706/8682 [4:08:55<1:07:06,  2.04s/it]
 77%|███████▋  | 6707/8682 [4:08:57<1:09:24,  2.11s/it]
 77%|███████▋  | 6708/8682 [4:08:59<1:07:52,  2.06s/it]
 77%|███████▋  | 6709/8682 [4:09:01<1:09:12,  2.10s/it]
 77%|███████▋  | 6710/8682 [4:09:04<1:09:20,  2.11s/it]
 77%|███████▋  | 6711/8682 [4:09:06<1:11:24,  2.17s/it]
 77%|███████▋  | 6712/8682 [4:09:07<1:04:59,  1.98s/it]
 77%|███████▋  | 6713/8682 [4:09:09<1:02:06,  1.89s/it]
 77%|███████▋  | 6714/8682 [4:09:11<1:06:00,  2.01s/it]
 77%|███████▋  | 6715/8682 [4:09:13<1:04:35,  1.97s/it]
 77%|███████▋  | 6716/8682 [4:09:16<1:09:35,  2.12s/it]
 77%|███████▋  | 6717/8682 [4:09:18<1:06:28,  2.03s/it]
 77%|███████▋  | 6718/8682 [4:09:20<1:07:30,  2.06s/it]
 77%|███████▋  | 6719/8682 [4:09:22<1:08:54,  2.11s/it]
 77%|███████▋  | 6720/8682 [4:09:23<1:03:29,  1.94s/it]
 77%|███████▋  | 6721/8682 [4:09:26<1:07:56,  2.08s/it]
 77%|███████▋  | 6722/8682 [4:09:28<1:10:40,  2.16s/it]
 77%|███████▋  | 6723/8682 [4:09:31<1:13:06,  2.24s/it]
 77%|███████▋  | 6724/8682 [4:09:33<1:13:36,  2.26s/it]
 77%|███████▋  | 6725/8682 [4:09:35<1:13:57,  2.27s/it]
 77%|███████▋  | 6726/8682 [4:09:38<1:16:03,  2.33s/it]
 77%|███████▋  | 6727/8682 [4:09:40<1:13:02,  2.24s/it]
 77%|███████▋  | 6728/8682 [4:09:42<1:13:39,  2.26s/it]
 78%|███████▊  | 6729/8682 [4:09:44<1:13:46,  2.27s/it]
 78%|███████▊  | 6730/8682 [4:09:47<1:14:45,  2.30s/it]
 78%|███████▊  | 6731/8682 [4:09:49<1:15:13,  2.31s/it]
 78%|███████▊  | 6732/8682 [4:09:51<1:14:25,  2.29s/it]
 78%|███████▊  | 6733/8682 [4:09:53<1:12:18,  2.23s/it]
 78%|███████▊  | 6734/8682 [4:09:55<1:05:28,  2.02s/it]
 78%|███████▊  | 6735/8682 [4:09:58<1:12:05,  2.22s/it]
 78%|███████▊  | 6736/8682 [4:10:00<1:11:55,  2.22s/it]
 78%|███████▊  | 6737/8682 [4:10:03<1:19:46,  2.46s/it]
 78%|███████▊  | 6738/8682 [4:10:05<1:20:00,  2.47s/it]
 78%|███████▊  | 6739/8682 [4:10:08<1:19:17,  2.45s/it]
 78%|███████▊  | 6740/8682 [4:10:10<1:17:38,  2.40s/it]
 78%|███████▊  | 6741/8682 [4:10:12<1:15:26,  2.33s/it]
 78%|███████▊  | 6742/8682 [4:10:14<1:12:54,  2.25s/it]
 78%|███████▊  | 6743/8682 [4:10:16<1:12:57,  2.26s/it]
 78%|███████▊  | 6744/8682 [4:10:19<1:14:09,  2.30s/it]
 78%|███████▊  | 6745/8682 [4:10:21<1:09:22,  2.15s/it]
 78%|███████▊  | 6746/8682 [4:10:23<1:08:04,  2.11s/it]
 78%|███████▊  | 6747/8682 [4:10:25<1:12:24,  2.25s/it]
 78%|███████▊  | 6748/8682 [4:10:28<1:17:27,  2.40s/it]
 78%|███████▊  | 6749/8682 [4:10:30<1:16:44,  2.38s/it]
 78%|███████▊  | 6750/8682 [4:10:33<1:14:57,  2.33s/it]

{'loss': '0.9668', 'grad_norm': '0.5431', 'learning_rate': '6.224e-06', 'epoch': '2.332'}

 78%|███████▊  | 6750/8682 [4:10:33<1:14:57,  2.33s/it]
 78%|███████▊  | 6751/8682 [4:10:34<1:08:50,  2.14s/it]
 78%|███████▊  | 6752/8682 [4:10:37<1:13:00,  2.27s/it]
 78%|███████▊  | 6753/8682 [4:10:39<1:15:33,  2.35s/it]
 78%|███████▊  | 6754/8682 [4:10:41<1:08:01,  2.12s/it]
 78%|███████▊  | 6755/8682 [4:10:43<1:10:51,  2.21s/it]
 78%|███████▊  | 6756/8682 [4:10:45<1:07:57,  2.12s/it]
 78%|███████▊  | 6757/8682 [4:10:48<1:12:35,  2.26s/it]
 78%|███████▊  | 6758/8682 [4:10:50<1:12:46,  2.27s/it]
 78%|███████▊  | 6759/8682 [4:10:52<1:07:26,  2.10s/it]
 78%|███████▊  | 6760/8682 [4:10:55<1:13:29,  2.29s/it]
 78%|███████▊  | 6761/8682 [4:10:57<1:13:23,  2.29s/it]
 78%|███████▊  | 6762/8682 [4:10:59<1:11:28,  2.23s/it]
 78%|███████▊  | 6763/8682 [4:11:01<1:10:43,  2.21s/it]
 78%|███████▊  | 6764/8682 [4:11:03<1:10:25,  2.20s/it]
 78%|███████▊  | 6765/8682 [4:11:05<1:06:58,  2.10s/it]
 78%|███████▊  | 6766/8682 [4:11:08<1:11:12,  2.23s/it]
 78%|███████▊  | 6767/8682 [4:11:10<1:10:30,  2.21s/it]
 78%|███████▊  | 6768/8682 [4:11:13<1:16:24,  2.40s/it]
 78%|███████▊  | 6769/8682 [4:11:15<1:13:59,  2.32s/it]
 78%|███████▊  | 6770/8682 [4:11:17<1:14:55,  2.35s/it]
 78%|███████▊  | 6771/8682 [4:11:19<1:12:37,  2.28s/it]
 78%|███████▊  | 6772/8682 [4:11:21<1:07:22,  2.12s/it]
 78%|███████▊  | 6773/8682 [4:11:24<1:11:50,  2.26s/it]
 78%|███████▊  | 6774/8682 [4:11:25<1:06:20,  2.09s/it]
 78%|███████▊  | 6775/8682 [4:11:27<1:02:43,  1.97s/it]
 78%|███████▊  | 6776/8682 [4:11:29<1:06:29,  2.09s/it]
 78%|███████▊  | 6777/8682 [4:11:31<1:01:30,  1.94s/it]
 78%|███████▊  | 6778/8682 [4:11:33<1:03:14,  1.99s/it]
 78%|███████▊  | 6779/8682 [4:11:35<1:05:29,  2.07s/it]
 78%|███████▊  | 6780/8682 [4:11:37<1:02:02,  1.96s/it]
 78%|███████▊  | 6781/8682 [4:11:40<1:07:11,  2.12s/it]
 78%|███████▊  | 6782/8682 [4:11:42<1:10:27,  2.22s/it]
 78%|███████▊  | 6783/8682 [4:11:45<1:15:51,  2.40s/it]
 78%|███████▊  | 6784/8682 [4:11:47<1:09:56,  2.21s/it]
 78%|███████▊  | 6785/8682 [4:11:49<1:08:51,  2.18s/it]
 78%|███████▊  | 6786/8682 [4:11:51<1:10:38,  2.24s/it]
 78%|███████▊  | 6787/8682 [4:11:53<1:07:58,  2.15s/it]
 78%|███████▊  | 6788/8682 [4:11:55<1:08:39,  2.18s/it]
 78%|███████▊  | 6789/8682 [4:11:57<1:08:30,  2.17s/it]
 78%|███████▊  | 6790/8682 [4:11:59<1:05:28,  2.08s/it]
 78%|███████▊  | 6791/8682 [4:12:02<1:08:21,  2.17s/it]
 78%|███████▊  | 6792/8682 [4:12:04<1:08:34,  2.18s/it]
 78%|███████▊  | 6793/8682 [4:12:07<1:15:22,  2.39s/it]
 78%|███████▊  | 6794/8682 [4:12:09<1:13:38,  2.34s/it]
 78%|███████▊  | 6795/8682 [4:12:11<1:12:45,  2.31s/it]
 78%|███████▊  | 6796/8682 [4:12:14<1:14:42,  2.38s/it]
 78%|███████▊  | 6797/8682 [4:12:17<1:21:12,  2.58s/it]
 78%|███████▊  | 6798/8682 [4:12:19<1:13:12,  2.33s/it]
 78%|███████▊  | 6799/8682 [4:12:21<1:10:55,  2.26s/it]
 78%|███████▊  | 6800/8682 [4:12:23<1:10:12,  2.24s/it]

{'loss': '0.971', 'grad_norm': '0.4859', 'learning_rate': '5.919e-06', 'epoch': '2.35'}

 78%|███████▊  | 6800/8682 [4:12:23<1:10:12,  2.24s/it]
 78%|███████▊  | 6801/8682 [4:12:25<1:10:59,  2.26s/it]
 78%|███████▊  | 6802/8682 [4:12:27<1:08:52,  2.20s/it]
 78%|███████▊  | 6803/8682 [4:12:29<1:05:15,  2.08s/it]
 78%|███████▊  | 6804/8682 [4:12:31<1:01:24,  1.96s/it]
 78%|███████▊  | 6805/8682 [4:12:33<1:01:12,  1.96s/it]
 78%|███████▊  | 6806/8682 [4:12:35<1:05:50,  2.11s/it]
 78%|███████▊  | 6807/8682 [4:12:38<1:08:00,  2.18s/it]
 78%|███████▊  | 6808/8682 [4:12:39<1:03:54,  2.05s/it]
 78%|███████▊  | 6809/8682 [4:12:42<1:05:44,  2.11s/it]
 78%|███████▊  | 6810/8682 [4:12:43<1:04:08,  2.06s/it]
 78%|███████▊  | 6811/8682 [4:12:45<1:03:55,  2.05s/it]
 78%|███████▊  | 6812/8682 [4:12:47<1:00:11,  1.93s/it]
 78%|███████▊  | 6813/8682 [4:12:50<1:04:13,  2.06s/it]
 78%|███████▊  | 6814/8682 [4:12:52<1:08:53,  2.21s/it]
 78%|███████▊  | 6815/8682 [4:12:54<1:10:21,  2.26s/it]
 79%|███████▊  | 6816/8682 [4:12:57<1:17:19,  2.49s/it]
 79%|███████▊  | 6817/8682 [4:12:59<1:12:38,  2.34s/it]
 79%|███████▊  | 6818/8682 [4:13:01<1:08:33,  2.21s/it]
 79%|███████▊  | 6819/8682 [4:13:03<1:07:09,  2.16s/it]
 79%|███████▊  | 6820/8682 [4:13:06<1:07:40,  2.18s/it]
 79%|███████▊  | 6821/8682 [4:13:08<1:07:03,  2.16s/it]
 79%|███████▊  | 6822/8682 [4:13:11<1:14:36,  2.41s/it]
 79%|███████▊  | 6823/8682 [4:13:13<1:13:39,  2.38s/it]
 79%|███████▊  | 6824/8682 [4:13:15<1:10:30,  2.28s/it]
 79%|███████▊  | 6825/8682 [4:13:17<1:11:31,  2.31s/it]
 79%|███████▊  | 6826/8682 [4:13:19<1:07:09,  2.17s/it]
 79%|███████▊  | 6827/8682 [4:13:22<1:08:18,  2.21s/it]
 79%|███████▊  | 6828/8682 [4:13:25<1:15:42,  2.45s/it]
 79%|███████▊  | 6829/8682 [4:13:27<1:12:00,  2.33s/it]
 79%|███████▊  | 6830/8682 [4:13:29<1:09:26,  2.25s/it]
 79%|███████▊  | 6831/8682 [4:13:31<1:10:11,  2.28s/it]
 79%|███████▊  | 6832/8682 [4:13:33<1:07:07,  2.18s/it]
 79%|███████▊  | 6833/8682 [4:13:35<1:01:16,  1.99s/it]
 79%|███████▊  | 6834/8682 [4:13:36<59:36,  1.94s/it]
 79%|███████▊  | 6835/8682 [4:13:38<57:52,  1.88s/it]
 79%|███████▊  | 6836/8682 [4:13:40<1:01:47,  2.01s/it]
 79%|███████▊  | 6837/8682 [4:13:43<1:05:41,  2.14s/it]
 79%|███████▉  | 6838/8682 [4:13:45<1:08:37,  2.23s/it]
 79%|███████▉  | 6839/8682 [4:13:48<1:09:00,  2.25s/it]
 79%|███████▉  | 6840/8682 [4:13:50<1:06:25,  2.16s/it]
 79%|███████▉  | 6841/8682 [4:13:52<1:07:16,  2.19s/it]
 79%|███████▉  | 6842/8682 [4:13:54<1:09:33,  2.27s/it]
 79%|███████▉  | 6843/8682 [4:13:57<1:09:26,  2.27s/it]
 79%|███████▉  | 6844/8682 [4:13:59<1:08:11,  2.23s/it]
 79%|███████▉  | 6845/8682 [4:14:01<1:12:54,  2.38s/it]
 79%|███████▉  | 6846/8682 [4:14:04<1:10:58,  2.32s/it]
 79%|███████▉  | 6847/8682 [4:14:06<1:14:42,  2.44s/it]
 79%|███████▉  | 6848/8682 [4:14:08<1:07:58,  2.22s/it]
 79%|███████▉  | 6849/8682 [4:14:10<1:07:53,  2.22s/it]
 79%|███████▉  | 6850/8682 [4:14:13<1:08:47,  2.25s/it]

{'loss': '0.9669', 'grad_norm': '0.4986', 'learning_rate': '5.621e-06', 'epoch': '2.367'}

 79%|███████▉  | 6850/8682 [4:14:13<1:08:47,  2.25s/it]
 79%|███████▉  | 6851/8682 [4:14:14<1:03:02,  2.07s/it]
 79%|███████▉  | 6852/8682 [4:14:16<1:04:53,  2.13s/it]
 79%|███████▉  | 6853/8682 [4:14:19<1:06:34,  2.18s/it]
 79%|███████▉  | 6854/8682 [4:14:21<1:06:18,  2.18s/it]
 79%|███████▉  | 6855/8682 [4:14:23<1:00:32,  1.99s/it]
 79%|███████▉  | 6856/8682 [4:14:24<59:31,  1.96s/it]
 79%|███████▉  | 6857/8682 [4:14:27<1:02:35,  2.06s/it]
 79%|███████▉  | 6858/8682 [4:14:29<1:04:20,  2.12s/it]
 79%|███████▉  | 6859/8682 [4:14:31<1:04:54,  2.14s/it]
 79%|███████▉  | 6860/8682 [4:14:33<1:06:50,  2.20s/it]
 79%|███████▉  | 6861/8682 [4:14:36<1:06:17,  2.18s/it]
 79%|███████▉  | 6862/8682 [4:14:38<1:10:47,  2.33s/it]
 79%|███████▉  | 6863/8682 [4:14:40<1:05:23,  2.16s/it]
 79%|███████▉  | 6864/8682 [4:14:42<1:03:46,  2.10s/it]
 79%|███████▉  | 6865/8682 [4:14:44<1:01:53,  2.04s/it]
 79%|███████▉  | 6866/8682 [4:14:46<1:05:40,  2.17s/it]
 79%|███████▉  | 6867/8682 [4:14:48<1:01:02,  2.02s/it]
 79%|███████▉  | 6868/8682 [4:14:50<58:05,  1.92s/it]
 79%|███████▉  | 6869/8682 [4:14:52<56:43,  1.88s/it]
 79%|███████▉  | 6870/8682 [4:14:54<1:00:21,  2.00s/it]
 79%|███████▉  | 6871/8682 [4:14:56<1:03:31,  2.10s/it]
 79%|███████▉  | 6872/8682 [4:14:58<1:05:21,  2.17s/it]
 79%|███████▉  | 6873/8682 [4:15:01<1:05:31,  2.17s/it]
 79%|███████▉  | 6874/8682 [4:15:02<1:02:02,  2.06s/it]
 79%|███████▉  | 6875/8682 [4:15:05<1:05:59,  2.19s/it]
 79%|███████▉  | 6876/8682 [4:15:07<1:09:02,  2.29s/it]
 79%|███████▉  | 6877/8682 [4:15:10<1:13:08,  2.43s/it]
 79%|███████▉  | 6878/8682 [4:15:12<1:07:45,  2.25s/it]
 79%|███████▉  | 6879/8682 [4:15:14<1:08:49,  2.29s/it]
 79%|███████▉  | 6880/8682 [4:15:16<1:03:55,  2.13s/it]
 79%|███████▉  | 6881/8682 [4:15:19<1:05:28,  2.18s/it]
 79%|███████▉  | 6882/8682 [4:15:20<1:02:40,  2.09s/it]
 79%|███████▉  | 6883/8682 [4:15:23<1:07:28,  2.25s/it]
 79%|███████▉  | 6884/8682 [4:15:25<1:02:10,  2.07s/it]
 79%|███████▉  | 6885/8682 [4:15:27<1:02:09,  2.08s/it]
 79%|███████▉  | 6886/8682 [4:15:29<1:01:55,  2.07s/it]
 79%|███████▉  | 6887/8682 [4:15:31<1:05:35,  2.19s/it]
 79%|███████▉  | 6888/8682 [4:15:34<1:10:04,  2.34s/it]
 79%|███████▉  | 6889/8682 [4:15:36<1:03:03,  2.11s/it]
 79%|███████▉  | 6890/8682 [4:15:38<1:07:07,  2.25s/it]
 79%|███████▉  | 6891/8682 [4:15:40<1:02:52,  2.11s/it]
 79%|███████▉  | 6892/8682 [4:15:41<57:56,  1.94s/it]
 79%|███████▉  | 6893/8682 [4:15:44<1:03:55,  2.14s/it]
 79%|███████▉  | 6894/8682 [4:15:47<1:10:28,  2.36s/it]
 79%|███████▉  | 6895/8682 [4:15:49<1:09:04,  2.32s/it]
 79%|███████▉  | 6896/8682 [4:15:52<1:09:36,  2.34s/it]
 79%|███████▉  | 6897/8682 [4:15:54<1:09:08,  2.32s/it]
 79%|███████▉  | 6898/8682 [4:15:56<1:08:12,  2.29s/it]
 79%|███████▉  | 6899/8682 [4:15:59<1:09:48,  2.35s/it]
 79%|███████▉  | 6900/8682 [4:16:01<1:09:42,  2.35s/it]

{'loss': '0.9695', 'grad_norm': '0.5012', 'learning_rate': '5.33e-06', 'epoch': '2.384'}

 79%|███████▉  | 6900/8682 [4:16:01<1:09:42,  2.35s/it]
 79%|███████▉  | 6901/8682 [4:16:03<1:05:59,  2.22s/it]
 79%|███████▉  | 6902/8682 [4:16:05<1:01:55,  2.09s/it]
 80%|███████▉  | 6903/8682 [4:16:07<1:07:47,  2.29s/it]
 80%|███████▉  | 6904/8682 [4:16:09<1:03:53,  2.16s/it]
 80%|███████▉  | 6905/8682 [4:16:11<1:03:56,  2.16s/it]
 80%|███████▉  | 6906/8682 [4:16:14<1:05:03,  2.20s/it]
 80%|███████▉  | 6907/8682 [4:16:16<1:06:51,  2.26s/it]
 80%|███████▉  | 6908/8682 [4:16:18<1:02:00,  2.10s/it]
 80%|███████▉  | 6909/8682 [4:16:20<1:03:33,  2.15s/it]
 80%|███████▉  | 6910/8682 [4:16:22<1:00:59,  2.06s/it]
 80%|███████▉  | 6911/8682 [4:16:24<1:03:52,  2.16s/it]
 80%|███████▉  | 6912/8682 [4:16:27<1:07:14,  2.28s/it]
 80%|███████▉  | 6913/8682 [4:16:29<1:04:48,  2.20s/it]
 80%|███████▉  | 6914/8682 [4:16:31<1:02:49,  2.13s/it]
 80%|███████▉  | 6915/8682 [4:16:33<58:51,  2.00s/it]
 80%|███████▉  | 6916/8682 [4:16:34<57:55,  1.97s/it]
 80%|███████▉  | 6917/8682 [4:16:36<56:15,  1.91s/it]
 80%|███████▉  | 6918/8682 [4:16:39<59:47,  2.03s/it]
 80%|███████▉  | 6919/8682 [4:16:41<1:02:01,  2.11s/it]
 80%|███████▉  | 6920/8682 [4:16:43<58:46,  2.00s/it]
 80%|███████▉  | 6921/8682 [4:16:45<1:03:18,  2.16s/it]
 80%|███████▉  | 6922/8682 [4:16:47<1:03:17,  2.16s/it]
 80%|███████▉  | 6923/8682 [4:16:49<1:03:59,  2.18s/it]
 80%|███████▉  | 6924/8682 [4:16:51<1:01:54,  2.11s/it]
 80%|███████▉  | 6925/8682 [4:16:54<1:04:31,  2.20s/it]
 80%|███████▉  | 6926/8682 [4:16:56<1:02:59,  2.15s/it]
 80%|███████▉  | 6927/8682 [4:16:58<1:00:54,  2.08s/it]
 80%|███████▉  | 6928/8682 [4:17:00<59:28,  2.03s/it]
 80%|███████▉  | 6929/8682 [4:17:02<1:00:09,  2.06s/it]
 80%|███████▉  | 6930/8682 [4:17:04<57:45,  1.98s/it]
 80%|███████▉  | 6931/8682 [4:17:06<1:02:27,  2.14s/it]
 80%|███████▉  | 6932/8682 [4:17:08<1:03:10,  2.17s/it]
 80%|███████▉  | 6933/8682 [4:17:11<1:03:46,  2.19s/it]
 80%|███████▉  | 6934/8682 [4:17:12<1:00:24,  2.07s/it]
 80%|███████▉  | 6935/8682 [4:17:15<1:01:42,  2.12s/it]
 80%|███████▉  | 6936/8682 [4:17:17<1:02:22,  2.14s/it]
 80%|███████▉  | 6937/8682 [4:17:19<1:02:42,  2.16s/it]
 80%|███████▉  | 6938/8682 [4:17:21<1:02:22,  2.15s/it]
 80%|███████▉  | 6939/8682 [4:17:24<1:05:14,  2.25s/it]
 80%|███████▉  | 6940/8682 [4:17:27<1:11:26,  2.46s/it]
 80%|███████▉  | 6941/8682 [4:17:29<1:07:48,  2.34s/it]
 80%|███████▉  | 6942/8682 [4:17:31<1:11:19,  2.46s/it]
 80%|███████▉  | 6943/8682 [4:17:34<1:10:55,  2.45s/it]
 80%|███████▉  | 6944/8682 [4:17:36<1:04:40,  2.23s/it]
 80%|███████▉  | 6945/8682 [4:17:37<59:37,  2.06s/it]
 80%|████████  | 6946/8682 [4:17:40<1:04:33,  2.23s/it]
 80%|████████  | 6947/8682 [4:17:42<1:04:20,  2.23s/it]
 80%|████████  | 6948/8682 [4:17:45<1:08:16,  2.36s/it]
 80%|████████  | 6949/8682 [4:17:47<1:05:29,  2.27s/it]
 80%|████████  | 6950/8682 [4:17:49<1:04:23,  2.23s/it]

{'loss': '0.9607', 'grad_norm': '0.5899', 'learning_rate': '5.045e-06', 'epoch': '2.402'}

 80%|████████  | 6950/8682 [4:17:49<1:04:23,  2.23s/it]
 80%|████████  | 6951/8682 [4:17:51<58:58,  2.04s/it]
 80%|████████  | 6952/8682 [4:17:53<1:00:47,  2.11s/it]
 80%|████████  | 6953/8682 [4:17:55<1:02:59,  2.19s/it]
 80%|████████  | 6954/8682 [4:17:57<1:02:56,  2.19s/it]
 80%|████████  | 6955/8682 [4:18:00<1:05:31,  2.28s/it]
 80%|████████  | 6956/8682 [4:18:02<1:04:31,  2.24s/it]
 80%|████████  | 6957/8682 [4:18:04<58:30,  2.04s/it]
 80%|████████  | 6958/8682 [4:18:06<1:01:02,  2.12s/it]
 80%|████████  | 6959/8682 [4:18:08<58:54,  2.05s/it]
 80%|████████  | 6960/8682 [4:18:10<59:22,  2.07s/it]
 80%|████████  | 6961/8682 [4:18:12<1:02:02,  2.16s/it]
 80%|████████  | 6962/8682 [4:18:14<56:42,  1.98s/it]
 80%|████████  | 6963/8682 [4:18:16<1:02:05,  2.17s/it]
 80%|████████  | 6964/8682 [4:18:19<1:04:37,  2.26s/it]
 80%|████████  | 6965/8682 [4:18:21<1:05:33,  2.29s/it]
 80%|████████  | 6966/8682 [4:18:23<1:03:28,  2.22s/it]
 80%|████████  | 6967/8682 [4:18:25<57:45,  2.02s/it]
 80%|████████  | 6968/8682 [4:18:27<1:00:52,  2.13s/it]
 80%|████████  | 6969/8682 [4:18:29<56:10,  1.97s/it]
 80%|████████  | 6970/8682 [4:18:31<57:49,  2.03s/it]
 80%|████████  | 6971/8682 [4:18:34<1:04:29,  2.26s/it]
 80%|████████  | 6972/8682 [4:18:36<1:00:20,  2.12s/it]
 80%|████████  | 6973/8682 [4:18:37<57:18,  2.01s/it]
 80%|████████  | 6974/8682 [4:18:39<58:35,  2.06s/it]
 80%|████████  | 6975/8682 [4:18:42<1:00:53,  2.14s/it]
 80%|████████  | 6976/8682 [4:18:44<57:37,  2.03s/it]
 80%|████████  | 6977/8682 [4:18:45<54:01,  1.90s/it]
 80%|████████  | 6978/8682 [4:18:48<57:32,  2.03s/it]
 80%|████████  | 6979/8682 [4:18:50<57:22,  2.02s/it]
 80%|████████  | 6980/8682 [4:18:52<57:01,  2.01s/it]
 80%|████████  | 6981/8682 [4:18:54<58:50,  2.08s/it]
 80%|████████  | 6982/8682 [4:18:56<1:01:24,  2.17s/it]
 80%|████████  | 6983/8682 [4:18:58<57:15,  2.02s/it]
 80%|████████  | 6984/8682 [4:19:00<58:03,  2.05s/it]
 80%|████████  | 6985/8682 [4:19:01<53:57,  1.91s/it]
 80%|████████  | 6986/8682 [4:19:04<58:42,  2.08s/it]
 80%|████████  | 6987/8682 [4:19:06<54:42,  1.94s/it]
 80%|████████  | 6988/8682 [4:19:08<58:56,  2.09s/it]
 80%|████████  | 6989/8682 [4:19:10<1:00:13,  2.13s/it]
 81%|████████  | 6990/8682 [4:19:12<55:52,  1.98s/it]
 81%|████████  | 6991/8682 [4:19:14<58:18,  2.07s/it]
 81%|████████  | 6992/8682 [4:19:17<1:00:50,  2.16s/it]
 81%|████████  | 6993/8682 [4:19:19<59:31,  2.11s/it]
 81%|████████  | 6994/8682 [4:19:21<1:01:28,  2.19s/it]
 81%|████████  | 6995/8682 [4:19:23<1:02:32,  2.22s/it]
 81%|████████  | 6996/8682 [4:19:25<1:00:50,  2.17s/it]
 81%|████████  | 6997/8682 [4:19:27<56:50,  2.02s/it]
 81%|████████  | 6998/8682 [4:19:29<59:56,  2.14s/it]
 81%|████████  | 6999/8682 [4:19:31<56:21,  2.01s/it]
 81%|████████  | 7000/8682 [4:19:34<1:00:48,  2.17s/it]

{'loss': '0.9572', 'grad_norm': '0.4639', 'learning_rate': '4.768e-06', 'epoch': '2.419'}

 81%|████████  | 7000/8682 [4:19:34<1:00:48,  2.17s/it]
 81%|████████  | 7001/8682 [4:19:36<58:59,  2.11s/it]
 81%|████████  | 7002/8682 [4:19:38<1:02:53,  2.25s/it]
 81%|████████  | 7003/8682 [4:19:40<1:00:58,  2.18s/it]
 81%|████████  | 7004/8682 [4:19:42<1:02:25,  2.23s/it]
 81%|████████  | 7005/8682 [4:19:44<56:28,  2.02s/it]
 81%|████████  | 7006/8682 [4:19:46<58:06,  2.08s/it]
 81%|████████  | 7007/8682 [4:19:48<52:10,  1.87s/it]
 81%|████████  | 7008/8682 [4:19:50<58:32,  2.10s/it]
 81%|████████  | 7009/8682 [4:19:53<1:04:54,  2.33s/it]
 81%|████████  | 7010/8682 [4:19:55<1:05:24,  2.35s/it]
 81%|████████  | 7011/8682 [4:19:58<1:06:06,  2.37s/it]
 81%|████████  | 7012/8682 [4:20:01<1:08:21,  2.46s/it]
 81%|████████  | 7013/8682 [4:20:03<1:09:31,  2.50s/it]
 81%|████████  | 7014/8682 [4:20:06<1:08:39,  2.47s/it]
 81%|████████  | 7015/8682 [4:20:07<1:02:41,  2.26s/it]
 81%|████████  | 7016/8682 [4:20:10<1:03:07,  2.27s/it]
 81%|████████  | 7017/8682 [4:20:11<57:52,  2.09s/it]
 81%|████████  | 7018/8682 [4:20:14<59:04,  2.13s/it]
 81%|████████  | 7019/8682 [4:20:16<1:01:44,  2.23s/it]
 81%|████████  | 7020/8682 [4:20:18<58:13,  2.10s/it]
 81%|████████  | 7021/8682 [4:20:20<58:05,  2.10s/it]
 81%|████████  | 7022/8682 [4:20:22<1:01:32,  2.22s/it]
 81%|████████  | 7023/8682 [4:20:24<1:00:06,  2.17s/it]
 81%|████████  | 7024/8682 [4:20:26<57:45,  2.09s/it]
 81%|████████  | 7025/8682 [4:20:29<59:13,  2.14s/it]
 81%|████████  | 7026/8682 [4:20:31<57:05,  2.07s/it]
 81%|████████  | 7027/8682 [4:20:33<1:00:25,  2.19s/it]
 81%|████████  | 7028/8682 [4:20:35<1:01:16,  2.22s/it]
 81%|████████  | 7029/8682 [4:20:38<1:01:32,  2.23s/it]
 81%|████████  | 7030/8682 [4:20:40<1:00:31,  2.20s/it]
 81%|████████  | 7031/8682 [4:20:42<1:01:08,  2.22s/it]
 81%|████████  | 7032/8682 [4:20:44<56:17,  2.05s/it]
 81%|████████  | 7033/8682 [4:20:45<54:47,  1.99s/it]
 81%|████████  | 7034/8682 [4:20:48<1:02:56,  2.29s/it]
 81%|████████  | 7035/8682 [4:20:51<1:03:07,  2.30s/it]
 81%|████████  | 7036/8682 [4:20:53<1:04:41,  2.36s/it]
 81%|████████  | 7037/8682 [4:20:55<1:01:59,  2.26s/it]
 81%|████████  | 7038/8682 [4:20:57<58:56,  2.15s/it]
 81%|████████  | 7039/8682 [4:20:59<59:14,  2.16s/it]
 81%|████████  | 7040/8682 [4:21:02<1:04:57,  2.37s/it]
 81%|████████  | 7041/8682 [4:21:04<1:02:37,  2.29s/it]
 81%|████████  | 7042/8682 [4:21:07<1:03:02,  2.31s/it]
 81%|████████  | 7043/8682 [4:21:09<1:06:29,  2.43s/it]
 81%|████████  | 7044/8682 [4:21:11<1:00:19,  2.21s/it]
 81%|████████  | 7045/8682 [4:21:13<1:01:33,  2.26s/it]
 81%|████████  | 7046/8682 [4:21:16<1:02:37,  2.30s/it]
 81%|████████  | 7047/8682 [4:21:18<58:29,  2.15s/it]
 81%|████████  | 7048/8682 [4:21:20<59:26,  2.18s/it]
 81%|████████  | 7049/8682 [4:21:22<58:21,  2.14s/it]
 81%|████████  | 7050/8682 [4:21:24<59:57,  2.20s/it]

{'loss': '0.9608', 'grad_norm': '0.5026', 'learning_rate': '4.498e-06', 'epoch': '2.436'}

 81%|████████  | 7050/8682 [4:21:24<59:57,  2.20s/it]
 81%|████████  | 7051/8682 [4:21:27<1:01:40,  2.27s/it]
 81%|████████  | 7052/8682 [4:21:29<1:03:05,  2.32s/it]
 81%|████████  | 7053/8682 [4:21:31<59:29,  2.19s/it]
 81%|████████  | 7054/8682 [4:21:33<59:38,  2.20s/it]
 81%|████████▏ | 7055/8682 [4:21:35<55:45,  2.06s/it]
 81%|████████▏ | 7056/8682 [4:21:37<55:08,  2.04s/it]
 81%|████████▏ | 7057/8682 [4:21:39<54:59,  2.03s/it]
 81%|████████▏ | 7058/8682 [4:21:41<56:41,  2.09s/it]
 81%|████████▏ | 7059/8682 [4:21:43<53:08,  1.96s/it]
 81%|████████▏ | 7060/8682 [4:21:45<56:21,  2.09s/it]
 81%|████████▏ | 7061/8682 [4:21:48<57:34,  2.13s/it]
 81%|████████▏ | 7062/8682 [4:21:50<1:01:08,  2.26s/it]
 81%|████████▏ | 7063/8682 [4:21:52<57:55,  2.15s/it]
 81%|████████▏ | 7064/8682 [4:21:54<59:52,  2.22s/it]
 81%|████████▏ | 7065/8682 [4:21:56<55:49,  2.07s/it]
 81%|████████▏ | 7066/8682 [4:21:58<57:32,  2.14s/it]
 81%|████████▏ | 7067/8682 [4:22:00<56:47,  2.11s/it]
 81%|████████▏ | 7068/8682 [4:22:02<53:22,  1.98s/it]
 81%|████████▏ | 7069/8682 [4:22:05<1:01:30,  2.29s/it]
 81%|████████▏ | 7070/8682 [4:22:07<56:25,  2.10s/it]
 81%|████████▏ | 7071/8682 [4:22:09<1:00:48,  2.26s/it]
 81%|████████▏ | 7072/8682 [4:22:12<1:01:40,  2.30s/it]
 81%|████████▏ | 7073/8682 [4:22:13<56:36,  2.11s/it]
 81%|████████▏ | 7074/8682 [4:22:16<58:01,  2.17s/it]
 81%|████████▏ | 7075/8682 [4:22:19<1:05:09,  2.43s/it]
 82%|████████▏ | 7076/8682 [4:22:21<1:03:56,  2.39s/it]
 82%|████████▏ | 7077/8682 [4:22:23<1:03:17,  2.37s/it]
 82%|████████▏ | 7078/8682 [4:22:25<56:52,  2.13s/it]
 82%|████████▏ | 7079/8682 [4:22:27<53:27,  2.00s/it]
 82%|████████▏ | 7080/8682 [4:22:29<57:55,  2.17s/it]
 82%|████████▏ | 7081/8682 [4:22:31<53:39,  2.01s/it]
 82%|████████▏ | 7082/8682 [4:22:33<52:34,  1.97s/it]
 82%|████████▏ | 7083/8682 [4:22:35<52:56,  1.99s/it]
 82%|████████▏ | 7084/8682 [4:22:37<56:22,  2.12s/it]
 82%|████████▏ | 7085/8682 [4:22:39<53:44,  2.02s/it]
 82%|████████▏ | 7086/8682 [4:22:41<51:53,  1.95s/it]
 82%|████████▏ | 7087/8682 [4:22:43<55:48,  2.10s/it]
 82%|████████▏ | 7088/8682 [4:22:45<56:13,  2.12s/it]
 82%|████████▏ | 7089/8682 [4:22:47<54:42,  2.06s/it]
 82%|████████▏ | 7090/8682 [4:22:50<1:02:08,  2.34s/it]
 82%|████████▏ | 7091/8682 [4:22:53<1:01:51,  2.33s/it]
 82%|████████▏ | 7092/8682 [4:22:54<57:15,  2.16s/it]
 82%|████████▏ | 7093/8682 [4:22:57<57:59,  2.19s/it]
 82%|████████▏ | 7094/8682 [4:22:59<58:47,  2.22s/it]
 82%|████████▏ | 7095/8682 [4:23:01<1:00:02,  2.27s/it]
 82%|████████▏ | 7096/8682 [4:23:03<58:39,  2.22s/it]
 82%|████████▏ | 7097/8682 [4:23:06<1:01:13,  2.32s/it]
 82%|████████▏ | 7098/8682 [4:23:08<1:00:53,  2.31s/it]
 82%|████████▏ | 7099/8682 [4:23:10<54:47,  2.08s/it]
 82%|████████▏ | 7100/8682 [4:23:12<54:42,  2.08s/it]

{'loss': '0.9541', 'grad_norm': '0.5194', 'learning_rate': '4.234e-06', 'epoch': '2.453'}

 82%|████████▏ | 7100/8682 [4:23:12<54:42,  2.08s/it]
 82%|████████▏ | 7101/8682 [4:23:14<58:06,  2.21s/it]
 82%|████████▏ | 7102/8682 [4:23:16<53:26,  2.03s/it]
 82%|████████▏ | 7103/8682 [4:23:18<49:39,  1.89s/it]
 82%|████████▏ | 7104/8682 [4:23:19<49:30,  1.88s/it]
 82%|████████▏ | 7105/8682 [4:23:22<51:50,  1.97s/it]
 82%|████████▏ | 7106/8682 [4:23:24<55:10,  2.10s/it]
 82%|████████▏ | 7107/8682 [4:23:27<1:00:03,  2.29s/it]
 82%|████████▏ | 7108/8682 [4:23:30<1:04:44,  2.47s/it]
 82%|████████▏ | 7109/8682 [4:23:32<1:04:43,  2.47s/it]
 82%|████████▏ | 7110/8682 [4:23:34<58:28,  2.23s/it]
 82%|████████▏ | 7111/8682 [4:23:36<1:00:03,  2.29s/it]
 82%|████████▏ | 7112/8682 [4:23:38<55:50,  2.13s/it]
 82%|████████▏ | 7113/8682 [4:23:40<57:02,  2.18s/it]
 82%|████████▏ | 7114/8682 [4:23:42<57:17,  2.19s/it]
 82%|████████▏ | 7115/8682 [4:23:44<53:33,  2.05s/it]
 82%|████████▏ | 7116/8682 [4:23:46<55:23,  2.12s/it]
 82%|████████▏ | 7117/8682 [4:23:49<59:16,  2.27s/it]
 82%|████████▏ | 7118/8682 [4:23:51<59:50,  2.30s/it]
 82%|████████▏ | 7119/8682 [4:23:54<59:58,  2.30s/it]
 82%|████████▏ | 7120/8682 [4:23:56<1:00:13,  2.31s/it]
 82%|████████▏ | 7121/8682 [4:23:58<55:44,  2.14s/it]
 82%|████████▏ | 7122/8682 [4:24:00<57:33,  2.21s/it]
 82%|████████▏ | 7123/8682 [4:24:02<54:37,  2.10s/it]
 82%|████████▏ | 7124/8682 [4:24:04<54:12,  2.09s/it]
 82%|████████▏ | 7125/8682 [4:24:06<55:32,  2.14s/it]
 82%|████████▏ | 7126/8682 [4:24:09<55:35,  2.14s/it]
 82%|████████▏ | 7127/8682 [4:24:11<58:48,  2.27s/it]
 82%|████████▏ | 7128/8682 [4:24:13<57:04,  2.20s/it]
 82%|████████▏ | 7129/8682 [4:24:16<1:03:35,  2.46s/it]
 82%|████████▏ | 7130/8682 [4:24:18<58:15,  2.25s/it]
 82%|████████▏ | 7131/8682 [4:24:20<57:39,  2.23s/it]
 82%|████████▏ | 7132/8682 [4:24:22<55:31,  2.15s/it]
 82%|████████▏ | 7133/8682 [4:24:25<1:00:47,  2.35s/it]
 82%|████████▏ | 7134/8682 [4:24:27<1:01:08,  2.37s/it]
 82%|████████▏ | 7135/8682 [4:24:29<56:24,  2.19s/it]
 82%|████████▏ | 7136/8682 [4:24:31<56:56,  2.21s/it]
 82%|████████▏ | 7137/8682 [4:24:34<57:35,  2.24s/it]
 82%|████████▏ | 7138/8682 [4:24:36<1:00:45,  2.36s/it]
 82%|████████▏ | 7139/8682 [4:24:38<57:39,  2.24s/it]
 82%|████████▏ | 7140/8682 [4:24:40<56:03,  2.18s/it]
 82%|████████▏ | 7141/8682 [4:24:42<54:28,  2.12s/it]
 82%|████████▏ | 7142/8682 [4:24:45<56:26,  2.20s/it]
 82%|████████▏ | 7143/8682 [4:24:47<56:34,  2.21s/it]
 82%|████████▏ | 7144/8682 [4:24:49<57:59,  2.26s/it]
 82%|████████▏ | 7145/8682 [4:24:52<1:03:26,  2.48s/it]
 82%|████████▏ | 7146/8682 [4:24:54<59:31,  2.32s/it]
 82%|████████▏ | 7147/8682 [4:24:57<1:05:18,  2.55s/it]
 82%|████████▏ | 7148/8682 [4:25:00<1:04:55,  2.54s/it]
 82%|████████▏ | 7149/8682 [4:25:01<57:48,  2.26s/it]
 82%|████████▏ | 7150/8682 [4:25:04<56:15,  2.20s/it]

{'loss': '0.9571', 'grad_norm': '0.5034', 'learning_rate': '3.978e-06', 'epoch': '2.471'}

 82%|████████▏ | 7150/8682 [4:25:04<56:15,  2.20s/it]
 82%|████████▏ | 7151/8682 [4:25:06<59:55,  2.35s/it]
 82%|████████▏ | 7152/8682 [4:25:08<58:28,  2.29s/it]
 82%|████████▏ | 7153/8682 [4:25:10<54:54,  2.15s/it]
 82%|████████▏ | 7154/8682 [4:25:12<50:47,  1.99s/it]
 82%|████████▏ | 7155/8682 [4:25:14<50:18,  1.98s/it]
 82%|████████▏ | 7156/8682 [4:25:16<52:27,  2.06s/it]
 82%|████████▏ | 7157/8682 [4:25:18<49:46,  1.96s/it]
 82%|████████▏ | 7158/8682 [4:25:20<53:54,  2.12s/it]
 82%|████████▏ | 7159/8682 [4:25:23<55:19,  2.18s/it]
 82%|████████▏ | 7160/8682 [4:25:25<55:12,  2.18s/it]
 82%|████████▏ | 7161/8682 [4:25:27<53:48,  2.12s/it]
 82%|████████▏ | 7162/8682 [4:25:29<51:53,  2.05s/it]
 83%|████████▎ | 7163/8682 [4:25:31<50:51,  2.01s/it]
 83%|████████▎ | 7164/8682 [4:25:32<48:48,  1.93s/it]
 83%|████████▎ | 7165/8682 [4:25:34<48:51,  1.93s/it]
 83%|████████▎ | 7166/8682 [4:25:36<47:44,  1.89s/it]
 83%|████████▎ | 7167/8682 [4:25:38<47:47,  1.89s/it]
 83%|████████▎ | 7168/8682 [4:25:40<49:55,  1.98s/it]
 83%|████████▎ | 7169/8682 [4:25:42<51:36,  2.05s/it]
 83%|████████▎ | 7170/8682 [4:25:44<50:04,  1.99s/it]
 83%|████████▎ | 7171/8682 [4:25:46<50:56,  2.02s/it]
 83%|████████▎ | 7172/8682 [4:25:49<53:12,  2.11s/it]
 83%|████████▎ | 7173/8682 [4:25:51<55:59,  2.23s/it]
 83%|████████▎ | 7174/8682 [4:25:53<55:00,  2.19s/it]
 83%|████████▎ | 7175/8682 [4:25:56<57:23,  2.28s/it]
 83%|████████▎ | 7176/8682 [4:25:58<57:48,  2.30s/it]
 83%|████████▎ | 7177/8682 [4:26:00<57:11,  2.28s/it]
 83%|████████▎ | 7178/8682 [4:26:02<52:02,  2.08s/it]
 83%|████████▎ | 7179/8682 [4:26:04<49:46,  1.99s/it]
 83%|████████▎ | 7180/8682 [4:26:05<47:30,  1.90s/it]
 83%|████████▎ | 7181/8682 [4:26:08<51:32,  2.06s/it]
 83%|████████▎ | 7182/8682 [4:26:10<53:54,  2.16s/it]
 83%|████████▎ | 7183/8682 [4:26:12<51:32,  2.06s/it]
 83%|████████▎ | 7184/8682 [4:26:14<53:40,  2.15s/it]
 83%|████████▎ | 7185/8682 [4:26:17<54:04,  2.17s/it]
 83%|████████▎ | 7186/8682 [4:26:19<59:04,  2.37s/it]
 83%|████████▎ | 7187/8682 [4:26:22<59:50,  2.40s/it]
 83%|████████▎ | 7188/8682 [4:26:24<1:00:44,  2.44s/it]
 83%|████████▎ | 7189/8682 [4:26:27<1:01:19,  2.46s/it]
 83%|████████▎ | 7190/8682 [4:26:29<59:13,  2.38s/it]
 83%|████████▎ | 7191/8682 [4:26:31<58:10,  2.34s/it]
 83%|████████▎ | 7192/8682 [4:26:33<55:13,  2.22s/it]
 83%|████████▎ | 7193/8682 [4:26:35<53:48,  2.17s/it]
 83%|████████▎ | 7194/8682 [4:26:37<50:21,  2.03s/it]
 83%|████████▎ | 7195/8682 [4:26:39<52:51,  2.13s/it]
 83%|████████▎ | 7196/8682 [4:26:41<49:12,  1.99s/it]
 83%|████████▎ | 7197/8682 [4:26:44<52:38,  2.13s/it]
 83%|████████▎ | 7198/8682 [4:26:46<52:31,  2.12s/it]
 83%|████████▎ | 7199/8682 [4:26:48<56:22,  2.28s/it]
 83%|████████▎ | 7200/8682 [4:26:51<56:33,  2.29s/it]

{'loss': '0.9415', 'grad_norm': '0.4494', 'learning_rate': '3.73e-06', 'epoch': '2.488'}

 83%|████████▎ | 7200/8682 [4:26:51<56:33,  2.29s/it]
 83%|████████▎ | 7201/8682 [4:26:53<54:27,  2.21s/it]
 83%|████████▎ | 7202/8682 [4:26:55<55:40,  2.26s/it]
 83%|████████▎ | 7203/8682 [4:26:57<55:50,  2.27s/it]
 83%|████████▎ | 7204/8682 [4:26:59<51:29,  2.09s/it]
 83%|████████▎ | 7205/8682 [4:27:02<58:12,  2.36s/it]
 83%|████████▎ | 7206/8682 [4:27:04<56:41,  2.30s/it]
 83%|████████▎ | 7207/8682 [4:27:06<56:30,  2.30s/it]
 83%|████████▎ | 7208/8682 [4:27:09<55:39,  2.27s/it]
 83%|████████▎ | 7209/8682 [4:27:10<52:10,  2.12s/it]
 83%|████████▎ | 7210/8682 [4:27:13<52:37,  2.15s/it]
 83%|████████▎ | 7211/8682 [4:27:16<58:46,  2.40s/it]
 83%|████████▎ | 7212/8682 [4:27:17<53:50,  2.20s/it]
 83%|████████▎ | 7213/8682 [4:27:19<52:32,  2.15s/it]
 83%|████████▎ | 7214/8682 [4:27:21<50:17,  2.06s/it]
 83%|████████▎ | 7215/8682 [4:27:23<50:25,  2.06s/it]
 83%|████████▎ | 7216/8682 [4:27:25<51:38,  2.11s/it]
 83%|████████▎ | 7217/8682 [4:27:27<47:05,  1.93s/it]
 83%|████████▎ | 7218/8682 [4:27:29<45:42,  1.87s/it]
 83%|████████▎ | 7219/8682 [4:27:31<47:50,  1.96s/it]
 83%|████████▎ | 7220/8682 [4:27:33<51:59,  2.13s/it]
 83%|████████▎ | 7221/8682 [4:27:36<55:44,  2.29s/it]
 83%|████████▎ | 7222/8682 [4:27:38<53:04,  2.18s/it]
 83%|████████▎ | 7223/8682 [4:27:40<50:32,  2.08s/it]
 83%|████████▎ | 7224/8682 [4:27:42<52:22,  2.16s/it]
 83%|████████▎ | 7225/8682 [4:27:44<52:06,  2.15s/it]
 83%|████████▎ | 7226/8682 [4:27:46<52:21,  2.16s/it]
 83%|████████▎ | 7227/8682 [4:27:49<53:49,  2.22s/it]
 83%|████████▎ | 7228/8682 [4:27:51<53:34,  2.21s/it]
 83%|████████▎ | 7229/8682 [4:27:54<55:21,  2.29s/it]
 83%|████████▎ | 7230/8682 [4:27:56<54:59,  2.27s/it]
 83%|████████▎ | 7231/8682 [4:27:58<53:32,  2.21s/it]
 83%|████████▎ | 7232/8682 [4:28:00<50:01,  2.07s/it]
 83%|████████▎ | 7233/8682 [4:28:02<50:50,  2.10s/it]
 83%|████████▎ | 7234/8682 [4:28:04<51:00,  2.11s/it]
 83%|████████▎ | 7235/8682 [4:28:06<53:36,  2.22s/it]
 83%|████████▎ | 7236/8682 [4:28:09<53:47,  2.23s/it]
 83%|████████▎ | 7237/8682 [4:28:12<59:45,  2.48s/it]
 83%|████████▎ | 7238/8682 [4:28:14<57:01,  2.37s/it]
 83%|████████▎ | 7239/8682 [4:28:16<54:01,  2.25s/it]
 83%|████████▎ | 7240/8682 [4:28:17<48:09,  2.00s/it]
 83%|████████▎ | 7241/8682 [4:28:19<49:04,  2.04s/it]
 83%|████████▎ | 7242/8682 [4:28:22<54:44,  2.28s/it]
 83%|████████▎ | 7243/8682 [4:28:24<55:11,  2.30s/it]
 83%|████████▎ | 7244/8682 [4:28:27<56:12,  2.35s/it]
 83%|████████▎ | 7245/8682 [4:28:29<55:26,  2.31s/it]
 83%|████████▎ | 7246/8682 [4:28:31<50:55,  2.13s/it]
 83%|████████▎ | 7247/8682 [4:28:33<50:47,  2.12s/it]
 83%|████████▎ | 7248/8682 [4:28:35<51:48,  2.17s/it]
 83%|████████▎ | 7249/8682 [4:28:38<53:45,  2.25s/it]
 84%|████████▎ | 7250/8682 [4:28:40<54:17,  2.27s/it]

{'loss': '0.9573', 'grad_norm': '0.5417', 'learning_rate': '3.488e-06', 'epoch': '2.505'}

 84%|████████▎ | 7250/8682 [4:28:40<54:17,  2.27s/it]
 84%|████████▎ | 7251/8682 [4:28:42<52:49,  2.21s/it]
 84%|████████▎ | 7252/8682 [4:28:44<49:27,  2.07s/it]
 84%|████████▎ | 7253/8682 [4:28:46<47:51,  2.01s/it]
 84%|████████▎ | 7254/8682 [4:28:49<54:53,  2.31s/it]
 84%|████████▎ | 7255/8682 [4:28:51<52:08,  2.19s/it]
 84%|████████▎ | 7256/8682 [4:28:52<48:47,  2.05s/it]
 84%|████████▎ | 7257/8682 [4:28:54<44:22,  1.87s/it]
 84%|████████▎ | 7258/8682 [4:28:56<45:45,  1.93s/it]
 84%|████████▎ | 7259/8682 [4:28:58<46:33,  1.96s/it]
 84%|████████▎ | 7260/8682 [4:29:00<46:42,  1.97s/it]
 84%|████████▎ | 7261/8682 [4:29:02<48:16,  2.04s/it]
 84%|████████▎ | 7262/8682 [4:29:05<54:12,  2.29s/it]
 84%|████████▎ | 7263/8682 [4:29:07<50:06,  2.12s/it]
 84%|████████▎ | 7264/8682 [4:29:09<49:27,  2.09s/it]
 84%|████████▎ | 7265/8682 [4:29:11<48:55,  2.07s/it]
 84%|████████▎ | 7266/8682 [4:29:13<50:04,  2.12s/it]
 84%|████████▎ | 7267/8682 [4:29:15<51:09,  2.17s/it]
 84%|████████▎ | 7268/8682 [4:29:18<52:07,  2.21s/it]
 84%|████████▎ | 7269/8682 [4:29:20<54:12,  2.30s/it]
 84%|████████▎ | 7270/8682 [4:29:23<56:15,  2.39s/it]
 84%|████████▎ | 7271/8682 [4:29:25<53:40,  2.28s/it]
 84%|████████▍ | 7272/8682 [4:29:27<55:43,  2.37s/it]
 84%|████████▍ | 7273/8682 [4:29:29<50:36,  2.16s/it]
 84%|████████▍ | 7274/8682 [4:29:31<52:40,  2.24s/it]
 84%|████████▍ | 7275/8682 [4:29:33<49:15,  2.10s/it]
 84%|████████▍ | 7276/8682 [4:29:35<50:18,  2.15s/it]
 84%|████████▍ | 7277/8682 [4:29:37<47:01,  2.01s/it]
 84%|████████▍ | 7278/8682 [4:29:39<49:19,  2.11s/it]
 84%|████████▍ | 7279/8682 [4:29:42<50:31,  2.16s/it]
 84%|████████▍ | 7280/8682 [4:29:44<48:53,  2.09s/it]
 84%|████████▍ | 7281/8682 [4:29:46<49:43,  2.13s/it]
 84%|████████▍ | 7282/8682 [4:29:48<50:25,  2.16s/it]
 84%|████████▍ | 7283/8682 [4:29:51<54:56,  2.36s/it]
 84%|████████▍ | 7284/8682 [4:29:53<54:23,  2.33s/it]
 84%|████████▍ | 7285/8682 [4:29:55<53:21,  2.29s/it]
 84%|████████▍ | 7286/8682 [4:29:57<49:16,  2.12s/it]
 84%|████████▍ | 7287/8682 [4:29:59<50:18,  2.16s/it]
 84%|████████▍ | 7288/8682 [4:30:02<52:11,  2.25s/it]
 84%|████████▍ | 7289/8682 [4:30:04<49:46,  2.14s/it]
 84%|████████▍ | 7290/8682 [4:30:06<47:57,  2.07s/it]
 84%|████████▍ | 7291/8682 [4:30:08<50:21,  2.17s/it]
 84%|████████▍ | 7292/8682 [4:30:10<51:55,  2.24s/it]
 84%|████████▍ | 7293/8682 [4:30:13<50:50,  2.20s/it]
 84%|████████▍ | 7294/8682 [4:30:15<50:21,  2.18s/it]
 84%|████████▍ | 7295/8682 [4:30:16<47:00,  2.03s/it]
 84%|████████▍ | 7296/8682 [4:30:18<45:39,  1.98s/it]
 84%|████████▍ | 7297/8682 [4:30:20<45:32,  1.97s/it]
 84%|████████▍ | 7298/8682 [4:30:22<44:11,  1.92s/it]
 84%|████████▍ | 7299/8682 [4:30:24<48:06,  2.09s/it]
 84%|████████▍ | 7300/8682 [4:30:26<45:54,  1.99s/it]

{'loss': '0.951', 'grad_norm': '0.5607', 'learning_rate': '3.254e-06', 'epoch': '2.523'}

 84%|████████▍ | 7300/8682 [4:30:26<45:54,  1.99s/it]
 84%|████████▍ | 7301/8682 [4:30:29<49:16,  2.14s/it]
 84%|████████▍ | 7302/8682 [4:30:31<51:34,  2.24s/it]
 84%|████████▍ | 7303/8682 [4:30:34<52:05,  2.27s/it]
 84%|████████▍ | 7304/8682 [4:30:36<51:52,  2.26s/it]
 84%|████████▍ | 7305/8682 [4:30:38<55:12,  2.41s/it]
 84%|████████▍ | 7306/8682 [4:30:41<52:44,  2.30s/it]
 84%|████████▍ | 7307/8682 [4:30:44<57:45,  2.52s/it]
 84%|████████▍ | 7308/8682 [4:30:46<56:45,  2.48s/it]
 84%|████████▍ | 7309/8682 [4:30:48<53:53,  2.36s/it]
 84%|████████▍ | 7310/8682 [4:30:50<54:30,  2.38s/it]
 84%|████████▍ | 7311/8682 [4:30:52<50:57,  2.23s/it]
 84%|████████▍ | 7312/8682 [4:30:54<46:51,  2.05s/it]
 84%|████████▍ | 7313/8682 [4:30:56<48:07,  2.11s/it]
 84%|████████▍ | 7314/8682 [4:30:59<52:05,  2.28s/it]
 84%|████████▍ | 7315/8682 [4:31:02<56:39,  2.49s/it]
 84%|████████▍ | 7316/8682 [4:31:04<55:51,  2.45s/it]
 84%|████████▍ | 7317/8682 [4:31:07<57:54,  2.55s/it]
 84%|████████▍ | 7318/8682 [4:31:09<55:56,  2.46s/it]
 84%|████████▍ | 7319/8682 [4:31:12<55:32,  2.44s/it]
 84%|████████▍ | 7320/8682 [4:31:14<52:27,  2.31s/it]
 84%|████████▍ | 7321/8682 [4:31:16<52:56,  2.33s/it]
 84%|████████▍ | 7322/8682 [4:31:19<55:17,  2.44s/it]
 84%|████████▍ | 7323/8682 [4:31:21<53:46,  2.37s/it]
 84%|████████▍ | 7324/8682 [4:31:24<58:26,  2.58s/it]
 84%|████████▍ | 7325/8682 [4:31:26<52:51,  2.34s/it]
 84%|████████▍ | 7326/8682 [4:31:28<50:10,  2.22s/it]
 84%|████████▍ | 7327/8682 [4:31:30<49:02,  2.17s/it]
 84%|████████▍ | 7328/8682 [4:31:31<45:33,  2.02s/it]
 84%|████████▍ | 7329/8682 [4:31:33<44:44,  1.98s/it]
 84%|████████▍ | 7330/8682 [4:31:35<42:11,  1.87s/it]
 84%|████████▍ | 7331/8682 [4:31:38<50:16,  2.23s/it]
 84%|████████▍ | 7332/8682 [4:31:40<49:10,  2.19s/it]
 84%|████████▍ | 7333/8682 [4:31:42<46:11,  2.05s/it]
 84%|████████▍ | 7334/8682 [4:31:44<49:19,  2.20s/it]
 84%|████████▍ | 7335/8682 [4:31:46<45:06,  2.01s/it]
 84%|████████▍ | 7336/8682 [4:31:48<46:50,  2.09s/it]
 85%|████████▍ | 7337/8682 [4:31:51<49:54,  2.23s/it]
 85%|████████▍ | 7338/8682 [4:31:53<50:31,  2.26s/it]
 85%|████████▍ | 7339/8682 [4:31:56<51:46,  2.31s/it]
 85%|████████▍ | 7340/8682 [4:31:58<51:53,  2.32s/it]
 85%|████████▍ | 7341/8682 [4:31:59<46:34,  2.08s/it]
 85%|████████▍ | 7342/8682 [4:32:02<49:10,  2.20s/it]
 85%|████████▍ | 7343/8682 [4:32:04<49:41,  2.23s/it]
 85%|████████▍ | 7344/8682 [4:32:07<50:01,  2.24s/it]
 85%|████████▍ | 7345/8682 [4:32:09<51:10,  2.30s/it]
 85%|████████▍ | 7346/8682 [4:32:11<48:20,  2.17s/it]
 85%|████████▍ | 7347/8682 [4:32:13<46:46,  2.10s/it]
 85%|████████▍ | 7348/8682 [4:32:15<48:37,  2.19s/it]
 85%|████████▍ | 7349/8682 [4:32:18<52:08,  2.35s/it]
 85%|████████▍ | 7350/8682 [4:32:20<49:50,  2.25s/it]

{'loss': '0.9523', 'grad_norm': '0.53', 'learning_rate': '3.028e-06', 'epoch': '2.54'}

 85%|████████▍ | 7350/8682 [4:32:20<49:50,  2.25s/it]
 85%|████████▍ | 7351/8682 [4:32:22<49:17,  2.22s/it]
 85%|████████▍ | 7352/8682 [4:32:24<48:28,  2.19s/it]
 85%|████████▍ | 7353/8682 [4:32:27<51:53,  2.34s/it]
 85%|████████▍ | 7354/8682 [4:32:28<46:56,  2.12s/it]
 85%|████████▍ | 7355/8682 [4:32:31<47:47,  2.16s/it]
 85%|████████▍ | 7356/8682 [4:32:32<44:26,  2.01s/it]
 85%|████████▍ | 7357/8682 [4:32:35<47:01,  2.13s/it]
 85%|████████▍ | 7358/8682 [4:32:37<45:53,  2.08s/it]
 85%|████████▍ | 7359/8682 [4:32:38<41:54,  1.90s/it]
 85%|████████▍ | 7360/8682 [4:32:40<41:04,  1.86s/it]
 85%|████████▍ | 7361/8682 [4:32:42<41:49,  1.90s/it]
 85%|████████▍ | 7362/8682 [4:32:44<40:34,  1.84s/it]
 85%|████████▍ | 7363/8682 [4:32:46<42:33,  1.94s/it]
 85%|████████▍ | 7364/8682 [4:32:48<45:11,  2.06s/it]
 85%|████████▍ | 7365/8682 [4:32:51<50:35,  2.30s/it]
 85%|████████▍ | 7366/8682 [4:32:53<46:20,  2.11s/it]
 85%|████████▍ | 7367/8682 [4:32:55<44:10,  2.02s/it]
 85%|████████▍ | 7368/8682 [4:32:57<45:53,  2.10s/it]
 85%|████████▍ | 7369/8682 [4:32:59<44:46,  2.05s/it]
 85%|████████▍ | 7370/8682 [4:33:01<46:40,  2.13s/it]
 85%|████████▍ | 7371/8682 [4:33:03<47:20,  2.17s/it]
 85%|████████▍ | 7372/8682 [4:33:05<45:02,  2.06s/it]
 85%|████████▍ | 7373/8682 [4:33:07<41:50,  1.92s/it]
 85%|████████▍ | 7374/8682 [4:33:09<41:11,  1.89s/it]
 85%|████████▍ | 7375/8682 [4:33:11<41:56,  1.93s/it]
 85%|████████▍ | 7376/8682 [4:33:13<44:13,  2.03s/it]
 85%|████████▍ | 7377/8682 [4:33:15<44:50,  2.06s/it]
 85%|████████▍ | 7378/8682 [4:33:17<42:57,  1.98s/it]
 85%|████████▍ | 7379/8682 [4:33:19<45:16,  2.08s/it]
 85%|████████▌ | 7380/8682 [4:33:21<45:42,  2.11s/it]
 85%|████████▌ | 7381/8682 [4:33:24<48:27,  2.23s/it]
 85%|████████▌ | 7382/8682 [4:33:26<45:58,  2.12s/it]
 85%|████████▌ | 7383/8682 [4:33:28<44:43,  2.07s/it]
 85%|████████▌ | 7384/8682 [4:33:29<42:39,  1.97s/it]
 85%|████████▌ | 7385/8682 [4:33:32<44:40,  2.07s/it]
 85%|████████▌ | 7386/8682 [4:33:33<41:50,  1.94s/it]
 85%|████████▌ | 7387/8682 [4:33:35<39:47,  1.84s/it]
 85%|████████▌ | 7388/8682 [4:33:37<43:27,  2.02s/it]
 85%|████████▌ | 7389/8682 [4:33:40<50:41,  2.35s/it]
 85%|████████▌ | 7390/8682 [4:33:43<54:50,  2.55s/it]
 85%|████████▌ | 7391/8682 [4:33:46<52:29,  2.44s/it]
 85%|████████▌ | 7392/8682 [4:33:48<52:37,  2.45s/it]
 85%|████████▌ | 7393/8682 [4:33:50<49:42,  2.31s/it]
 85%|████████▌ | 7394/8682 [4:33:53<50:49,  2.37s/it]
 85%|████████▌ | 7395/8682 [4:33:54<46:21,  2.16s/it]
 85%|████████▌ | 7396/8682 [4:33:57<50:47,  2.37s/it]
 85%|████████▌ | 7397/8682 [4:33:59<49:13,  2.30s/it]
 85%|████████▌ | 7398/8682 [4:34:01<48:54,  2.29s/it]
 85%|████████▌ | 7399/8682 [4:34:04<50:01,  2.34s/it]
 85%|████████▌ | 7400/8682 [4:34:06<46:19,  2.17s/it]

{'loss': '0.9339', 'grad_norm': '0.592', 'learning_rate': '2.809e-06', 'epoch': '2.557'}

 85%|████████▌ | 7400/8682 [4:34:06<46:19,  2.17s/it]
 85%|████████▌ | 7401/8682 [4:34:08<44:05,  2.06s/it]
 85%|████████▌ | 7402/8682 [4:34:09<41:56,  1.97s/it]
 85%|████████▌ | 7403/8682 [4:34:11<40:01,  1.88s/it]
 85%|████████▌ | 7404/8682 [4:34:13<42:17,  1.99s/it]
 85%|████████▌ | 7405/8682 [4:34:16<46:09,  2.17s/it]
 85%|████████▌ | 7406/8682 [4:34:17<42:39,  2.01s/it]
 85%|████████▌ | 7407/8682 [4:34:19<40:42,  1.92s/it]
 85%|████████▌ | 7408/8682 [4:34:22<44:03,  2.07s/it]
 85%|████████▌ | 7409/8682 [4:34:23<41:21,  1.95s/it]
 85%|████████▌ | 7410/8682 [4:34:25<40:48,  1.92s/it]
 85%|████████▌ | 7411/8682 [4:34:27<41:52,  1.98s/it]
 85%|████████▌ | 7412/8682 [4:34:29<43:56,  2.08s/it]
 85%|████████▌ | 7413/8682 [4:34:31<41:26,  1.96s/it]
 85%|████████▌ | 7414/8682 [4:34:33<41:32,  1.97s/it]
 85%|████████▌ | 7415/8682 [4:34:36<45:20,  2.15s/it]
 85%|████████▌ | 7416/8682 [4:34:38<46:01,  2.18s/it]
 85%|████████▌ | 7417/8682 [4:34:40<46:38,  2.21s/it]
 85%|████████▌ | 7418/8682 [4:34:43<47:23,  2.25s/it]
 85%|████████▌ | 7419/8682 [4:34:45<47:21,  2.25s/it]
 85%|████████▌ | 7420/8682 [4:34:47<43:33,  2.07s/it]
 85%|████████▌ | 7421/8682 [4:34:49<44:21,  2.11s/it]
 85%|████████▌ | 7422/8682 [4:34:51<45:54,  2.19s/it]
 85%|████████▌ | 7423/8682 [4:34:53<47:19,  2.26s/it]
 86%|████████▌ | 7424/8682 [4:34:56<47:55,  2.29s/it]
 86%|████████▌ | 7425/8682 [4:34:58<48:46,  2.33s/it]
 86%|████████▌ | 7426/8682 [4:35:01<48:06,  2.30s/it]
 86%|████████▌ | 7427/8682 [4:35:02<44:15,  2.12s/it]
 86%|████████▌ | 7428/8682 [4:35:05<47:17,  2.26s/it]
 86%|████████▌ | 7429/8682 [4:35:07<47:12,  2.26s/it]
 86%|████████▌ | 7430/8682 [4:35:09<47:42,  2.29s/it]
 86%|████████▌ | 7431/8682 [4:35:12<47:22,  2.27s/it]
 86%|████████▌ | 7432/8682 [4:35:14<49:02,  2.35s/it]
 86%|████████▌ | 7433/8682 [4:35:16<45:47,  2.20s/it]
 86%|████████▌ | 7434/8682 [4:35:18<45:20,  2.18s/it]
 86%|████████▌ | 7435/8682 [4:35:20<41:51,  2.01s/it]
 86%|████████▌ | 7436/8682 [4:35:22<45:12,  2.18s/it]
 86%|████████▌ | 7437/8682 [4:35:25<47:21,  2.28s/it]
 86%|████████▌ | 7438/8682 [4:35:27<44:17,  2.14s/it]
 86%|████████▌ | 7439/8682 [4:35:29<43:06,  2.08s/it]
 86%|████████▌ | 7440/8682 [4:35:30<40:27,  1.95s/it]
 86%|████████▌ | 7441/8682 [4:35:33<42:21,  2.05s/it]
 86%|████████▌ | 7442/8682 [4:35:34<39:06,  1.89s/it]
 86%|████████▌ | 7443/8682 [4:35:36<41:11,  1.99s/it]
 86%|████████▌ | 7444/8682 [4:35:39<43:45,  2.12s/it]
 86%|████████▌ | 7445/8682 [4:35:40<41:09,  2.00s/it]
 86%|████████▌ | 7446/8682 [4:35:43<42:11,  2.05s/it]
 86%|████████▌ | 7447/8682 [4:35:44<39:51,  1.94s/it]
 86%|████████▌ | 7448/8682 [4:35:46<41:33,  2.02s/it]
 86%|████████▌ | 7449/8682 [4:35:48<40:10,  1.96s/it]
 86%|████████▌ | 7450/8682 [4:35:50<37:52,  1.84s/it]

{'loss': '0.9432', 'grad_norm': '0.4693', 'learning_rate': '2.599e-06', 'epoch': '2.574'}

 86%|████████▌ | 7450/8682 [4:35:50<37:52,  1.84s/it]
 86%|████████▌ | 7451/8682 [4:35:51<36:15,  1.77s/it]
 86%|████████▌ | 7452/8682 [4:35:53<36:15,  1.77s/it]
 86%|████████▌ | 7453/8682 [4:35:56<39:51,  1.95s/it]
 86%|████████▌ | 7454/8682 [4:35:58<40:19,  1.97s/it]
 86%|████████▌ | 7455/8682 [4:36:00<40:37,  1.99s/it]
 86%|████████▌ | 7456/8682 [4:36:02<42:29,  2.08s/it]
 86%|████████▌ | 7457/8682 [4:36:04<43:41,  2.14s/it]
 86%|████████▌ | 7458/8682 [4:36:07<44:33,  2.18s/it]
 86%|████████▌ | 7459/8682 [4:36:09<48:10,  2.36s/it]
 86%|████████▌ | 7460/8682 [4:36:11<45:24,  2.23s/it]
 86%|████████▌ | 7461/8682 [4:36:13<45:18,  2.23s/it]
 86%|████████▌ | 7462/8682 [4:36:15<42:26,  2.09s/it]
 86%|████████▌ | 7463/8682 [4:36:18<46:01,  2.27s/it]
 86%|████████▌ | 7464/8682 [4:36:20<45:30,  2.24s/it]
 86%|████████▌ | 7465/8682 [4:36:22<42:43,  2.11s/it]
 86%|████████▌ | 7466/8682 [4:36:23<39:14,  1.94s/it]
 86%|████████▌ | 7467/8682 [4:36:26<41:30,  2.05s/it]
 86%|████████▌ | 7468/8682 [4:36:28<41:21,  2.04s/it]
 86%|████████▌ | 7469/8682 [4:36:30<41:58,  2.08s/it]
 86%|████████▌ | 7470/8682 [4:36:32<43:10,  2.14s/it]
 86%|████████▌ | 7471/8682 [4:36:35<44:55,  2.23s/it]
 86%|████████▌ | 7472/8682 [4:36:36<41:26,  2.05s/it]
 86%|████████▌ | 7473/8682 [4:36:38<42:00,  2.08s/it]
 86%|████████▌ | 7474/8682 [4:36:40<41:17,  2.05s/it]
 86%|████████▌ | 7475/8682 [4:36:42<41:32,  2.06s/it]
 86%|████████▌ | 7476/8682 [4:36:44<40:50,  2.03s/it]
 86%|████████▌ | 7477/8682 [4:36:46<39:10,  1.95s/it]
 86%|████████▌ | 7478/8682 [4:36:49<41:56,  2.09s/it]
 86%|████████▌ | 7479/8682 [4:36:50<39:51,  1.99s/it]
 86%|████████▌ | 7480/8682 [4:36:53<42:14,  2.11s/it]
 86%|████████▌ | 7481/8682 [4:36:54<39:36,  1.98s/it]
 86%|████████▌ | 7482/8682 [4:36:57<42:22,  2.12s/it]
 86%|████████▌ | 7483/8682 [4:36:59<44:54,  2.25s/it]
 86%|████████▌ | 7484/8682 [4:37:02<45:29,  2.28s/it]
 86%|████████▌ | 7485/8682 [4:37:04<44:13,  2.22s/it]
 86%|████████▌ | 7486/8682 [4:37:06<45:06,  2.26s/it]
 86%|████████▌ | 7487/8682 [4:37:08<44:32,  2.24s/it]
 86%|████████▌ | 7488/8682 [4:37:10<43:12,  2.17s/it]
 86%|████████▋ | 7489/8682 [4:37:13<43:20,  2.18s/it]
 86%|████████▋ | 7490/8682 [4:37:15<43:59,  2.21s/it]
 86%|████████▋ | 7491/8682 [4:37:18<48:49,  2.46s/it]
 86%|████████▋ | 7492/8682 [4:37:20<47:27,  2.39s/it]
 86%|████████▋ | 7493/8682 [4:37:22<43:37,  2.20s/it]
 86%|████████▋ | 7494/8682 [4:37:25<46:18,  2.34s/it]
 86%|████████▋ | 7495/8682 [4:37:27<43:56,  2.22s/it]
 86%|████████▋ | 7496/8682 [4:37:29<44:09,  2.23s/it]
 86%|████████▋ | 7497/8682 [4:37:31<42:39,  2.16s/it]
 86%|████████▋ | 7498/8682 [4:37:33<43:16,  2.19s/it]
============================================================
SANITY CHECK @ Step 7499
============================================================
  ✓ IN:  hello there
    EXP: Hello there
    OUT: Hello there

  ✓ IN:  thx 4 the help
    EXP: Thanks for the help
    OUT: Thanks for the help

  ✓ IN:  c u l8r
    EXP: See you later
    OUT: See you later

  ✓ IN:  idk wh4t 2 d0 tbh
    EXP: I don't know what to do to be honest
    OUT: I don't know what to do to be honest

  ✓ IN:  1 h4v3 2 c4t5
    EXP: I have 2 cats
    OUT: I have 2 cats

  ✗ IN:  ur prolly right
    EXP: You're probably right
    OUT: You're probably right.

  ✓ IN:  1t5 2 l8
    EXP: It is too late
    OUT: It is too late

  ✗ IN:  th4t5 2 much 4 m3
    EXP: That's too much for me
    OUT: That is too much for me

  ✓ IN:  1 n33d 2 g0 2 w0rk
    EXP: I need to go to work
    OUT: I need to go to work

  ✓ IN:  wh4t t1m3 15 th3 m33t1ng @ 3 pm
    EXP: What time is the meeting at 3 PM
    OUT: What time is the meeting at 3 PM

  ✗ IN:  1 g0t 100 p01nt5 0n th3 t35t
    EXP: I got 100 points on the test
    OUT: I have 100 points on the test

  ✓ IN:  I have 2 cats
    EXP: I have 2 cats
    OUT: I have 2 cats

  ✓ IN:  The meeting is at 3 PM
    EXP: The meeting is at 3 PM
    OUT: The meeting is at 3 PM

Accuracy: 10/13 (76.9%)
============================================================


 86%|████████▋ | 7499/8682 [4:37:38<1:01:02,  3.10s/it]
 86%|████████▋ | 7500/8682 [4:37:40<52:01,  2.64s/it]

{'loss': '0.9357', 'grad_norm': '0.5668', 'learning_rate': '2.395e-06', 'epoch': '2.592'}

 86%|████████▋ | 7500/8682 [4:37:40<52:01,  2.64s/it]

  0%|          | 0/94 [00:00<?, ?it/s][A

  2%|▏         | 2/94 [00:00<00:38,  2.37it/s][A

  3%|▎         | 3/94 [00:01<00:54,  1.67it/s][A

  4%|▍         | 4/94 [00:02<00:56,  1.58it/s][A

  5%|▌         | 5/94 [00:03<01:20,  1.11it/s][A

  6%|▋         | 6/94 [00:04<01:16,  1.16it/s][A

  7%|▋         | 7/94 [00:05<01:08,  1.27it/s][A

  9%|▊         | 8/94 [00:06<01:21,  1.06it/s][A

 10%|▉         | 9/94 [00:07<01:24,  1.01it/s][A

 11%|█         | 10/94 [00:08<01:16,  1.10it/s][A

 12%|█▏        | 11/94 [00:09<01:17,  1.07it/s][A

 13%|█▎        | 12/94 [00:10<01:17,  1.06it/s][A

 14%|█▍        | 13/94 [00:11<01:15,  1.07it/s][A

 15%|█▍        | 14/94 [00:12<01:14,  1.07it/s][A

 16%|█▌        | 15/94 [00:13<01:21,  1.03s/it][A

 17%|█▋        | 16/94 [00:14<01:18,  1.01s/it][A

 18%|█▊        | 17/94 [00:15<01:19,  1.03s/it][A

 19%|█▉        | 18/94 [00:16<01:10,  1.07it/s][A

 20%|██        | 19/94 [00:16<01:08,  1.09it/s][A

 21%|██▏       | 20/94 [00:17<01:09,  1.07it/s][A

 22%|██▏       | 21/94 [00:18<01:01,  1.18it/s][A

 23%|██▎       | 22/94 [00:19<01:08,  1.04it/s][A

 24%|██▍       | 23/94 [00:20<01:02,  1.14it/s][A

 26%|██▌       | 24/94 [00:21<00:55,  1.26it/s][A

 27%|██▋       | 25/94 [00:22<00:57,  1.20it/s][A

 28%|██▊       | 26/94 [00:22<00:59,  1.15it/s][A

 29%|██▊       | 27/94 [00:23<00:57,  1.16it/s][A

 30%|██▉       | 28/94 [00:24<00:51,  1.29it/s][A

 31%|███       | 29/94 [00:25<01:00,  1.07it/s][A

 32%|███▏      | 30/94 [00:26<00:55,  1.15it/s][A

 33%|███▎      | 31/94 [00:27<01:05,  1.03s/it][A

 34%|███▍      | 32/94 [00:28<01:04,  1.05s/it][A

 35%|███▌      | 33/94 [00:29<01:04,  1.05s/it][A

 36%|███▌      | 34/94 [00:31<01:03,  1.06s/it][A

 37%|███▋      | 35/94 [00:32<01:00,  1.03s/it][A

 38%|███▊      | 36/94 [00:32<00:54,  1.07it/s][A

 39%|███▉      | 37/94 [00:33<00:49,  1.15it/s][A

 40%|████      | 38/94 [00:34<00:46,  1.20it/s][A

 41%|████▏     | 39/94 [00:35<00:53,  1.03it/s][A

 43%|████▎     | 40/94 [00:36<00:52,  1.03it/s][A

 44%|████▎     | 41/94 [00:37<00:59,  1.12s/it][A

 45%|████▍     | 42/94 [00:38<00:50,  1.03it/s][A

 46%|████▌     | 43/94 [00:39<00:52,  1.04s/it][A

 47%|████▋     | 44/94 [00:40<00:46,  1.09it/s][A

 48%|████▊     | 45/94 [00:41<00:54,  1.11s/it][A

 49%|████▉     | 46/94 [00:43<00:52,  1.10s/it][A

 50%|█████     | 47/94 [00:43<00:47,  1.01s/it][A

 51%|█████     | 48/94 [00:44<00:45,  1.01it/s][A

 52%|█████▏    | 49/94 [00:45<00:44,  1.00it/s][A

 53%|█████▎    | 50/94 [00:46<00:42,  1.05it/s][A

 54%|█████▍    | 51/94 [00:47<00:43,  1.01s/it][A

 55%|█████▌    | 52/94 [00:48<00:41,  1.00it/s][A

 56%|█████▋    | 53/94 [00:49<00:36,  1.12it/s][A

 57%|█████▋    | 54/94 [00:50<00:33,  1.18it/s][A

 59%|█████▊    | 55/94 [00:51<00:39,  1.00s/it][A

 60%|█████▉    | 56/94 [00:52<00:39,  1.03s/it][A

 61%|██████    | 57/94 [00:53<00:34,  1.07it/s][A

 62%|██████▏   | 58/94 [00:54<00:35,  1.01it/s][A

 63%|██████▎   | 59/94 [00:55<00:36,  1.04s/it][A

 64%|██████▍   | 60/94 [00:56<00:34,  1.01s/it][A

 65%|██████▍   | 61/94 [00:57<00:32,  1.02it/s][A

 66%|██████▌   | 62/94 [00:58<00:33,  1.05s/it][A

 67%|██████▋   | 63/94 [00:59<00:32,  1.06s/it][A

 68%|██████▊   | 64/94 [01:00<00:31,  1.06s/it][A

 69%|██████▉   | 65/94 [01:01<00:30,  1.04s/it][A

 70%|███████   | 66/94 [01:02<00:27,  1.03it/s][A

 71%|███████▏  | 67/94 [01:03<00:27,  1.00s/it][A

 72%|███████▏  | 68/94 [01:04<00:26,  1.03s/it][A

 73%|███████▎  | 69/94 [01:05<00:26,  1.04s/it][A

 74%|███████▍  | 70/94 [01:06<00:23,  1.01it/s][A

 76%|███████▌  | 71/94 [01:08<00:25,  1.09s/it][A

 77%|███████▋  | 72/94 [01:08<00:21,  1.03it/s][A

 78%|███████▊  | 73/94 [01:09<00:19,  1.06it/s][A

 79%|███████▊  | 74/94 [01:10<00:21,  1.08s/it][A

 80%|███████▉  | 75/94 [01:11<00:18,  1.04it/s][A

 81%|████████  | 76/94 [01:12<00:17,  1.01it/s][A

 82%|████████▏ | 77/94 [01:13<00:17,  1.03s/it][A

 83%|████████▎ | 78/94 [01:15<00:18,  1.14s/it][A

 84%|████████▍ | 79/94 [01:16<00:15,  1.05s/it][A

 85%|████████▌ | 80/94 [01:16<00:13,  1.04it/s][A

 86%|████████▌ | 81/94 [01:17<00:12,  1.02it/s][A

 87%|████████▋ | 82/94 [01:19<00:12,  1.07s/it][A

 88%|████████▊ | 83/94 [01:20<00:11,  1.02s/it][A

 89%|████████▉ | 84/94 [01:20<00:09,  1.00it/s][A

 90%|█████████ | 85/94 [01:22<00:09,  1.01s/it][A

 91%|█████████▏| 86/94 [01:23<00:08,  1.03s/it][A

 93%|█████████▎| 87/94 [01:24<00:06,  1.02it/s][A

 94%|█████████▎| 88/94 [01:25<00:06,  1.02s/it][A

 95%|█████████▍| 89/94 [01:25<00:04,  1.08it/s][A

 96%|█████████▌| 90/94 [01:26<00:03,  1.08it/s][A

 97%|█████████▋| 91/94 [01:27<00:02,  1.16it/s][A

 98%|█████████▊| 92/94 [01:28<00:01,  1.24it/s][A

 99%|█████████▉| 93/94 [01:29<00:00,  1.08it/s][A

100%|██████████| 94/94 [01:31<00:00,  1.18s/it][A



[A{'eval_loss': '0.3812', 'eval_runtime': '95.07', 'eval_samples_per_second': '378.5', 'eval_steps_per_second': '0.989', 'epoch': '2.592'}

 86%|████████▋ | 7500/8682 [4:39:15<52:01,  2.64s/it]

100%|██████████| 94/94 [01:31<00:00,  1.18s/it][A

                                               [A

Writing model shards:   0%|          | 0/1 [00:00<?, ?it/s][A

Writing model shards: 100%|██████████| 1/1 [00:02<00:00,  2.95s/it][A
Writing model shards: 100%|██████████| 1/1 [00:02<00:00,  2.95s/it]
/venv/main/lib/python3.12/site-packages/torch/distributed/c10d_logger.py:83: UserWarning: barrier(): using the device under current context. You can specify `device_id` in `init_process_group` to mute this warning.
  return func(*args, **kwargs)

 86%|████████▋ | 7501/8682 [4:39:24<10:50:46, 33.06s/it]
 86%|████████▋ | 7502/8682 [4:39:26<7:46:08, 23.70s/it]
 86%|████████▋ | 7503/8682 [4:39:28<5:38:58, 17.25s/it]
 86%|████████▋ | 7504/8682 [4:39:30<4:10:04, 12.74s/it]
 86%|████████▋ | 7505/8682 [4:39:33<3:08:54,  9.63s/it]
 86%|████████▋ | 7506/8682 [4:39:35<2:27:33,  7.53s/it]
 86%|████████▋ | 7507/8682 [4:39:38<2:01:14,  6.19s/it]
 86%|████████▋ | 7508/8682 [4:39:40<1:34:51,  4.85s/it]
 86%|████████▋ | 7509/8682 [4:39:42<1:19:59,  4.09s/it]
 87%|████████▋ | 7510/8682 [4:39:44<1:08:41,  3.52s/it]
 87%|████████▋ | 7511/8682 [4:39:47<1:00:32,  3.10s/it]
 87%|████████▋ | 7512/8682 [4:39:48<53:31,  2.74s/it]
 87%|████████▋ | 7513/8682 [4:39:51<52:16,  2.68s/it]
 87%|████████▋ | 7514/8682 [4:39:53<46:44,  2.40s/it]
 87%|████████▋ | 7515/8682 [4:39:55<45:43,  2.35s/it]
 87%|████████▋ | 7516/8682 [4:39:57<45:01,  2.32s/it]
 87%|████████▋ | 7517/8682 [4:40:00<49:05,  2.53s/it]
 87%|████████▋ | 7518/8682 [4:40:03<47:40,  2.46s/it]
 87%|████████▋ | 7519/8682 [4:40:05<44:55,  2.32s/it]
 87%|████████▋ | 7520/8682 [4:40:07<44:19,  2.29s/it]
 87%|████████▋ | 7521/8682 [4:40:09<45:40,  2.36s/it]
 87%|████████▋ | 7522/8682 [4:40:11<43:03,  2.23s/it]
 87%|████████▋ | 7523/8682 [4:40:13<40:02,  2.07s/it]
 87%|████████▋ | 7524/8682 [4:40:15<40:43,  2.11s/it]
 87%|████████▋ | 7525/8682 [4:40:18<42:25,  2.20s/it]
 87%|████████▋ | 7526/8682 [4:40:20<41:46,  2.17s/it]
 87%|████████▋ | 7527/8682 [4:40:21<38:12,  1.98s/it]
 87%|████████▋ | 7528/8682 [4:40:23<39:41,  2.06s/it]
 87%|████████▋ | 7529/8682 [4:40:25<37:46,  1.97s/it]
 87%|████████▋ | 7530/8682 [4:40:27<35:59,  1.87s/it]
 87%|████████▋ | 7531/8682 [4:40:29<39:17,  2.05s/it]
 87%|████████▋ | 7532/8682 [4:40:32<43:42,  2.28s/it]
 87%|████████▋ | 7533/8682 [4:40:34<43:17,  2.26s/it]
 87%|████████▋ | 7534/8682 [4:40:37<43:52,  2.29s/it]
 87%|████████▋ | 7535/8682 [4:40:39<45:22,  2.37s/it]
 87%|████████▋ | 7536/8682 [4:40:42<45:58,  2.41s/it]
 87%|████████▋ | 7537/8682 [4:40:44<43:33,  2.28s/it]
 87%|████████▋ | 7538/8682 [4:40:46<43:00,  2.26s/it]
 87%|████████▋ | 7539/8682 [4:40:48<39:17,  2.06s/it]
 87%|████████▋ | 7540/8682 [4:40:50<40:26,  2.12s/it]
 87%|████████▋ | 7541/8682 [4:40:52<42:50,  2.25s/it]
 87%|████████▋ | 7542/8682 [4:40:55<43:04,  2.27s/it]
 87%|████████▋ | 7543/8682 [4:40:57<41:11,  2.17s/it]
 87%|████████▋ | 7544/8682 [4:40:59<42:13,  2.23s/it]
 87%|████████▋ | 7545/8682 [4:41:01<41:37,  2.20s/it]
 87%|████████▋ | 7546/8682 [4:41:03<42:16,  2.23s/it]
 87%|████████▋ | 7547/8682 [4:41:05<39:47,  2.10s/it]
 87%|████████▋ | 7548/8682 [4:41:08<40:59,  2.17s/it]
 87%|████████▋ | 7549/8682 [4:41:09<38:28,  2.04s/it]
 87%|████████▋ | 7550/8682 [4:41:12<40:49,  2.16s/it]

{'loss': '0.9378', 'grad_norm': '0.4827', 'learning_rate': '2.2e-06', 'epoch': '2.609'}

 87%|████████▋ | 7550/8682 [4:41:12<40:49,  2.16s/it]
 87%|████████▋ | 7551/8682 [4:41:14<41:39,  2.21s/it]
 87%|████████▋ | 7552/8682 [4:41:16<37:32,  1.99s/it]
 87%|████████▋ | 7553/8682 [4:41:18<40:33,  2.16s/it]
 87%|████████▋ | 7554/8682 [4:41:20<41:54,  2.23s/it]
 87%|████████▋ | 7555/8682 [4:41:22<39:39,  2.11s/it]
 87%|████████▋ | 7556/8682 [4:41:25<42:06,  2.24s/it]
 87%|████████▋ | 7557/8682 [4:41:27<40:16,  2.15s/it]
 87%|████████▋ | 7558/8682 [4:41:29<42:05,  2.25s/it]
 87%|████████▋ | 7559/8682 [4:41:31<39:07,  2.09s/it]
 87%|████████▋ | 7560/8682 [4:41:33<39:42,  2.12s/it]
 87%|████████▋ | 7561/8682 [4:41:35<37:50,  2.03s/it]
 87%|████████▋ | 7562/8682 [4:41:37<39:42,  2.13s/it]
 87%|████████▋ | 7563/8682 [4:41:39<39:51,  2.14s/it]
 87%|████████▋ | 7564/8682 [4:41:42<40:42,  2.18s/it]
 87%|████████▋ | 7565/8682 [4:41:43<37:31,  2.02s/it]
 87%|████████▋ | 7566/8682 [4:41:46<38:10,  2.05s/it]
 87%|████████▋ | 7567/8682 [4:41:48<41:20,  2.22s/it]
 87%|████████▋ | 7568/8682 [4:41:50<40:58,  2.21s/it]
 87%|████████▋ | 7569/8682 [4:41:53<42:49,  2.31s/it]
 87%|████████▋ | 7570/8682 [4:41:55<42:19,  2.28s/it]
 87%|████████▋ | 7571/8682 [4:41:57<42:36,  2.30s/it]
 87%|████████▋ | 7572/8682 [4:41:59<39:30,  2.14s/it]
 87%|████████▋ | 7573/8682 [4:42:01<38:35,  2.09s/it]
 87%|████████▋ | 7574/8682 [4:42:03<38:39,  2.09s/it]
 87%|████████▋ | 7575/8682 [4:42:06<40:23,  2.19s/it]
 87%|████████▋ | 7576/8682 [4:42:07<38:13,  2.07s/it]
 87%|████████▋ | 7577/8682 [4:42:10<39:41,  2.16s/it]
 87%|████████▋ | 7578/8682 [4:42:11<36:37,  1.99s/it]
 87%|████████▋ | 7579/8682 [4:42:14<37:39,  2.05s/it]
 87%|████████▋ | 7580/8682 [4:42:15<34:46,  1.89s/it]
 87%|████████▋ | 7581/8682 [4:42:17<37:06,  2.02s/it]
 87%|████████▋ | 7582/8682 [4:42:19<34:54,  1.90s/it]
 87%|████████▋ | 7583/8682 [4:42:22<39:55,  2.18s/it]
 87%|████████▋ | 7584/8682 [4:42:24<37:56,  2.07s/it]
 87%|████████▋ | 7585/8682 [4:42:26<39:27,  2.16s/it]
 87%|████████▋ | 7586/8682 [4:42:28<39:53,  2.18s/it]
 87%|████████▋ | 7587/8682 [4:42:31<40:49,  2.24s/it]
 87%|████████▋ | 7588/8682 [4:42:33<38:20,  2.10s/it]
 87%|████████▋ | 7589/8682 [4:42:35<41:18,  2.27s/it]
 87%|████████▋ | 7590/8682 [4:42:37<40:29,  2.22s/it]
 87%|████████▋ | 7591/8682 [4:42:39<40:14,  2.21s/it]
 87%|████████▋ | 7592/8682 [4:42:41<39:07,  2.15s/it]
 87%|████████▋ | 7593/8682 [4:42:44<39:08,  2.16s/it]
 87%|████████▋ | 7594/8682 [4:42:46<39:49,  2.20s/it]
 87%|████████▋ | 7595/8682 [4:42:48<36:50,  2.03s/it]
 87%|████████▋ | 7596/8682 [4:42:49<35:51,  1.98s/it]
 88%|████████▊ | 7597/8682 [4:42:52<39:29,  2.18s/it]
 88%|████████▊ | 7598/8682 [4:42:54<38:03,  2.11s/it]
 88%|████████▊ | 7599/8682 [4:42:56<35:50,  1.99s/it]
 88%|████████▊ | 7600/8682 [4:42:58<37:56,  2.10s/it]

{'loss': '0.934', 'grad_norm': '0.4731', 'learning_rate': '2.013e-06', 'epoch': '2.626'}

 88%|████████▊ | 7600/8682 [4:42:58<37:56,  2.10s/it]
 88%|████████▊ | 7601/8682 [4:43:00<38:10,  2.12s/it]
 88%|████████▊ | 7602/8682 [4:43:03<39:24,  2.19s/it]
 88%|████████▊ | 7603/8682 [4:43:04<36:27,  2.03s/it]
 88%|████████▊ | 7604/8682 [4:43:07<38:32,  2.15s/it]
 88%|████████▊ | 7605/8682 [4:43:10<42:59,  2.40s/it]
 88%|████████▊ | 7606/8682 [4:43:12<40:52,  2.28s/it]
 88%|████████▊ | 7607/8682 [4:43:14<40:00,  2.23s/it]
 88%|████████▊ | 7608/8682 [4:43:17<43:37,  2.44s/it]
 88%|████████▊ | 7609/8682 [4:43:19<42:28,  2.38s/it]
 88%|████████▊ | 7610/8682 [4:43:21<42:01,  2.35s/it]
 88%|████████▊ | 7611/8682 [4:43:23<41:10,  2.31s/it]
 88%|████████▊ | 7612/8682 [4:43:26<41:26,  2.32s/it]
 88%|████████▊ | 7613/8682 [4:43:28<39:10,  2.20s/it]
 88%|████████▊ | 7614/8682 [4:43:30<39:55,  2.24s/it]
 88%|████████▊ | 7615/8682 [4:43:32<38:57,  2.19s/it]
 88%|████████▊ | 7616/8682 [4:43:34<38:36,  2.17s/it]
 88%|████████▊ | 7617/8682 [4:43:36<37:17,  2.10s/it]
 88%|████████▊ | 7618/8682 [4:43:38<36:13,  2.04s/it]
 88%|████████▊ | 7619/8682 [4:43:41<40:01,  2.26s/it]
 88%|████████▊ | 7620/8682 [4:43:43<38:39,  2.18s/it]
 88%|████████▊ | 7621/8682 [4:43:45<39:41,  2.24s/it]
 88%|████████▊ | 7622/8682 [4:43:48<40:34,  2.30s/it]
 88%|████████▊ | 7623/8682 [4:43:50<40:27,  2.29s/it]
 88%|████████▊ | 7624/8682 [4:43:52<39:01,  2.21s/it]
 88%|████████▊ | 7625/8682 [4:43:54<38:50,  2.21s/it]
 88%|████████▊ | 7626/8682 [4:43:56<35:01,  1.99s/it]
 88%|████████▊ | 7627/8682 [4:43:58<34:48,  1.98s/it]
 88%|████████▊ | 7628/8682 [4:43:59<33:49,  1.93s/it]
 88%|████████▊ | 7629/8682 [4:44:01<34:28,  1.96s/it]
 88%|████████▊ | 7630/8682 [4:44:04<36:48,  2.10s/it]
 88%|████████▊ | 7631/8682 [4:44:06<38:04,  2.17s/it]
 88%|████████▊ | 7632/8682 [4:44:08<38:12,  2.18s/it]
 88%|████████▊ | 7633/8682 [4:44:10<34:53,  2.00s/it]
 88%|████████▊ | 7634/8682 [4:44:12<34:04,  1.95s/it]
 88%|████████▊ | 7635/8682 [4:44:14<32:36,  1.87s/it]
 88%|████████▊ | 7636/8682 [4:44:16<35:18,  2.03s/it]
 88%|████████▊ | 7637/8682 [4:44:18<32:57,  1.89s/it]
 88%|████████▊ | 7638/8682 [4:44:20<35:07,  2.02s/it]
 88%|████████▊ | 7639/8682 [4:44:22<34:31,  1.99s/it]
 88%|████████▊ | 7640/8682 [4:44:24<36:17,  2.09s/it]
 88%|████████▊ | 7641/8682 [4:44:26<37:28,  2.16s/it]
 88%|████████▊ | 7642/8682 [4:44:28<34:42,  2.00s/it]
 88%|████████▊ | 7643/8682 [4:44:30<35:31,  2.05s/it]
 88%|████████▊ | 7644/8682 [4:44:32<36:45,  2.13s/it]
 88%|████████▊ | 7645/8682 [4:44:36<41:27,  2.40s/it]
 88%|████████▊ | 7646/8682 [4:44:38<41:09,  2.38s/it]
 88%|████████▊ | 7647/8682 [4:44:40<39:04,  2.26s/it]
 88%|████████▊ | 7648/8682 [4:44:42<37:46,  2.19s/it]
 88%|████████▊ | 7649/8682 [4:44:44<38:05,  2.21s/it]
 88%|████████▊ | 7650/8682 [4:44:46<35:36,  2.07s/it]

{'loss': '0.9515', 'grad_norm': '0.5189', 'learning_rate': '1.834e-06', 'epoch': '2.644'}

 88%|████████▊ | 7650/8682 [4:44:46<35:36,  2.07s/it]
 88%|████████▊ | 7651/8682 [4:44:48<38:20,  2.23s/it]
 88%|████████▊ | 7652/8682 [4:44:50<35:46,  2.08s/it]
 88%|████████▊ | 7653/8682 [4:44:52<35:30,  2.07s/it]
 88%|████████▊ | 7654/8682 [4:44:54<35:21,  2.06s/it]
 88%|████████▊ | 7655/8682 [4:44:56<33:49,  1.98s/it]
 88%|████████▊ | 7656/8682 [4:44:58<34:59,  2.05s/it]
 88%|████████▊ | 7657/8682 [4:45:01<36:51,  2.16s/it]
 88%|████████▊ | 7658/8682 [4:45:02<34:08,  2.00s/it]
 88%|████████▊ | 7659/8682 [4:45:05<35:31,  2.08s/it]
 88%|████████▊ | 7660/8682 [4:45:06<33:49,  1.99s/it]
 88%|████████▊ | 7661/8682 [4:45:08<32:15,  1.90s/it]
 88%|████████▊ | 7662/8682 [4:45:10<33:15,  1.96s/it]
 88%|████████▊ | 7663/8682 [4:45:12<34:27,  2.03s/it]
 88%|████████▊ | 7664/8682 [4:45:15<35:22,  2.09s/it]
 88%|████████▊ | 7665/8682 [4:45:17<36:52,  2.18s/it]
 88%|████████▊ | 7666/8682 [4:45:19<37:12,  2.20s/it]
 88%|████████▊ | 7667/8682 [4:45:21<37:37,  2.22s/it]
 88%|████████▊ | 7668/8682 [4:45:23<34:28,  2.04s/it]
 88%|████████▊ | 7669/8682 [4:45:26<39:11,  2.32s/it]
 88%|████████▊ | 7670/8682 [4:45:28<39:33,  2.35s/it]
 88%|████████▊ | 7671/8682 [4:45:31<37:52,  2.25s/it]
 88%|████████▊ | 7672/8682 [4:45:33<37:36,  2.23s/it]
 88%|████████▊ | 7673/8682 [4:45:35<35:20,  2.10s/it]
 88%|████████▊ | 7674/8682 [4:45:37<36:04,  2.15s/it]
 88%|████████▊ | 7675/8682 [4:45:39<34:37,  2.06s/it]
 88%|████████▊ | 7676/8682 [4:45:41<33:56,  2.02s/it]
 88%|████████▊ | 7677/8682 [4:45:43<33:44,  2.01s/it]
 88%|████████▊ | 7678/8682 [4:45:45<36:14,  2.17s/it]
 88%|████████▊ | 7679/8682 [4:45:47<32:46,  1.96s/it]
 88%|████████▊ | 7680/8682 [4:45:49<34:42,  2.08s/it]
 88%|████████▊ | 7681/8682 [4:45:51<35:12,  2.11s/it]
 88%|████████▊ | 7682/8682 [4:45:54<37:12,  2.23s/it]
 88%|████████▊ | 7683/8682 [4:45:56<35:56,  2.16s/it]
 89%|████████▊ | 7684/8682 [4:45:58<35:13,  2.12s/it]
 89%|████████▊ | 7685/8682 [4:46:00<34:36,  2.08s/it]
 89%|████████▊ | 7686/8682 [4:46:02<36:01,  2.17s/it]
 89%|████████▊ | 7687/8682 [4:46:04<36:22,  2.19s/it]
 89%|████████▊ | 7688/8682 [4:46:06<35:05,  2.12s/it]
 89%|████████▊ | 7689/8682 [4:46:08<35:13,  2.13s/it]
 89%|████████▊ | 7690/8682 [4:46:10<32:59,  2.00s/it]
 89%|████████▊ | 7691/8682 [4:46:12<32:45,  1.98s/it]
 89%|████████▊ | 7692/8682 [4:46:14<34:15,  2.08s/it]
 89%|████████▊ | 7693/8682 [4:46:17<38:28,  2.33s/it]
 89%|████████▊ | 7694/8682 [4:46:20<38:42,  2.35s/it]
 89%|████████▊ | 7695/8682 [4:46:21<36:17,  2.21s/it]
 89%|████████▊ | 7696/8682 [4:46:24<36:03,  2.19s/it]
 89%|████████▊ | 7697/8682 [4:46:26<35:25,  2.16s/it]
 89%|████████▊ | 7698/8682 [4:46:28<36:01,  2.20s/it]
 89%|████████▊ | 7699/8682 [4:46:31<37:36,  2.30s/it]
 89%|████████▊ | 7700/8682 [4:46:33<37:38,  2.30s/it]

{'loss': '0.9415', 'grad_norm': '0.563', 'learning_rate': '1.662e-06', 'epoch': '2.661'}

 89%|████████▊ | 7700/8682 [4:46:33<37:38,  2.30s/it]
 89%|████████▊ | 7701/8682 [4:46:35<35:13,  2.15s/it]
 89%|████████▊ | 7702/8682 [4:46:37<33:48,  2.07s/it]
 89%|████████▊ | 7703/8682 [4:46:38<31:24,  1.92s/it]
 89%|████████▊ | 7704/8682 [4:46:40<32:34,  2.00s/it]
 89%|████████▊ | 7705/8682 [4:46:42<32:03,  1.97s/it]
 89%|████████▉ | 7706/8682 [4:46:45<34:28,  2.12s/it]
 89%|████████▉ | 7707/8682 [4:46:46<32:54,  2.03s/it]
 89%|████████▉ | 7708/8682 [4:46:49<35:14,  2.17s/it]
 89%|████████▉ | 7709/8682 [4:46:51<34:24,  2.12s/it]
 89%|████████▉ | 7710/8682 [4:46:53<33:46,  2.09s/it]
 89%|████████▉ | 7711/8682 [4:46:55<35:35,  2.20s/it]
 89%|████████▉ | 7712/8682 [4:46:57<34:49,  2.15s/it]
 89%|████████▉ | 7713/8682 [4:47:00<38:31,  2.39s/it]
 89%|████████▉ | 7714/8682 [4:47:02<35:02,  2.17s/it]
 89%|████████▉ | 7715/8682 [4:47:04<35:36,  2.21s/it]
 89%|████████▉ | 7716/8682 [4:47:07<35:17,  2.19s/it]
 89%|████████▉ | 7717/8682 [4:47:08<32:30,  2.02s/it]
 89%|████████▉ | 7718/8682 [4:47:10<30:48,  1.92s/it]
 89%|████████▉ | 7719/8682 [4:47:12<30:31,  1.90s/it]
 89%|████████▉ | 7720/8682 [4:47:14<32:03,  2.00s/it]
 89%|████████▉ | 7721/8682 [4:47:16<32:23,  2.02s/it]
 89%|████████▉ | 7722/8682 [4:47:18<33:49,  2.11s/it]
 89%|████████▉ | 7723/8682 [4:47:20<34:02,  2.13s/it]
 89%|████████▉ | 7724/8682 [4:47:23<33:32,  2.10s/it]
 89%|████████▉ | 7725/8682 [4:47:25<35:01,  2.20s/it]
 89%|████████▉ | 7726/8682 [4:47:27<34:34,  2.17s/it]
 89%|████████▉ | 7727/8682 [4:47:29<32:27,  2.04s/it]
 89%|████████▉ | 7728/8682 [4:47:31<34:02,  2.14s/it]
 89%|████████▉ | 7729/8682 [4:47:33<34:25,  2.17s/it]
 89%|████████▉ | 7730/8682 [4:47:35<33:40,  2.12s/it]
 89%|████████▉ | 7731/8682 [4:47:37<32:17,  2.04s/it]
 89%|████████▉ | 7732/8682 [4:47:39<32:18,  2.04s/it]
 89%|████████▉ | 7733/8682 [4:47:41<31:16,  1.98s/it]
 89%|████████▉ | 7734/8682 [4:47:43<32:45,  2.07s/it]
 89%|████████▉ | 7735/8682 [4:47:45<32:34,  2.06s/it]
 89%|████████▉ | 7736/8682 [4:47:47<32:06,  2.04s/it]
 89%|████████▉ | 7737/8682 [4:47:50<33:07,  2.10s/it]
 89%|████████▉ | 7738/8682 [4:47:52<35:37,  2.26s/it]
 89%|████████▉ | 7739/8682 [4:47:54<34:41,  2.21s/it]
 89%|████████▉ | 7740/8682 [4:47:57<38:18,  2.44s/it]
 89%|████████▉ | 7741/8682 [4:47:59<36:35,  2.33s/it]
 89%|████████▉ | 7742/8682 [4:48:02<35:21,  2.26s/it]
 89%|████████▉ | 7743/8682 [4:48:04<35:49,  2.29s/it]
 89%|████████▉ | 7744/8682 [4:48:06<33:11,  2.12s/it]
 89%|████████▉ | 7745/8682 [4:48:08<32:16,  2.07s/it]
 89%|████████▉ | 7746/8682 [4:48:09<30:33,  1.96s/it]
 89%|████████▉ | 7747/8682 [4:48:11<29:10,  1.87s/it]
 89%|████████▉ | 7748/8682 [4:48:14<33:11,  2.13s/it]
 89%|████████▉ | 7749/8682 [4:48:16<32:10,  2.07s/it]
 89%|████████▉ | 7750/8682 [4:48:18<34:40,  2.23s/it]

{'loss': '0.9399', 'grad_norm': '0.4986', 'learning_rate': '1.499e-06', 'epoch': '2.678'}

 89%|████████▉ | 7750/8682 [4:48:18<34:40,  2.23s/it]
 89%|████████▉ | 7751/8682 [4:48:20<31:36,  2.04s/it]
 89%|████████▉ | 7752/8682 [4:48:23<36:21,  2.35s/it]
 89%|████████▉ | 7753/8682 [4:48:25<34:26,  2.22s/it]
 89%|████████▉ | 7754/8682 [4:48:27<32:14,  2.08s/it]
 89%|████████▉ | 7755/8682 [4:48:29<33:58,  2.20s/it]
 89%|████████▉ | 7756/8682 [4:48:32<36:24,  2.36s/it]
 89%|████████▉ | 7757/8682 [4:48:34<37:55,  2.46s/it]
 89%|████████▉ | 7758/8682 [4:48:37<36:54,  2.40s/it]
 89%|████████▉ | 7759/8682 [4:48:40<39:36,  2.57s/it]
 89%|████████▉ | 7760/8682 [4:48:42<38:11,  2.49s/it]
 89%|████████▉ | 7761/8682 [4:48:44<37:53,  2.47s/it]
 89%|████████▉ | 7762/8682 [4:48:46<34:00,  2.22s/it]
 89%|████████▉ | 7763/8682 [4:48:48<33:01,  2.16s/it]
 89%|████████▉ | 7764/8682 [4:48:50<34:09,  2.23s/it]
 89%|████████▉ | 7765/8682 [4:48:53<34:05,  2.23s/it]
 89%|████████▉ | 7766/8682 [4:48:56<36:44,  2.41s/it]
 89%|████████▉ | 7767/8682 [4:48:58<37:12,  2.44s/it]
 89%|████████▉ | 7768/8682 [4:49:00<33:43,  2.21s/it]
 89%|████████▉ | 7769/8682 [4:49:02<32:00,  2.10s/it]
 89%|████████▉ | 7770/8682 [4:49:04<31:48,  2.09s/it]
 90%|████████▉ | 7771/8682 [4:49:05<30:33,  2.01s/it]
 90%|████████▉ | 7772/8682 [4:49:08<32:15,  2.13s/it]
 90%|████████▉ | 7773/8682 [4:49:09<29:53,  1.97s/it]
 90%|████████▉ | 7774/8682 [4:49:11<29:43,  1.96s/it]
 90%|████████▉ | 7775/8682 [4:49:14<31:56,  2.11s/it]
 90%|████████▉ | 7776/8682 [4:49:16<32:43,  2.17s/it]
 90%|████████▉ | 7777/8682 [4:49:18<33:07,  2.20s/it]
 90%|████████▉ | 7778/8682 [4:49:21<33:06,  2.20s/it]
 90%|████████▉ | 7779/8682 [4:49:23<34:03,  2.26s/it]
 90%|████████▉ | 7780/8682 [4:49:25<31:40,  2.11s/it]
 90%|████████▉ | 7781/8682 [4:49:27<31:10,  2.08s/it]
 90%|████████▉ | 7782/8682 [4:49:29<33:17,  2.22s/it]
 90%|████████▉ | 7783/8682 [4:49:32<33:03,  2.21s/it]
 90%|████████▉ | 7784/8682 [4:49:34<33:28,  2.24s/it]
 90%|████████▉ | 7785/8682 [4:49:37<35:36,  2.38s/it]
 90%|████████▉ | 7786/8682 [4:49:39<36:48,  2.46s/it]
 90%|████████▉ | 7787/8682 [4:49:41<33:42,  2.26s/it]
 90%|████████▉ | 7788/8682 [4:49:43<32:24,  2.17s/it]
 90%|████████▉ | 7789/8682 [4:49:45<29:50,  2.01s/it]
 90%|████████▉ | 7790/8682 [4:49:47<30:37,  2.06s/it]
 90%|████████▉ | 7791/8682 [4:49:49<31:55,  2.15s/it]
 90%|████████▉ | 7792/8682 [4:49:52<35:40,  2.40s/it]
 90%|████████▉ | 7793/8682 [4:49:54<34:30,  2.33s/it]
 90%|████████▉ | 7794/8682 [4:49:56<32:48,  2.22s/it]
 90%|████████▉ | 7795/8682 [4:49:58<32:46,  2.22s/it]
 90%|████████▉ | 7796/8682 [4:50:01<32:48,  2.22s/it]
 90%|████████▉ | 7797/8682 [4:50:02<30:01,  2.04s/it]
 90%|████████▉ | 7798/8682 [4:50:05<32:06,  2.18s/it]
 90%|████████▉ | 7799/8682 [4:50:07<32:07,  2.18s/it]
 90%|████████▉ | 7800/8682 [4:50:09<31:54,  2.17s/it]

{'loss': '0.9425', 'grad_norm': '0.4599', 'learning_rate': '1.344e-06', 'epoch': '2.695'}

 90%|████████▉ | 7800/8682 [4:50:09<31:54,  2.17s/it]
 90%|████████▉ | 7801/8682 [4:50:12<32:49,  2.24s/it]
 90%|████████▉ | 7802/8682 [4:50:14<33:51,  2.31s/it]
 90%|████████▉ | 7803/8682 [4:50:16<31:36,  2.16s/it]
 90%|████████▉ | 7804/8682 [4:50:18<30:35,  2.09s/it]
 90%|████████▉ | 7805/8682 [4:50:19<28:04,  1.92s/it]
 90%|████████▉ | 7806/8682 [4:50:21<27:18,  1.87s/it]
 90%|████████▉ | 7807/8682 [4:50:23<29:11,  2.00s/it]
 90%|████████▉ | 7808/8682 [4:50:25<28:10,  1.93s/it]
 90%|████████▉ | 7809/8682 [4:50:27<27:57,  1.92s/it]
 90%|████████▉ | 7810/8682 [4:50:29<27:19,  1.88s/it]
 90%|████████▉ | 7811/8682 [4:50:32<31:16,  2.15s/it]
 90%|████████▉ | 7812/8682 [4:50:33<29:12,  2.01s/it]
 90%|████████▉ | 7813/8682 [4:50:35<29:39,  2.05s/it]
 90%|█████████ | 7814/8682 [4:50:37<28:56,  2.00s/it]
 90%|█████████ | 7815/8682 [4:50:40<30:02,  2.08s/it]
 90%|█████████ | 7816/8682 [4:50:41<29:22,  2.04s/it]
 90%|█████████ | 7817/8682 [4:50:44<30:01,  2.08s/it]
 90%|█████████ | 7818/8682 [4:50:46<30:36,  2.13s/it]
 90%|█████████ | 7819/8682 [4:50:49<33:45,  2.35s/it]
 90%|█████████ | 7820/8682 [4:50:51<34:07,  2.37s/it]
 90%|█████████ | 7821/8682 [4:50:54<34:23,  2.40s/it]
 90%|█████████ | 7822/8682 [4:50:55<31:46,  2.22s/it]
 90%|█████████ | 7823/8682 [4:50:58<31:43,  2.22s/it]
 90%|█████████ | 7824/8682 [4:51:00<31:06,  2.17s/it]
 90%|█████████ | 7825/8682 [4:51:01<28:38,  2.01s/it]
 90%|█████████ | 7826/8682 [4:51:04<30:30,  2.14s/it]
 90%|█████████ | 7827/8682 [4:51:06<28:50,  2.02s/it]
 90%|█████████ | 7828/8682 [4:51:08<29:58,  2.11s/it]
 90%|█████████ | 7829/8682 [4:51:10<31:09,  2.19s/it]
 90%|█████████ | 7830/8682 [4:51:12<30:27,  2.14s/it]
 90%|█████████ | 7831/8682 [4:51:15<31:19,  2.21s/it]
 90%|█████████ | 7832/8682 [4:51:16<29:28,  2.08s/it]
 90%|█████████ | 7833/8682 [4:51:18<28:19,  2.00s/it]
 90%|█████████ | 7834/8682 [4:51:20<26:58,  1.91s/it]
 90%|█████████ | 7835/8682 [4:51:22<26:41,  1.89s/it]
 90%|█████████ | 7836/8682 [4:51:24<27:40,  1.96s/it]
 90%|█████████ | 7837/8682 [4:51:25<25:41,  1.82s/it]
 90%|█████████ | 7838/8682 [4:51:28<27:57,  1.99s/it]
 90%|█████████ | 7839/8682 [4:51:30<28:33,  2.03s/it]
 90%|█████████ | 7840/8682 [4:51:33<31:05,  2.22s/it]
 90%|█████████ | 7841/8682 [4:51:34<28:52,  2.06s/it]
 90%|█████████ | 7842/8682 [4:51:37<29:48,  2.13s/it]
 90%|█████████ | 7843/8682 [4:51:39<29:29,  2.11s/it]
 90%|█████████ | 7844/8682 [4:51:41<29:34,  2.12s/it]
 90%|█████████ | 7845/8682 [4:51:43<30:10,  2.16s/it]
 90%|█████████ | 7846/8682 [4:51:46<32:12,  2.31s/it]
 90%|█████████ | 7847/8682 [4:51:48<30:21,  2.18s/it]
 90%|█████████ | 7848/8682 [4:51:50<30:32,  2.20s/it]
 90%|█████████ | 7849/8682 [4:51:52<29:12,  2.10s/it]
 90%|█████████ | 7850/8682 [4:51:53<27:36,  1.99s/it]

{'loss': '0.9475', 'grad_norm': '0.5391', 'learning_rate': '1.197e-06', 'epoch': '2.713'}

 90%|█████████ | 7850/8682 [4:51:53<27:36,  1.99s/it]
 90%|█████████ | 7851/8682 [4:51:55<26:44,  1.93s/it]
 90%|█████████ | 7852/8682 [4:51:58<28:44,  2.08s/it]
 90%|█████████ | 7853/8682 [4:51:59<27:44,  2.01s/it]
 90%|█████████ | 7854/8682 [4:52:01<27:54,  2.02s/it]
 90%|█████████ | 7855/8682 [4:52:03<26:56,  1.95s/it]
 90%|█████████ | 7856/8682 [4:52:06<29:42,  2.16s/it]
 90%|█████████ | 7857/8682 [4:52:08<28:27,  2.07s/it]
 91%|█████████ | 7858/8682 [4:52:10<28:36,  2.08s/it]
 91%|█████████ | 7859/8682 [4:52:12<30:23,  2.22s/it]
 91%|█████████ | 7860/8682 [4:52:15<29:58,  2.19s/it]
 91%|█████████ | 7861/8682 [4:52:16<28:02,  2.05s/it]
 91%|█████████ | 7862/8682 [4:52:18<27:20,  2.00s/it]
 91%|█████████ | 7863/8682 [4:52:20<27:21,  2.00s/it]
 91%|█████████ | 7864/8682 [4:52:23<28:50,  2.11s/it]
 91%|█████████ | 7865/8682 [4:52:25<28:33,  2.10s/it]
 91%|█████████ | 7866/8682 [4:52:27<28:28,  2.09s/it]
 91%|█████████ | 7867/8682 [4:52:29<30:43,  2.26s/it]
 91%|█████████ | 7868/8682 [4:52:31<28:11,  2.08s/it]
 91%|█████████ | 7869/8682 [4:52:33<27:16,  2.01s/it]
 91%|█████████ | 7870/8682 [4:52:36<30:58,  2.29s/it]
 91%|█████████ | 7871/8682 [4:52:38<30:45,  2.28s/it]
 91%|█████████ | 7872/8682 [4:52:40<28:31,  2.11s/it]
 91%|█████████ | 7873/8682 [4:52:41<26:06,  1.94s/it]
 91%|█████████ | 7874/8682 [4:52:43<27:00,  2.01s/it]
 91%|█████████ | 7875/8682 [4:52:45<26:02,  1.94s/it]
 91%|█████████ | 7876/8682 [4:52:47<24:09,  1.80s/it]
 91%|█████████ | 7877/8682 [4:52:50<28:49,  2.15s/it]
 91%|█████████ | 7878/8682 [4:52:52<30:47,  2.30s/it]
 91%|█████████ | 7879/8682 [4:52:54<29:17,  2.19s/it]
 91%|█████████ | 7880/8682 [4:52:57<29:58,  2.24s/it]
 91%|█████████ | 7881/8682 [4:52:59<30:28,  2.28s/it]
 91%|█████████ | 7882/8682 [4:53:01<30:26,  2.28s/it]
 91%|█████████ | 7883/8682 [4:53:03<29:18,  2.20s/it]
 91%|█████████ | 7884/8682 [4:53:06<31:15,  2.35s/it]
 91%|█████████ | 7885/8682 [4:53:08<28:51,  2.17s/it]
 91%|█████████ | 7886/8682 [4:53:10<29:08,  2.20s/it]
 91%|█████████ | 7887/8682 [4:53:12<26:48,  2.02s/it]
 91%|█████████ | 7888/8682 [4:53:13<26:07,  1.97s/it]
 91%|█████████ | 7889/8682 [4:53:15<25:19,  1.92s/it]
 91%|█████████ | 7890/8682 [4:53:18<29:44,  2.25s/it]
 91%|█████████ | 7891/8682 [4:53:21<30:05,  2.28s/it]
 91%|█████████ | 7892/8682 [4:53:23<28:40,  2.18s/it]
 91%|█████████ | 7893/8682 [4:53:25<28:49,  2.19s/it]
 91%|█████████ | 7894/8682 [4:53:27<28:50,  2.20s/it]
 91%|█████████ | 7895/8682 [4:53:29<29:23,  2.24s/it]
 91%|█████████ | 7896/8682 [4:53:32<29:15,  2.23s/it]
 91%|█████████ | 7897/8682 [4:53:34<29:58,  2.29s/it]
 91%|█████████ | 7898/8682 [4:53:36<28:58,  2.22s/it]
 91%|█████████ | 7899/8682 [4:53:38<28:42,  2.20s/it]
 91%|█████████ | 7900/8682 [4:53:41<29:32,  2.27s/it]

{'loss': '0.9289', 'grad_norm': '0.523', 'learning_rate': '1.059e-06', 'epoch': '2.73'}

 91%|█████████ | 7900/8682 [4:53:41<29:32,  2.27s/it]
 91%|█████████ | 7901/8682 [4:53:43<30:25,  2.34s/it]
 91%|█████████ | 7902/8682 [4:53:45<28:20,  2.18s/it]
 91%|█████████ | 7903/8682 [4:53:47<28:25,  2.19s/it]
 91%|█████████ | 7904/8682 [4:53:50<29:16,  2.26s/it]
 91%|█████████ | 7905/8682 [4:53:51<27:25,  2.12s/it]
 91%|█████████ | 7906/8682 [4:53:53<25:49,  2.00s/it]
 91%|█████████ | 7907/8682 [4:53:55<26:26,  2.05s/it]
 91%|█████████ | 7908/8682 [4:53:58<28:00,  2.17s/it]
 91%|█████████ | 7909/8682 [4:54:00<28:40,  2.23s/it]
 91%|█████████ | 7910/8682 [4:54:02<28:10,  2.19s/it]
 91%|█████████ | 7911/8682 [4:54:04<27:12,  2.12s/it]
 91%|█████████ | 7912/8682 [4:54:07<28:16,  2.20s/it]
 91%|█████████ | 7913/8682 [4:54:09<28:08,  2.20s/it]
 91%|█████████ | 7914/8682 [4:54:11<28:14,  2.21s/it]
 91%|█████████ | 7915/8682 [4:54:14<30:53,  2.42s/it]
 91%|█████████ | 7916/8682 [4:54:16<30:07,  2.36s/it]
 91%|█████████ | 7917/8682 [4:54:18<29:54,  2.35s/it]
 91%|█████████ | 7918/8682 [4:54:20<27:34,  2.17s/it]
 91%|█████████ | 7919/8682 [4:54:23<28:59,  2.28s/it]
 91%|█████████ | 7920/8682 [4:54:25<28:10,  2.22s/it]
 91%|█████████ | 7921/8682 [4:54:26<26:22,  2.08s/it]
 91%|█████████ | 7922/8682 [4:54:28<24:06,  1.90s/it]
 91%|█████████▏| 7923/8682 [4:54:30<22:50,  1.81s/it]
 91%|█████████▏| 7924/8682 [4:54:32<25:17,  2.00s/it]
 91%|█████████▏| 7925/8682 [4:54:35<28:44,  2.28s/it]
 91%|█████████▏| 7926/8682 [4:54:37<26:28,  2.10s/it]
 91%|█████████▏| 7927/8682 [4:54:40<29:39,  2.36s/it]
 91%|█████████▏| 7928/8682 [4:54:42<30:15,  2.41s/it]
 91%|█████████▏| 7929/8682 [4:54:44<29:55,  2.38s/it]
 91%|█████████▏| 7930/8682 [4:54:47<29:48,  2.38s/it]
 91%|█████████▏| 7931/8682 [4:54:49<28:01,  2.24s/it]
 91%|█████████▏| 7932/8682 [4:54:51<28:28,  2.28s/it]
 91%|█████████▏| 7933/8682 [4:54:53<26:22,  2.11s/it]
 91%|█████████▏| 7934/8682 [4:54:55<27:13,  2.18s/it]
 91%|█████████▏| 7935/8682 [4:54:57<27:32,  2.21s/it]
 91%|█████████▏| 7936/8682 [4:55:00<27:44,  2.23s/it]
 91%|█████████▏| 7937/8682 [4:55:02<28:20,  2.28s/it]
 91%|█████████▏| 7938/8682 [4:55:05<29:24,  2.37s/it]
 91%|█████████▏| 7939/8682 [4:55:07<27:44,  2.24s/it]
 91%|█████████▏| 7940/8682 [4:55:08<26:04,  2.11s/it]
 91%|█████████▏| 7941/8682 [4:55:10<24:15,  1.96s/it]
 91%|█████████▏| 7942/8682 [4:55:13<26:04,  2.11s/it]
 91%|█████████▏| 7943/8682 [4:55:14<25:08,  2.04s/it]
 91%|█████████▏| 7944/8682 [4:55:17<25:23,  2.06s/it]
 92%|█████████▏| 7945/8682 [4:55:19<27:25,  2.23s/it]
 92%|█████████▏| 7946/8682 [4:55:21<25:37,  2.09s/it]
 92%|█████████▏| 7947/8682 [4:55:23<23:52,  1.95s/it]
 92%|█████████▏| 7948/8682 [4:55:25<24:24,  2.00s/it]
 92%|█████████▏| 7949/8682 [4:55:27<26:05,  2.14s/it]
 92%|█████████▏| 7950/8682 [4:55:30<27:52,  2.28s/it]

{'loss': '0.942', 'grad_norm': '0.5079', 'learning_rate': '9.289e-07', 'epoch': '2.747'}

 92%|█████████▏| 7950/8682 [4:55:30<27:52,  2.28s/it]
 92%|█████████▏| 7951/8682 [4:55:32<28:04,  2.30s/it]
 92%|█████████▏| 7952/8682 [4:55:34<27:54,  2.29s/it]
 92%|█████████▏| 7953/8682 [4:55:37<27:32,  2.27s/it]
 92%|█████████▏| 7954/8682 [4:55:38<25:21,  2.09s/it]
 92%|█████████▏| 7955/8682 [4:55:40<25:00,  2.06s/it]
 92%|█████████▏| 7956/8682 [4:55:43<27:40,  2.29s/it]
 92%|█████████▏| 7957/8682 [4:55:45<25:39,  2.12s/it]
 92%|█████████▏| 7958/8682 [4:55:47<24:36,  2.04s/it]
 92%|█████████▏| 7959/8682 [4:55:48<23:45,  1.97s/it]
 92%|█████████▏| 7960/8682 [4:55:50<22:40,  1.88s/it]
 92%|█████████▏| 7961/8682 [4:55:53<26:49,  2.23s/it]
 92%|█████████▏| 7962/8682 [4:55:56<27:46,  2.31s/it]
 92%|█████████▏| 7963/8682 [4:55:58<27:18,  2.28s/it]
 92%|█████████▏| 7964/8682 [4:56:00<28:28,  2.38s/it]
 92%|█████████▏| 7965/8682 [4:56:03<28:17,  2.37s/it]
 92%|█████████▏| 7966/8682 [4:56:04<25:33,  2.14s/it]
 92%|█████████▏| 7967/8682 [4:56:06<23:56,  2.01s/it]
 92%|█████████▏| 7968/8682 [4:56:08<24:47,  2.08s/it]
 92%|█████████▏| 7969/8682 [4:56:11<25:26,  2.14s/it]
 92%|█████████▏| 7970/8682 [4:56:13<25:54,  2.18s/it]
 92%|█████████▏| 7971/8682 [4:56:15<24:02,  2.03s/it]
 92%|█████████▏| 7972/8682 [4:56:17<24:48,  2.10s/it]
 92%|█████████▏| 7973/8682 [4:56:19<23:25,  1.98s/it]
 92%|█████████▏| 7974/8682 [4:56:21<24:16,  2.06s/it]
 92%|█████████▏| 7975/8682 [4:56:23<24:27,  2.07s/it]
 92%|█████████▏| 7976/8682 [4:56:25<24:59,  2.12s/it]
 92%|█████████▏| 7977/8682 [4:56:27<23:00,  1.96s/it]
 92%|█████████▏| 7978/8682 [4:56:29<23:35,  2.01s/it]
 92%|█████████▏| 7979/8682 [4:56:31<23:15,  1.98s/it]
 92%|█████████▏| 7980/8682 [4:56:33<23:01,  1.97s/it]
 92%|█████████▏| 7981/8682 [4:56:35<23:11,  1.99s/it]
 92%|█████████▏| 7982/8682 [4:56:36<22:04,  1.89s/it]
 92%|█████████▏| 7983/8682 [4:56:38<22:21,  1.92s/it]
 92%|█████████▏| 7984/8682 [4:56:41<24:08,  2.07s/it]
 92%|█████████▏| 7985/8682 [4:56:43<23:17,  2.00s/it]
 92%|█████████▏| 7986/8682 [4:56:44<22:19,  1.92s/it]
 92%|█████████▏| 7987/8682 [4:56:46<21:11,  1.83s/it]
 92%|█████████▏| 7988/8682 [4:56:48<21:54,  1.89s/it]
 92%|█████████▏| 7989/8682 [4:56:50<22:16,  1.93s/it]
 92%|█████████▏| 7990/8682 [4:56:52<21:39,  1.88s/it]
 92%|█████████▏| 7991/8682 [4:56:54<24:14,  2.10s/it]
 92%|█████████▏| 7992/8682 [4:56:57<25:04,  2.18s/it]
 92%|█████████▏| 7993/8682 [4:56:59<23:19,  2.03s/it]
 92%|█████████▏| 7994/8682 [4:57:01<24:08,  2.11s/it]
 92%|█████████▏| 7995/8682 [4:57:03<24:31,  2.14s/it]
 92%|█████████▏| 7996/8682 [4:57:05<23:59,  2.10s/it]
 92%|█████████▏| 7997/8682 [4:57:07<22:59,  2.01s/it]
 92%|█████████▏| 7998/8682 [4:57:09<22:12,  1.95s/it]
 92%|█████████▏| 7999/8682 [4:57:11<23:34,  2.07s/it]
 92%|█████████▏| 8000/8682 [4:57:13<23:03,  2.03s/it]

{'loss': '0.9313', 'grad_norm': '0.5175', 'learning_rate': '8.072e-07', 'epoch': '2.764'}

 92%|█████████▏| 8000/8682 [4:57:13<23:03,  2.03s/it]
 92%|█████████▏| 8001/8682 [4:57:15<24:17,  2.14s/it]
 92%|█████████▏| 8002/8682 [4:57:18<26:12,  2.31s/it]
 92%|█████████▏| 8003/8682 [4:57:21<28:18,  2.50s/it]
 92%|█████████▏| 8004/8682 [4:57:23<26:58,  2.39s/it]
 92%|█████████▏| 8005/8682 [4:57:25<26:02,  2.31s/it]
 92%|█████████▏| 8006/8682 [4:57:27<25:26,  2.26s/it]
 92%|█████████▏| 8007/8682 [4:57:29<22:51,  2.03s/it]
 92%|█████████▏| 8008/8682 [4:57:31<23:48,  2.12s/it]
 92%|█████████▏| 8009/8682 [4:57:33<23:21,  2.08s/it]
 92%|█████████▏| 8010/8682 [4:57:35<23:59,  2.14s/it]
 92%|█████████▏| 8011/8682 [4:57:38<24:25,  2.18s/it]
 92%|█████████▏| 8012/8682 [4:57:40<24:26,  2.19s/it]
 92%|█████████▏| 8013/8682 [4:57:42<24:19,  2.18s/it]
 92%|█████████▏| 8014/8682 [4:57:45<25:06,  2.26s/it]
 92%|█████████▏| 8015/8682 [4:57:47<24:04,  2.17s/it]
 92%|█████████▏| 8016/8682 [4:57:48<22:39,  2.04s/it]
 92%|█████████▏| 8017/8682 [4:57:50<22:52,  2.06s/it]
 92%|█████████▏| 8018/8682 [4:57:52<21:40,  1.96s/it]
 92%|█████████▏| 8019/8682 [4:57:54<21:25,  1.94s/it]
 92%|█████████▏| 8020/8682 [4:57:56<22:05,  2.00s/it]
 92%|█████████▏| 8021/8682 [4:57:58<21:43,  1.97s/it]
 92%|█████████▏| 8022/8682 [4:58:00<23:09,  2.11s/it]
 92%|█████████▏| 8023/8682 [4:58:02<21:48,  1.99s/it]
 92%|█████████▏| 8024/8682 [4:58:04<22:41,  2.07s/it]
 92%|█████████▏| 8025/8682 [4:58:07<23:43,  2.17s/it]
 92%|█████████▏| 8026/8682 [4:58:08<21:48,  1.99s/it]
 92%|█████████▏| 8027/8682 [4:58:10<20:52,  1.91s/it]
 92%|█████████▏| 8028/8682 [4:58:13<22:41,  2.08s/it]
 92%|█████████▏| 8029/8682 [4:58:14<21:42,  1.99s/it]
 92%|█████████▏| 8030/8682 [4:58:16<20:51,  1.92s/it]
 93%|█████████▎| 8031/8682 [4:58:19<22:30,  2.07s/it]
 93%|█████████▎| 8032/8682 [4:58:21<23:49,  2.20s/it]
 93%|█████████▎| 8033/8682 [4:58:23<23:42,  2.19s/it]
 93%|█████████▎| 8034/8682 [4:58:25<21:53,  2.03s/it]
 93%|█████████▎| 8035/8682 [4:58:27<21:52,  2.03s/it]
 93%|█████████▎| 8036/8682 [4:58:29<22:00,  2.04s/it]
 93%|█████████▎| 8037/8682 [4:58:31<22:37,  2.10s/it]
 93%|█████████▎| 8038/8682 [4:58:34<24:29,  2.28s/it]
 93%|█████████▎| 8039/8682 [4:58:36<23:08,  2.16s/it]
 93%|█████████▎| 8040/8682 [4:58:38<22:07,  2.07s/it]
 93%|█████████▎| 8041/8682 [4:58:40<24:29,  2.29s/it]
 93%|█████████▎| 8042/8682 [4:58:42<23:22,  2.19s/it]
 93%|█████████▎| 8043/8682 [4:58:45<23:48,  2.23s/it]
 93%|█████████▎| 8044/8682 [4:58:47<23:14,  2.19s/it]
 93%|█████████▎| 8045/8682 [4:58:50<25:41,  2.42s/it]
 93%|█████████▎| 8046/8682 [4:58:52<25:36,  2.42s/it]
 93%|█████████▎| 8047/8682 [4:58:54<24:07,  2.28s/it]
 93%|█████████▎| 8048/8682 [4:58:56<22:39,  2.14s/it]
 93%|█████████▎| 8049/8682 [4:58:58<21:30,  2.04s/it]
 93%|█████████▎| 8050/8682 [4:59:00<22:59,  2.18s/it]

{'loss': '0.955', 'grad_norm': '0.4963', 'learning_rate': '6.939e-07', 'epoch': '2.782'}

 93%|█████████▎| 8050/8682 [4:59:00<22:59,  2.18s/it]
 93%|█████████▎| 8051/8682 [4:59:02<22:38,  2.15s/it]
 93%|█████████▎| 8052/8682 [4:59:04<21:10,  2.02s/it]
 93%|█████████▎| 8053/8682 [4:59:07<22:25,  2.14s/it]
 93%|█████████▎| 8054/8682 [4:59:08<20:43,  1.98s/it]
 93%|█████████▎| 8055/8682 [4:59:10<21:41,  2.08s/it]
 93%|█████████▎| 8056/8682 [4:59:14<24:51,  2.38s/it]
 93%|█████████▎| 8057/8682 [4:59:15<22:34,  2.17s/it]
 93%|█████████▎| 8058/8682 [4:59:17<21:04,  2.03s/it]
 93%|█████████▎| 8059/8682 [4:59:19<21:34,  2.08s/it]
 93%|█████████▎| 8060/8682 [4:59:21<21:54,  2.11s/it]
 93%|█████████▎| 8061/8682 [4:59:24<22:46,  2.20s/it]
 93%|█████████▎| 8062/8682 [4:59:25<20:25,  1.98s/it]
 93%|█████████▎| 8063/8682 [4:59:27<20:19,  1.97s/it]
 93%|█████████▎| 8064/8682 [4:59:29<19:09,  1.86s/it]
 93%|█████████▎| 8065/8682 [4:59:31<21:04,  2.05s/it]
 93%|█████████▎| 8066/8682 [4:59:34<21:52,  2.13s/it]
 93%|█████████▎| 8067/8682 [4:59:35<20:32,  2.00s/it]
 93%|█████████▎| 8068/8682 [4:59:37<21:11,  2.07s/it]
 93%|█████████▎| 8069/8682 [4:59:39<20:28,  2.00s/it]
 93%|█████████▎| 8070/8682 [4:59:42<21:04,  2.07s/it]
 93%|█████████▎| 8071/8682 [4:59:44<23:06,  2.27s/it]
 93%|█████████▎| 8072/8682 [4:59:46<22:48,  2.24s/it]
 93%|█████████▎| 8073/8682 [4:59:49<23:22,  2.30s/it]
 93%|█████████▎| 8074/8682 [4:59:51<22:33,  2.23s/it]
 93%|█████████▎| 8075/8682 [4:59:54<24:42,  2.44s/it]
 93%|█████████▎| 8076/8682 [4:59:56<22:57,  2.27s/it]
 93%|█████████▎| 8077/8682 [4:59:58<23:24,  2.32s/it]
 93%|█████████▎| 8078/8682 [5:00:00<21:50,  2.17s/it]
 93%|█████████▎| 8079/8682 [5:00:02<22:03,  2.19s/it]
 93%|█████████▎| 8080/8682 [5:00:04<22:06,  2.20s/it]
 93%|█████████▎| 8081/8682 [5:00:07<21:45,  2.17s/it]
 93%|█████████▎| 8082/8682 [5:00:08<20:02,  2.00s/it]
 93%|█████████▎| 8083/8682 [5:00:10<20:50,  2.09s/it]
 93%|█████████▎| 8084/8682 [5:00:13<21:29,  2.16s/it]
 93%|█████████▎| 8085/8682 [5:00:15<20:57,  2.11s/it]
 93%|█████████▎| 8086/8682 [5:00:17<21:33,  2.17s/it]
 93%|█████████▎| 8087/8682 [5:00:19<20:55,  2.11s/it]
 93%|█████████▎| 8088/8682 [5:00:21<20:23,  2.06s/it]
 93%|█████████▎| 8089/8682 [5:00:23<20:33,  2.08s/it]
 93%|█████████▎| 8090/8682 [5:00:25<19:36,  1.99s/it]
 93%|█████████▎| 8091/8682 [5:00:27<20:31,  2.08s/it]
 93%|█████████▎| 8092/8682 [5:00:30<21:25,  2.18s/it]
 93%|█████████▎| 8093/8682 [5:00:32<20:37,  2.10s/it]
 93%|█████████▎| 8094/8682 [5:00:33<19:09,  1.95s/it]
 93%|█████████▎| 8095/8682 [5:00:35<20:12,  2.06s/it]
 93%|█████████▎| 8096/8682 [5:00:37<19:01,  1.95s/it]
 93%|█████████▎| 8097/8682 [5:00:39<19:56,  2.04s/it]
 93%|█████████▎| 8098/8682 [5:00:41<18:59,  1.95s/it]
 93%|█████████▎| 8099/8682 [5:00:43<20:02,  2.06s/it]
 93%|█████████▎| 8100/8682 [5:00:46<21:00,  2.17s/it]

{'loss': '0.9414', 'grad_norm': '0.5086', 'learning_rate': '5.89e-07', 'epoch': '2.799'}

 93%|█████████▎| 8100/8682 [5:00:46<21:00,  2.17s/it]
 93%|█████████▎| 8101/8682 [5:00:48<20:08,  2.08s/it]
 93%|█████████▎| 8102/8682 [5:00:49<18:47,  1.94s/it]
 93%|█████████▎| 8103/8682 [5:00:52<19:53,  2.06s/it]
 93%|█████████▎| 8104/8682 [5:00:54<20:07,  2.09s/it]
 93%|█████████▎| 8105/8682 [5:00:55<18:41,  1.94s/it]
 93%|█████████▎| 8106/8682 [5:00:58<19:15,  2.01s/it]
 93%|█████████▎| 8107/8682 [5:01:00<19:47,  2.07s/it]
 93%|█████████▎| 8108/8682 [5:01:02<19:06,  2.00s/it]
 93%|█████████▎| 8109/8682 [5:01:04<19:44,  2.07s/it]
 93%|█████████▎| 8110/8682 [5:01:07<22:05,  2.32s/it]
 93%|█████████▎| 8111/8682 [5:01:09<22:20,  2.35s/it]
 93%|█████████▎| 8112/8682 [5:01:12<22:25,  2.36s/it]
 93%|█████████▎| 8113/8682 [5:01:14<22:14,  2.35s/it]
 93%|█████████▎| 8114/8682 [5:01:15<19:52,  2.10s/it]
 93%|█████████▎| 8115/8682 [5:01:18<20:09,  2.13s/it]
 93%|█████████▎| 8116/8682 [5:01:19<18:32,  1.97s/it]
 93%|█████████▎| 8117/8682 [5:01:21<17:42,  1.88s/it]
 94%|█████████▎| 8118/8682 [5:01:23<17:35,  1.87s/it]
 94%|█████████▎| 8119/8682 [5:01:25<18:53,  2.01s/it]
 94%|█████████▎| 8120/8682 [5:01:27<18:36,  1.99s/it]
 94%|█████████▎| 8121/8682 [5:01:29<19:49,  2.12s/it]
 94%|█████████▎| 8122/8682 [5:01:32<20:27,  2.19s/it]
 94%|█████████▎| 8123/8682 [5:01:34<19:51,  2.13s/it]
 94%|█████████▎| 8124/8682 [5:01:36<20:13,  2.17s/it]
 94%|█████████▎| 8125/8682 [5:01:38<20:18,  2.19s/it]
 94%|█████████▎| 8126/8682 [5:01:40<19:45,  2.13s/it]
 94%|█████████▎| 8127/8682 [5:01:42<18:28,  2.00s/it]
 94%|█████████▎| 8128/8682 [5:01:45<20:05,  2.18s/it]
 94%|█████████▎| 8129/8682 [5:01:46<19:05,  2.07s/it]
 94%|█████████▎| 8130/8682 [5:01:48<18:04,  1.96s/it]
 94%|█████████▎| 8131/8682 [5:01:50<18:47,  2.05s/it]
 94%|█████████▎| 8132/8682 [5:01:52<16:51,  1.84s/it]
 94%|█████████▎| 8133/8682 [5:01:54<18:09,  1.98s/it]
 94%|█████████▎| 8134/8682 [5:01:56<18:31,  2.03s/it]
 94%|█████████▎| 8135/8682 [5:01:58<18:37,  2.04s/it]
 94%|█████████▎| 8136/8682 [5:02:01<20:38,  2.27s/it]
 94%|█████████▎| 8137/8682 [5:02:03<20:47,  2.29s/it]
 94%|█████████▎| 8138/8682 [5:02:05<20:03,  2.21s/it]
 94%|█████████▎| 8139/8682 [5:02:07<18:33,  2.05s/it]
 94%|█████████▍| 8140/8682 [5:02:09<17:58,  1.99s/it]
 94%|█████████▍| 8141/8682 [5:02:11<17:47,  1.97s/it]
 94%|█████████▍| 8142/8682 [5:02:12<16:45,  1.86s/it]
 94%|█████████▍| 8143/8682 [5:02:15<18:15,  2.03s/it]
 94%|█████████▍| 8144/8682 [5:02:17<17:44,  1.98s/it]
 94%|█████████▍| 8145/8682 [5:02:19<18:53,  2.11s/it]
 94%|█████████▍| 8146/8682 [5:02:21<17:50,  2.00s/it]
 94%|█████████▍| 8147/8682 [5:02:23<18:50,  2.11s/it]
 94%|█████████▍| 8148/8682 [5:02:25<19:01,  2.14s/it]
 94%|█████████▍| 8149/8682 [5:02:27<17:53,  2.01s/it]
 94%|█████████▍| 8150/8682 [5:02:29<17:14,  1.95s/it]

{'loss': '0.9482', 'grad_norm': '0.485', 'learning_rate': '4.926e-07', 'epoch': '2.816'}

 94%|█████████▍| 8150/8682 [5:02:29<17:14,  1.95s/it]
 94%|█████████▍| 8151/8682 [5:02:31<18:31,  2.09s/it]
 94%|█████████▍| 8152/8682 [5:02:33<17:22,  1.97s/it]
 94%|█████████▍| 8153/8682 [5:02:35<17:56,  2.03s/it]
 94%|█████████▍| 8154/8682 [5:02:38<18:47,  2.14s/it]
 94%|█████████▍| 8155/8682 [5:02:40<19:33,  2.23s/it]
 94%|█████████▍| 8156/8682 [5:02:42<18:25,  2.10s/it]
 94%|█████████▍| 8157/8682 [5:02:44<17:21,  1.98s/it]
 94%|█████████▍| 8158/8682 [5:02:46<18:03,  2.07s/it]
 94%|█████████▍| 8159/8682 [5:02:48<18:49,  2.16s/it]
 94%|█████████▍| 8160/8682 [5:02:50<17:21,  1.99s/it]
 94%|█████████▍| 8161/8682 [5:02:52<16:50,  1.94s/it]
 94%|█████████▍| 8162/8682 [5:02:54<18:45,  2.16s/it]
 94%|█████████▍| 8163/8682 [5:02:57<19:17,  2.23s/it]
 94%|█████████▍| 8164/8682 [5:02:59<19:11,  2.22s/it]
 94%|█████████▍| 8165/8682 [5:03:01<18:55,  2.20s/it]
 94%|█████████▍| 8166/8682 [5:03:04<19:40,  2.29s/it]
 94%|█████████▍| 8167/8682 [5:03:06<19:14,  2.24s/it]
 94%|█████████▍| 8168/8682 [5:03:08<19:21,  2.26s/it]
 94%|█████████▍| 8169/8682 [5:03:10<19:40,  2.30s/it]
 94%|█████████▍| 8170/8682 [5:03:12<18:55,  2.22s/it]
 94%|█████████▍| 8171/8682 [5:03:14<17:20,  2.04s/it]
 94%|█████████▍| 8172/8682 [5:03:16<17:39,  2.08s/it]
 94%|█████████▍| 8173/8682 [5:03:18<17:32,  2.07s/it]
 94%|█████████▍| 8174/8682 [5:03:20<17:48,  2.10s/it]
 94%|█████████▍| 8175/8682 [5:03:23<18:59,  2.25s/it]
 94%|█████████▍| 8176/8682 [5:03:25<17:15,  2.05s/it]
 94%|█████████▍| 8177/8682 [5:03:27<18:05,  2.15s/it]
 94%|█████████▍| 8178/8682 [5:03:29<17:34,  2.09s/it]
 94%|█████████▍| 8179/8682 [5:03:31<18:33,  2.21s/it]
 94%|█████████▍| 8180/8682 [5:03:33<17:33,  2.10s/it]
 94%|█████████▍| 8181/8682 [5:03:36<17:57,  2.15s/it]
 94%|█████████▍| 8182/8682 [5:03:38<17:26,  2.09s/it]
 94%|█████████▍| 8183/8682 [5:03:40<19:30,  2.35s/it]
 94%|█████████▍| 8184/8682 [5:03:43<18:48,  2.27s/it]
 94%|█████████▍| 8185/8682 [5:03:45<20:14,  2.44s/it]
 94%|█████████▍| 8186/8682 [5:03:48<20:54,  2.53s/it]
 94%|█████████▍| 8187/8682 [5:03:51<20:28,  2.48s/it]
 94%|█████████▍| 8188/8682 [5:03:53<21:37,  2.63s/it]
 94%|█████████▍| 8189/8682 [5:03:55<19:05,  2.32s/it]
 94%|█████████▍| 8190/8682 [5:03:57<18:47,  2.29s/it]
 94%|█████████▍| 8191/8682 [5:04:00<18:41,  2.28s/it]
 94%|█████████▍| 8192/8682 [5:04:02<18:25,  2.26s/it]
 94%|█████████▍| 8193/8682 [5:04:04<19:27,  2.39s/it]
 94%|█████████▍| 8194/8682 [5:04:07<20:15,  2.49s/it]
 94%|█████████▍| 8195/8682 [5:04:10<20:02,  2.47s/it]
 94%|█████████▍| 8196/8682 [5:04:12<18:48,  2.32s/it]
 94%|█████████▍| 8197/8682 [5:04:15<20:27,  2.53s/it]
 94%|█████████▍| 8198/8682 [5:04:16<18:26,  2.29s/it]
 94%|█████████▍| 8199/8682 [5:04:18<16:49,  2.09s/it]
 94%|█████████▍| 8200/8682 [5:04:20<16:57,  2.11s/it]

{'loss': '0.9469', 'grad_norm': '0.5033', 'learning_rate': '4.048e-07', 'epoch': '2.834'}

 94%|█████████▍| 8200/8682 [5:04:20<16:57,  2.11s/it]
 94%|█████████▍| 8201/8682 [5:04:22<15:47,  1.97s/it]
 94%|█████████▍| 8202/8682 [5:04:24<16:33,  2.07s/it]
 94%|█████████▍| 8203/8682 [5:04:27<17:43,  2.22s/it]
 94%|█████████▍| 8204/8682 [5:04:29<17:33,  2.20s/it]
 95%|█████████▍| 8205/8682 [5:04:31<16:36,  2.09s/it]
 95%|█████████▍| 8206/8682 [5:04:32<15:20,  1.93s/it]
 95%|█████████▍| 8207/8682 [5:04:34<16:10,  2.04s/it]
 95%|█████████▍| 8208/8682 [5:04:37<16:40,  2.11s/it]
 95%|█████████▍| 8209/8682 [5:04:39<16:33,  2.10s/it]
 95%|█████████▍| 8210/8682 [5:04:40<15:20,  1.95s/it]
 95%|█████████▍| 8211/8682 [5:04:43<16:05,  2.05s/it]
 95%|█████████▍| 8212/8682 [5:04:45<16:36,  2.12s/it]
 95%|█████████▍| 8213/8682 [5:04:48<18:00,  2.30s/it]
 95%|█████████▍| 8214/8682 [5:04:50<17:44,  2.28s/it]
 95%|█████████▍| 8215/8682 [5:04:52<18:18,  2.35s/it]
 95%|█████████▍| 8216/8682 [5:04:55<18:13,  2.35s/it]
 95%|█████████▍| 8217/8682 [5:04:57<16:39,  2.15s/it]
 95%|█████████▍| 8218/8682 [5:04:59<17:12,  2.23s/it]
 95%|█████████▍| 8219/8682 [5:05:01<17:52,  2.32s/it]
 95%|█████████▍| 8220/8682 [5:05:04<17:38,  2.29s/it]
 95%|█████████▍| 8221/8682 [5:05:05<16:24,  2.14s/it]
 95%|█████████▍| 8222/8682 [5:05:07<16:02,  2.09s/it]
 95%|█████████▍| 8223/8682 [5:05:09<15:20,  2.00s/it]
 95%|█████████▍| 8224/8682 [5:05:11<15:52,  2.08s/it]
 95%|█████████▍| 8225/8682 [5:05:14<16:18,  2.14s/it]
 95%|█████████▍| 8226/8682 [5:05:16<15:45,  2.07s/it]
 95%|█████████▍| 8227/8682 [5:05:18<16:09,  2.13s/it]
 95%|█████████▍| 8228/8682 [5:05:21<17:58,  2.38s/it]
 95%|█████████▍| 8229/8682 [5:05:23<17:52,  2.37s/it]
 95%|█████████▍| 8230/8682 [5:05:25<17:00,  2.26s/it]
 95%|█████████▍| 8231/8682 [5:05:27<15:22,  2.05s/it]
 95%|█████████▍| 8232/8682 [5:05:30<17:29,  2.33s/it]
 95%|█████████▍| 8233/8682 [5:05:32<17:17,  2.31s/it]
 95%|█████████▍| 8234/8682 [5:05:35<18:16,  2.45s/it]
 95%|█████████▍| 8235/8682 [5:05:37<18:24,  2.47s/it]
 95%|█████████▍| 8236/8682 [5:05:39<17:09,  2.31s/it]
 95%|█████████▍| 8237/8682 [5:05:42<17:01,  2.30s/it]
 95%|█████████▍| 8238/8682 [5:05:44<17:06,  2.31s/it]
 95%|█████████▍| 8239/8682 [5:05:46<15:46,  2.14s/it]
 95%|█████████▍| 8240/8682 [5:05:48<16:15,  2.21s/it]
 95%|█████████▍| 8241/8682 [5:05:50<15:45,  2.14s/it]
 95%|█████████▍| 8242/8682 [5:05:52<15:55,  2.17s/it]
 95%|█████████▍| 8243/8682 [5:05:54<15:34,  2.13s/it]
 95%|█████████▍| 8244/8682 [5:05:57<17:20,  2.38s/it]
 95%|█████████▍| 8245/8682 [5:05:59<16:37,  2.28s/it]
 95%|█████████▍| 8246/8682 [5:06:02<17:35,  2.42s/it]
 95%|█████████▍| 8247/8682 [5:06:04<16:09,  2.23s/it]
 95%|█████████▌| 8248/8682 [5:06:06<15:12,  2.10s/it]
 95%|█████████▌| 8249/8682 [5:06:08<15:55,  2.21s/it]
 95%|█████████▌| 8250/8682 [5:06:10<15:03,  2.09s/it]

{'loss': '0.9405', 'grad_norm': '0.4906', 'learning_rate': '3.255e-07', 'epoch': '2.851'}

 95%|█████████▌| 8250/8682 [5:06:10<15:03,  2.09s/it]
 95%|█████████▌| 8251/8682 [5:06:13<16:17,  2.27s/it]
 95%|█████████▌| 8252/8682 [5:06:14<15:03,  2.10s/it]
 95%|█████████▌| 8253/8682 [5:06:16<14:10,  1.98s/it]
 95%|█████████▌| 8254/8682 [5:06:18<14:07,  1.98s/it]
 95%|█████████▌| 8255/8682 [5:06:20<14:30,  2.04s/it]
 95%|█████████▌| 8256/8682 [5:06:22<14:52,  2.10s/it]
 95%|█████████▌| 8257/8682 [5:06:24<14:52,  2.10s/it]
 95%|█████████▌| 8258/8682 [5:06:26<14:28,  2.05s/it]
 95%|█████████▌| 8259/8682 [5:06:28<13:59,  1.99s/it]
 95%|█████████▌| 8260/8682 [5:06:31<14:43,  2.09s/it]
 95%|█████████▌| 8261/8682 [5:06:32<13:38,  1.94s/it]
 95%|█████████▌| 8262/8682 [5:06:35<14:25,  2.06s/it]
 95%|█████████▌| 8263/8682 [5:06:37<15:29,  2.22s/it]
 95%|█████████▌| 8264/8682 [5:06:39<15:43,  2.26s/it]
 95%|█████████▌| 8265/8682 [5:06:42<15:48,  2.28s/it]
 95%|█████████▌| 8266/8682 [5:06:45<17:22,  2.51s/it]
 95%|█████████▌| 8267/8682 [5:06:47<16:45,  2.42s/it]
 95%|█████████▌| 8268/8682 [5:06:49<16:07,  2.34s/it]
 95%|█████████▌| 8269/8682 [5:06:52<16:19,  2.37s/it]
 95%|█████████▌| 8270/8682 [5:06:54<15:35,  2.27s/it]
 95%|█████████▌| 8271/8682 [5:06:57<16:45,  2.45s/it]
 95%|█████████▌| 8272/8682 [5:06:58<15:33,  2.28s/it]
 95%|█████████▌| 8273/8682 [5:07:00<14:49,  2.17s/it]
 95%|█████████▌| 8274/8682 [5:07:03<14:52,  2.19s/it]
 95%|█████████▌| 8275/8682 [5:07:05<14:26,  2.13s/it]
 95%|█████████▌| 8276/8682 [5:07:07<14:29,  2.14s/it]
 95%|█████████▌| 8277/8682 [5:07:09<14:24,  2.14s/it]
 95%|█████████▌| 8278/8682 [5:07:11<14:11,  2.11s/it]
 95%|█████████▌| 8279/8682 [5:07:13<14:00,  2.09s/it]
 95%|█████████▌| 8280/8682 [5:07:15<13:14,  1.98s/it]
 95%|█████████▌| 8281/8682 [5:07:17<13:44,  2.06s/it]
 95%|█████████▌| 8282/8682 [5:07:19<13:13,  1.98s/it]
 95%|█████████▌| 8283/8682 [5:07:21<14:05,  2.12s/it]
 95%|█████████▌| 8284/8682 [5:07:24<15:16,  2.30s/it]
 95%|█████████▌| 8285/8682 [5:07:27<16:42,  2.52s/it]
 95%|█████████▌| 8286/8682 [5:07:29<16:35,  2.51s/it]
 95%|█████████▌| 8287/8682 [5:07:31<15:11,  2.31s/it]
 95%|█████████▌| 8288/8682 [5:07:33<14:50,  2.26s/it]
 95%|█████████▌| 8289/8682 [5:07:36<15:29,  2.37s/it]
 95%|█████████▌| 8290/8682 [5:07:38<14:30,  2.22s/it]
 95%|█████████▌| 8291/8682 [5:07:40<14:43,  2.26s/it]
 96%|█████████▌| 8292/8682 [5:07:43<14:56,  2.30s/it]
 96%|█████████▌| 8293/8682 [5:07:45<14:28,  2.23s/it]
 96%|█████████▌| 8294/8682 [5:07:47<13:43,  2.12s/it]
 96%|█████████▌| 8295/8682 [5:07:48<13:02,  2.02s/it]
 96%|█████████▌| 8296/8682 [5:07:51<13:50,  2.15s/it]
 96%|█████████▌| 8297/8682 [5:07:53<14:17,  2.23s/it]
 96%|█████████▌| 8298/8682 [5:07:55<13:21,  2.09s/it]
 96%|█████████▌| 8299/8682 [5:07:57<13:29,  2.11s/it]
 96%|█████████▌| 8300/8682 [5:07:59<13:47,  2.17s/it]

{'loss': '0.945', 'grad_norm': '0.5417', 'learning_rate': '2.548e-07', 'epoch': '2.868'}

 96%|█████████▌| 8300/8682 [5:07:59<13:47,  2.17s/it]
 96%|█████████▌| 8301/8682 [5:08:02<13:53,  2.19s/it]
 96%|█████████▌| 8302/8682 [5:08:04<14:04,  2.22s/it]
 96%|█████████▌| 8303/8682 [5:08:06<13:24,  2.12s/it]
 96%|█████████▌| 8304/8682 [5:08:08<12:52,  2.04s/it]
 96%|█████████▌| 8305/8682 [5:08:09<11:56,  1.90s/it]
 96%|█████████▌| 8306/8682 [5:08:11<11:54,  1.90s/it]
 96%|█████████▌| 8307/8682 [5:08:13<11:57,  1.91s/it]
 96%|█████████▌| 8308/8682 [5:08:15<11:37,  1.87s/it]
 96%|█████████▌| 8309/8682 [5:08:17<12:04,  1.94s/it]
 96%|█████████▌| 8310/8682 [5:08:19<12:44,  2.06s/it]
 96%|█████████▌| 8311/8682 [5:08:21<12:01,  1.95s/it]
 96%|█████████▌| 8312/8682 [5:08:24<13:42,  2.22s/it]
 96%|█████████▌| 8313/8682 [5:08:26<13:06,  2.13s/it]
 96%|█████████▌| 8314/8682 [5:08:28<13:37,  2.22s/it]
 96%|█████████▌| 8315/8682 [5:08:30<12:46,  2.09s/it]
 96%|█████████▌| 8316/8682 [5:08:32<13:00,  2.13s/it]
 96%|█████████▌| 8317/8682 [5:08:35<13:16,  2.18s/it]
 96%|█████████▌| 8318/8682 [5:08:36<12:25,  2.05s/it]
 96%|█████████▌| 8319/8682 [5:08:38<12:04,  2.00s/it]
 96%|█████████▌| 8320/8682 [5:08:40<12:15,  2.03s/it]
 96%|█████████▌| 8321/8682 [5:08:43<13:14,  2.20s/it]
 96%|█████████▌| 8322/8682 [5:08:45<13:27,  2.24s/it]
 96%|█████████▌| 8323/8682 [5:08:47<13:25,  2.24s/it]
 96%|█████████▌| 8324/8682 [5:08:50<13:29,  2.26s/it]
 96%|█████████▌| 8325/8682 [5:08:52<13:11,  2.22s/it]
 96%|█████████▌| 8326/8682 [5:08:54<12:25,  2.09s/it]
 96%|█████████▌| 8327/8682 [5:08:56<12:07,  2.05s/it]
 96%|█████████▌| 8328/8682 [5:08:57<11:29,  1.95s/it]
 96%|█████████▌| 8329/8682 [5:09:00<12:09,  2.07s/it]
 96%|█████████▌| 8330/8682 [5:09:02<13:09,  2.24s/it]
 96%|█████████▌| 8331/8682 [5:09:04<11:50,  2.02s/it]
 96%|█████████▌| 8332/8682 [5:09:06<11:24,  1.96s/it]
 96%|█████████▌| 8333/8682 [5:09:07<10:35,  1.82s/it]
 96%|█████████▌| 8334/8682 [5:09:10<11:39,  2.01s/it]
 96%|█████████▌| 8335/8682 [5:09:12<11:49,  2.04s/it]
 96%|█████████▌| 8336/8682 [5:09:14<12:27,  2.16s/it]
 96%|█████████▌| 8337/8682 [5:09:17<13:24,  2.33s/it]
 96%|█████████▌| 8338/8682 [5:09:19<13:06,  2.29s/it]
 96%|█████████▌| 8339/8682 [5:09:21<13:02,  2.28s/it]
 96%|█████████▌| 8340/8682 [5:09:23<12:35,  2.21s/it]
 96%|█████████▌| 8341/8682 [5:09:26<12:48,  2.25s/it]
 96%|█████████▌| 8342/8682 [5:09:27<11:48,  2.09s/it]
 96%|█████████▌| 8343/8682 [5:09:30<12:43,  2.25s/it]
 96%|█████████▌| 8344/8682 [5:09:32<12:05,  2.15s/it]
 96%|█████████▌| 8345/8682 [5:09:34<11:54,  2.12s/it]
 96%|█████████▌| 8346/8682 [5:09:37<12:52,  2.30s/it]
 96%|█████████▌| 8347/8682 [5:09:38<11:52,  2.13s/it]
 96%|█████████▌| 8348/8682 [5:09:40<11:29,  2.06s/it]
 96%|█████████▌| 8349/8682 [5:09:43<11:54,  2.15s/it]
 96%|█████████▌| 8350/8682 [5:09:45<12:36,  2.28s/it]

{'loss': '0.9381', 'grad_norm': '0.576', 'learning_rate': '1.927e-07', 'epoch': '2.885'}

 96%|█████████▌| 8350/8682 [5:09:45<12:36,  2.28s/it]
 96%|█████████▌| 8351/8682 [5:09:48<13:06,  2.38s/it]
 96%|█████████▌| 8352/8682 [5:09:50<13:06,  2.38s/it]
 96%|█████████▌| 8353/8682 [5:09:53<13:55,  2.54s/it]
 96%|█████████▌| 8354/8682 [5:09:55<12:40,  2.32s/it]
 96%|█████████▌| 8355/8682 [5:09:57<12:36,  2.31s/it]
 96%|█████████▌| 8356/8682 [5:09:59<11:50,  2.18s/it]
 96%|█████████▋| 8357/8682 [5:10:01<11:57,  2.21s/it]
 96%|█████████▋| 8358/8682 [5:10:03<11:13,  2.08s/it]
 96%|█████████▋| 8359/8682 [5:10:06<11:37,  2.16s/it]
 96%|█████████▋| 8360/8682 [5:10:08<11:58,  2.23s/it]
 96%|█████████▋| 8361/8682 [5:10:10<11:01,  2.06s/it]
 96%|█████████▋| 8362/8682 [5:10:12<10:57,  2.05s/it]
 96%|█████████▋| 8363/8682 [5:10:13<10:32,  1.98s/it]
 96%|█████████▋| 8364/8682 [5:10:16<11:04,  2.09s/it]
 96%|█████████▋| 8365/8682 [5:10:17<10:04,  1.91s/it]
 96%|█████████▋| 8366/8682 [5:10:19<09:40,  1.84s/it]
 96%|█████████▋| 8367/8682 [5:10:21<09:21,  1.78s/it]
 96%|█████████▋| 8368/8682 [5:10:23<09:36,  1.83s/it]
 96%|█████████▋| 8369/8682 [5:10:25<10:27,  2.01s/it]
 96%|█████████▋| 8370/8682 [5:10:27<10:59,  2.11s/it]
 96%|█████████▋| 8371/8682 [5:10:29<10:15,  1.98s/it]
 96%|█████████▋| 8372/8682 [5:10:31<10:28,  2.03s/it]
 96%|█████████▋| 8373/8682 [5:10:33<10:22,  2.01s/it]
 96%|█████████▋| 8374/8682 [5:10:36<10:57,  2.13s/it]
 96%|█████████▋| 8375/8682 [5:10:38<11:30,  2.25s/it]
 96%|█████████▋| 8376/8682 [5:10:40<10:22,  2.03s/it]
 96%|█████████▋| 8377/8682 [5:10:42<11:32,  2.27s/it]
 96%|█████████▋| 8378/8682 [5:10:45<12:28,  2.46s/it]
 97%|█████████▋| 8379/8682 [5:10:48<12:11,  2.41s/it]
 97%|█████████▋| 8380/8682 [5:10:50<11:49,  2.35s/it]
 97%|█████████▋| 8381/8682 [5:10:52<11:55,  2.38s/it]
 97%|█████████▋| 8382/8682 [5:10:55<12:00,  2.40s/it]
 97%|█████████▋| 8383/8682 [5:10:57<11:14,  2.25s/it]
 97%|█████████▋| 8384/8682 [5:10:59<11:10,  2.25s/it]
 97%|█████████▋| 8385/8682 [5:11:01<11:09,  2.25s/it]
 97%|█████████▋| 8386/8682 [5:11:03<11:08,  2.26s/it]
 97%|█████████▋| 8387/8682 [5:11:06<11:27,  2.33s/it]
 97%|█████████▋| 8388/8682 [5:11:08<11:41,  2.39s/it]
 97%|█████████▋| 8389/8682 [5:11:11<11:18,  2.32s/it]
 97%|█████████▋| 8390/8682 [5:11:13<11:03,  2.27s/it]
 97%|█████████▋| 8391/8682 [5:11:15<11:14,  2.32s/it]
 97%|█████████▋| 8392/8682 [5:11:17<10:35,  2.19s/it]
 97%|█████████▋| 8393/8682 [5:11:19<09:31,  1.98s/it]
 97%|█████████▋| 8394/8682 [5:11:20<08:51,  1.84s/it]
 97%|█████████▋| 8395/8682 [5:11:23<10:00,  2.09s/it]
 97%|█████████▋| 8396/8682 [5:11:25<09:29,  1.99s/it]
 97%|█████████▋| 8397/8682 [5:11:27<09:42,  2.04s/it]
 97%|█████████▋| 8398/8682 [5:11:28<09:09,  1.93s/it]
 97%|█████████▋| 8399/8682 [5:11:31<10:20,  2.19s/it]
 97%|█████████▋| 8400/8682 [5:11:33<09:32,  2.03s/it]

{'loss': '0.94', 'grad_norm': '0.5406', 'learning_rate': '1.392e-07', 'epoch': '2.903'}

 97%|█████████▋| 8400/8682 [5:11:33<09:32,  2.03s/it]
 97%|█████████▋| 8401/8682 [5:11:35<09:57,  2.13s/it]
 97%|█████████▋| 8402/8682 [5:11:38<10:15,  2.20s/it]
 97%|█████████▋| 8403/8682 [5:11:40<10:23,  2.23s/it]
 97%|█████████▋| 8404/8682 [5:11:42<10:12,  2.20s/it]
 97%|█████████▋| 8405/8682 [5:11:44<10:18,  2.23s/it]
 97%|█████████▋| 8406/8682 [5:11:46<09:28,  2.06s/it]
 97%|█████████▋| 8407/8682 [5:11:48<09:50,  2.15s/it]
 97%|█████████▋| 8408/8682 [5:11:51<09:56,  2.18s/it]
 97%|█████████▋| 8409/8682 [5:11:52<09:23,  2.06s/it]
 97%|█████████▋| 8410/8682 [5:11:55<09:52,  2.18s/it]
 97%|█████████▋| 8411/8682 [5:11:57<10:15,  2.27s/it]
 97%|█████████▋| 8412/8682 [5:11:59<10:01,  2.23s/it]
 97%|█████████▋| 8413/8682 [5:12:01<09:13,  2.06s/it]
 97%|█████████▋| 8414/8682 [5:12:04<10:22,  2.32s/it]
 97%|█████████▋| 8415/8682 [5:12:06<09:59,  2.25s/it]
 97%|█████████▋| 8416/8682 [5:12:08<09:55,  2.24s/it]
 97%|█████████▋| 8417/8682 [5:12:11<10:04,  2.28s/it]
 97%|█████████▋| 8418/8682 [5:12:13<10:02,  2.28s/it]
 97%|█████████▋| 8419/8682 [5:12:15<09:58,  2.27s/it]
 97%|█████████▋| 8420/8682 [5:12:18<11:02,  2.53s/it]
 97%|█████████▋| 8421/8682 [5:12:21<10:40,  2.45s/it]
 97%|█████████▋| 8422/8682 [5:12:24<11:17,  2.61s/it]
 97%|█████████▋| 8423/8682 [5:12:26<10:39,  2.47s/it]
 97%|█████████▋| 8424/8682 [5:12:29<11:24,  2.65s/it]
 97%|█████████▋| 8425/8682 [5:12:31<10:24,  2.43s/it]
 97%|█████████▋| 8426/8682 [5:12:33<10:10,  2.39s/it]
 97%|█████████▋| 8427/8682 [5:12:35<09:55,  2.34s/it]
 97%|█████████▋| 8428/8682 [5:12:37<09:11,  2.17s/it]
 97%|█████████▋| 8429/8682 [5:12:40<09:36,  2.28s/it]
 97%|█████████▋| 8430/8682 [5:12:41<08:47,  2.09s/it]
 97%|█████████▋| 8431/8682 [5:12:43<08:49,  2.11s/it]
 97%|█████████▋| 8432/8682 [5:12:45<08:27,  2.03s/it]
 97%|█████████▋| 8433/8682 [5:12:47<08:26,  2.03s/it]
 97%|█████████▋| 8434/8682 [5:12:50<09:01,  2.19s/it]
 97%|█████████▋| 8435/8682 [5:12:52<09:11,  2.23s/it]
 97%|█████████▋| 8436/8682 [5:12:54<09:11,  2.24s/it]
 97%|█████████▋| 8437/8682 [5:12:56<09:00,  2.21s/it]
 97%|█████████▋| 8438/8682 [5:12:58<08:30,  2.09s/it]
 97%|█████████▋| 8439/8682 [5:13:00<08:22,  2.07s/it]
 97%|█████████▋| 8440/8682 [5:13:02<07:57,  1.97s/it]
 97%|█████████▋| 8441/8682 [5:13:04<08:21,  2.08s/it]
 97%|█████████▋| 8442/8682 [5:13:07<08:35,  2.15s/it]
 97%|█████████▋| 8443/8682 [5:13:08<08:02,  2.02s/it]
 97%|█████████▋| 8444/8682 [5:13:11<08:19,  2.10s/it]
 97%|█████████▋| 8445/8682 [5:13:13<08:21,  2.12s/it]
 97%|█████████▋| 8446/8682 [5:13:15<08:12,  2.09s/it]
 97%|█████████▋| 8447/8682 [5:13:17<08:40,  2.22s/it]
 97%|█████████▋| 8448/8682 [5:13:19<08:05,  2.08s/it]
 97%|█████████▋| 8449/8682 [5:13:21<07:28,  1.93s/it]
 97%|█████████▋| 8450/8682 [5:13:23<07:50,  2.03s/it]

{'loss': '0.9473', 'grad_norm': '0.504', 'learning_rate': '9.439e-08', 'epoch': '2.92'}

 97%|█████████▋| 8450/8682 [5:13:23<07:50,  2.03s/it]
 97%|█████████▋| 8451/8682 [5:13:25<07:33,  1.97s/it]
 97%|█████████▋| 8452/8682 [5:13:26<07:06,  1.85s/it]
 97%|█████████▋| 8453/8682 [5:13:29<07:38,  2.00s/it]
 97%|█████████▋| 8454/8682 [5:13:31<07:25,  1.96s/it]
 97%|█████████▋| 8455/8682 [5:13:33<07:27,  1.97s/it]
 97%|█████████▋| 8456/8682 [5:13:36<08:33,  2.27s/it]
 97%|█████████▋| 8457/8682 [5:13:38<08:33,  2.28s/it]
 97%|█████████▋| 8458/8682 [5:13:40<08:07,  2.18s/it]
 97%|█████████▋| 8459/8682 [5:13:41<07:27,  2.01s/it]
 97%|█████████▋| 8460/8682 [5:13:43<07:07,  1.92s/it]
 97%|█████████▋| 8461/8682 [5:13:45<06:48,  1.85s/it]
 97%|█████████▋| 8462/8682 [5:13:47<06:40,  1.82s/it]
 97%|█████████▋| 8463/8682 [5:13:49<07:14,  1.98s/it]
 97%|█████████▋| 8464/8682 [5:13:52<08:16,  2.28s/it]
 98%|█████████▊| 8465/8682 [5:13:54<08:14,  2.28s/it]
 98%|█████████▊| 8466/8682 [5:13:56<07:55,  2.20s/it]
 98%|█████████▊| 8467/8682 [5:13:58<07:25,  2.07s/it]
 98%|█████████▊| 8468/8682 [5:14:00<07:05,  1.99s/it]
 98%|█████████▊| 8469/8682 [5:14:02<06:59,  1.97s/it]
 98%|█████████▊| 8470/8682 [5:14:03<06:42,  1.90s/it]
 98%|█████████▊| 8471/8682 [5:14:05<06:22,  1.81s/it]
 98%|█████████▊| 8472/8682 [5:14:07<06:15,  1.79s/it]
 98%|█████████▊| 8473/8682 [5:14:09<06:36,  1.90s/it]
 98%|█████████▊| 8474/8682 [5:14:12<07:25,  2.14s/it]
 98%|█████████▊| 8475/8682 [5:14:13<06:57,  2.02s/it]
 98%|█████████▊| 8476/8682 [5:14:16<08:02,  2.34s/it]
 98%|█████████▊| 8477/8682 [5:14:18<07:26,  2.18s/it]
 98%|█████████▊| 8478/8682 [5:14:20<07:17,  2.14s/it]
 98%|█████████▊| 8479/8682 [5:14:22<06:51,  2.03s/it]
 98%|█████████▊| 8480/8682 [5:14:25<07:23,  2.20s/it]
 98%|█████████▊| 8481/8682 [5:14:27<07:24,  2.21s/it]
 98%|█████████▊| 8482/8682 [5:14:29<06:58,  2.09s/it]
 98%|█████████▊| 8483/8682 [5:14:31<07:14,  2.18s/it]
 98%|█████████▊| 8484/8682 [5:14:34<07:23,  2.24s/it]
 98%|█████████▊| 8485/8682 [5:14:36<07:24,  2.26s/it]
 98%|█████████▊| 8486/8682 [5:14:38<07:03,  2.16s/it]
 98%|█████████▊| 8487/8682 [5:14:40<07:12,  2.22s/it]
 98%|█████████▊| 8488/8682 [5:14:42<07:11,  2.22s/it]
 98%|█████████▊| 8489/8682 [5:14:45<07:11,  2.24s/it]
 98%|█████████▊| 8490/8682 [5:14:47<06:59,  2.19s/it]
 98%|█████████▊| 8491/8682 [5:14:49<06:51,  2.16s/it]
 98%|█████████▊| 8492/8682 [5:14:50<06:24,  2.03s/it]
 98%|█████████▊| 8493/8682 [5:14:53<06:40,  2.12s/it]
 98%|█████████▊| 8494/8682 [5:14:55<06:37,  2.11s/it]
 98%|█████████▊| 8495/8682 [5:14:57<06:49,  2.19s/it]
 98%|█████████▊| 8496/8682 [5:15:00<06:59,  2.26s/it]
 98%|█████████▊| 8497/8682 [5:15:02<06:46,  2.20s/it]
 98%|█████████▊| 8498/8682 [5:15:04<07:04,  2.31s/it]
 98%|█████████▊| 8499/8682 [5:15:07<07:08,  2.34s/it]
 98%|█████████▊| 8500/8682 [5:15:09<06:37,  2.18s/it]

{'loss': '0.9627', 'grad_norm': '0.5275', 'learning_rate': '5.824e-08', 'epoch': '2.937'}

 98%|█████████▊| 8500/8682 [5:15:09<06:37,  2.18s/it]
 98%|█████████▊| 8501/8682 [5:15:10<06:11,  2.05s/it]
 98%|█████████▊| 8502/8682 [5:15:12<06:06,  2.04s/it]
 98%|█████████▊| 8503/8682 [5:15:15<06:16,  2.10s/it]
 98%|█████████▊| 8504/8682 [5:15:17<06:54,  2.33s/it]
 98%|█████████▊| 8505/8682 [5:15:19<06:34,  2.23s/it]
 98%|█████████▊| 8506/8682 [5:15:22<06:37,  2.26s/it]
 98%|█████████▊| 8507/8682 [5:15:24<06:34,  2.26s/it]
 98%|█████████▊| 8508/8682 [5:15:26<06:41,  2.31s/it]
 98%|█████████▊| 8509/8682 [5:15:29<06:44,  2.34s/it]
 98%|█████████▊| 8510/8682 [5:15:31<06:45,  2.36s/it]
 98%|█████████▊| 8511/8682 [5:15:33<06:06,  2.14s/it]
 98%|█████████▊| 8512/8682 [5:15:35<05:42,  2.01s/it]
 98%|█████████▊| 8513/8682 [5:15:36<05:28,  1.95s/it]
 98%|█████████▊| 8514/8682 [5:15:39<05:40,  2.03s/it]
 98%|█████████▊| 8515/8682 [5:15:41<05:41,  2.04s/it]
 98%|█████████▊| 8516/8682 [5:15:43<05:32,  2.00s/it]
 98%|█████████▊| 8517/8682 [5:15:45<05:37,  2.04s/it]
 98%|█████████▊| 8518/8682 [5:15:46<05:20,  1.95s/it]
 98%|█████████▊| 8519/8682 [5:15:49<05:35,  2.06s/it]
 98%|█████████▊| 8520/8682 [5:15:51<05:30,  2.04s/it]
 98%|█████████▊| 8521/8682 [5:15:53<05:40,  2.11s/it]
 98%|█████████▊| 8522/8682 [5:15:55<05:37,  2.11s/it]
 98%|█████████▊| 8523/8682 [5:15:58<06:09,  2.33s/it]
 98%|█████████▊| 8524/8682 [5:16:00<06:10,  2.34s/it]
 98%|█████████▊| 8525/8682 [5:16:03<06:10,  2.36s/it]
 98%|█████████▊| 8526/8682 [5:16:05<06:11,  2.38s/it]
 98%|█████████▊| 8527/8682 [5:16:08<06:10,  2.39s/it]
 98%|█████████▊| 8528/8682 [5:16:10<06:01,  2.35s/it]
 98%|█████████▊| 8529/8682 [5:16:12<05:30,  2.16s/it]
 98%|█████████▊| 8530/8682 [5:16:13<05:15,  2.07s/it]
 98%|█████████▊| 8531/8682 [5:16:15<05:03,  2.01s/it]
 98%|█████████▊| 8532/8682 [5:16:17<04:57,  1.99s/it]
 98%|█████████▊| 8533/8682 [5:16:19<04:49,  1.94s/it]
 98%|█████████▊| 8534/8682 [5:16:21<04:51,  1.97s/it]
 98%|█████████▊| 8535/8682 [5:16:23<04:35,  1.88s/it]
 98%|█████████▊| 8536/8682 [5:16:25<04:54,  2.02s/it]
 98%|█████████▊| 8537/8682 [5:16:27<05:00,  2.08s/it]
 98%|█████████▊| 8538/8682 [5:16:30<05:31,  2.31s/it]
 98%|█████████▊| 8539/8682 [5:16:32<05:21,  2.25s/it]
 98%|█████████▊| 8540/8682 [5:16:35<05:39,  2.39s/it]
 98%|█████████▊| 8541/8682 [5:16:37<05:03,  2.15s/it]
 98%|█████████▊| 8542/8682 [5:16:39<04:58,  2.13s/it]
 98%|█████████▊| 8543/8682 [5:16:40<04:41,  2.02s/it]
 98%|█████████▊| 8544/8682 [5:16:43<04:56,  2.15s/it]
 98%|█████████▊| 8545/8682 [5:16:45<04:37,  2.02s/it]
 98%|█████████▊| 8546/8682 [5:16:47<04:44,  2.09s/it]
 98%|█████████▊| 8547/8682 [5:16:49<04:43,  2.10s/it]
 98%|█████████▊| 8548/8682 [5:16:51<04:29,  2.01s/it]
 98%|█████████▊| 8549/8682 [5:16:53<04:18,  1.94s/it]
 98%|█████████▊| 8550/8682 [5:16:54<04:12,  1.91s/it]

{'loss': '0.9508', 'grad_norm': '0.526', 'learning_rate': '3.077e-08', 'epoch': '2.955'}

 98%|█████████▊| 8550/8682 [5:16:54<04:12,  1.91s/it]
 98%|█████████▊| 8551/8682 [5:16:57<04:37,  2.12s/it]
 99%|█████████▊| 8552/8682 [5:16:59<04:29,  2.08s/it]
 99%|█████████▊| 8553/8682 [5:17:01<04:33,  2.12s/it]
 99%|█████████▊| 8554/8682 [5:17:04<04:43,  2.22s/it]
 99%|█████████▊| 8555/8682 [5:17:05<04:23,  2.07s/it]
 99%|█████████▊| 8556/8682 [5:17:08<04:44,  2.26s/it]
 99%|█████████▊| 8557/8682 [5:17:10<04:18,  2.07s/it]
 99%|█████████▊| 8558/8682 [5:17:12<04:25,  2.14s/it]
 99%|█████████▊| 8559/8682 [5:17:14<04:30,  2.20s/it]
 99%|█████████▊| 8560/8682 [5:17:17<04:32,  2.23s/it]
 99%|█████████▊| 8561/8682 [5:17:19<04:24,  2.19s/it]
 99%|█████████▊| 8562/8682 [5:17:21<04:41,  2.35s/it]
 99%|█████████▊| 8563/8682 [5:17:23<04:17,  2.17s/it]
 99%|█████████▊| 8564/8682 [5:17:26<04:21,  2.21s/it]
 99%|█████████▊| 8565/8682 [5:17:28<04:21,  2.23s/it]
 99%|█████████▊| 8566/8682 [5:17:30<04:15,  2.20s/it]
 99%|█████████▊| 8567/8682 [5:17:32<04:14,  2.21s/it]
 99%|█████████▊| 8568/8682 [5:17:34<03:55,  2.06s/it]
 99%|█████████▊| 8569/8682 [5:17:36<04:03,  2.15s/it]
 99%|█████████▊| 8570/8682 [5:17:38<03:54,  2.09s/it]
 99%|█████████▊| 8571/8682 [5:17:40<03:42,  2.01s/it]
 99%|█████████▊| 8572/8682 [5:17:42<03:43,  2.03s/it]
 99%|█████████▊| 8573/8682 [5:17:45<03:55,  2.16s/it]
 99%|█████████▉| 8574/8682 [5:17:47<03:59,  2.22s/it]
 99%|█████████▉| 8575/8682 [5:17:50<04:24,  2.47s/it]
 99%|█████████▉| 8576/8682 [5:17:52<04:17,  2.43s/it]
 99%|█████████▉| 8577/8682 [5:17:55<04:11,  2.39s/it]
 99%|█████████▉| 8578/8682 [5:17:57<04:10,  2.41s/it]
 99%|█████████▉| 8579/8682 [5:17:59<03:51,  2.25s/it]
 99%|█████████▉| 8580/8682 [5:18:01<03:49,  2.25s/it]
 99%|█████████▉| 8581/8682 [5:18:03<03:45,  2.23s/it]
 99%|█████████▉| 8582/8682 [5:18:05<03:36,  2.16s/it]
 99%|█████████▉| 8583/8682 [5:18:07<03:13,  1.95s/it]
 99%|█████████▉| 8584/8682 [5:18:09<03:12,  1.97s/it]
 99%|█████████▉| 8585/8682 [5:18:11<03:05,  1.91s/it]
 99%|█████████▉| 8586/8682 [5:18:13<03:15,  2.03s/it]
 99%|█████████▉| 8587/8682 [5:18:15<03:25,  2.16s/it]
 99%|█████████▉| 8588/8682 [5:18:17<03:08,  2.01s/it]
 99%|█████████▉| 8589/8682 [5:18:20<03:36,  2.32s/it]
 99%|█████████▉| 8590/8682 [5:18:23<03:39,  2.39s/it]
 99%|█████████▉| 8591/8682 [5:18:25<03:22,  2.22s/it]
 99%|█████████▉| 8592/8682 [5:18:27<03:17,  2.19s/it]
 99%|█████████▉| 8593/8682 [5:18:29<03:08,  2.12s/it]
 99%|█████████▉| 8594/8682 [5:18:30<02:56,  2.00s/it]
 99%|█████████▉| 8595/8682 [5:18:32<02:52,  1.99s/it]
 99%|█████████▉| 8596/8682 [5:18:35<03:12,  2.24s/it]
 99%|█████████▉| 8597/8682 [5:18:37<03:00,  2.12s/it]
 99%|█████████▉| 8598/8682 [5:18:39<03:01,  2.16s/it]
 99%|█████████▉| 8599/8682 [5:18:42<03:09,  2.29s/it]
 99%|█████████▉| 8600/8682 [5:18:44<03:06,  2.27s/it]

{'loss': '0.9278', 'grad_norm': '0.5043', 'learning_rate': '1.198e-08', 'epoch': '2.972'}

 99%|█████████▉| 8600/8682 [5:18:44<03:06,  2.27s/it]
 99%|█████████▉| 8601/8682 [5:18:46<03:03,  2.27s/it]
 99%|█████████▉| 8602/8682 [5:18:49<03:03,  2.29s/it]
 99%|█████████▉| 8603/8682 [5:18:51<03:02,  2.31s/it]
 99%|█████████▉| 8604/8682 [5:18:53<03:04,  2.37s/it]
 99%|█████████▉| 8605/8682 [5:18:57<03:17,  2.57s/it]
 99%|█████████▉| 8606/8682 [5:18:58<02:59,  2.37s/it]
 99%|█████████▉| 8607/8682 [5:19:01<03:02,  2.43s/it]
 99%|█████████▉| 8608/8682 [5:19:04<03:02,  2.47s/it]
 99%|█████████▉| 8609/8682 [5:19:06<02:58,  2.45s/it]
 99%|█████████▉| 8610/8682 [5:19:08<02:52,  2.40s/it]
 99%|█████████▉| 8611/8682 [5:19:10<02:37,  2.22s/it]
 99%|█████████▉| 8612/8682 [5:19:12<02:37,  2.25s/it]
 99%|█████████▉| 8613/8682 [5:19:15<02:38,  2.30s/it]
 99%|█████████▉| 8614/8682 [5:19:17<02:33,  2.26s/it]
 99%|█████████▉| 8615/8682 [5:19:19<02:20,  2.10s/it]
 99%|█████████▉| 8616/8682 [5:19:21<02:19,  2.11s/it]
 99%|█████████▉| 8617/8682 [5:19:23<02:14,  2.06s/it]
 99%|█████████▉| 8618/8682 [5:19:25<02:06,  1.98s/it]
 99%|█████████▉| 8619/8682 [5:19:27<02:11,  2.09s/it]
 99%|█████████▉| 8620/8682 [5:19:29<02:10,  2.10s/it]
 99%|█████████▉| 8621/8682 [5:19:31<02:14,  2.20s/it]
 99%|█████████▉| 8622/8682 [5:19:34<02:16,  2.27s/it]
 99%|█████████▉| 8623/8682 [5:19:36<02:12,  2.24s/it]
 99%|█████████▉| 8624/8682 [5:19:38<02:10,  2.25s/it]
 99%|█████████▉| 8625/8682 [5:19:40<01:59,  2.10s/it]
 99%|█████████▉| 8626/8682 [5:19:43<02:13,  2.39s/it]
 99%|█████████▉| 8627/8682 [5:19:46<02:21,  2.57s/it]
 99%|█████████▉| 8628/8682 [5:19:49<02:16,  2.53s/it]
 99%|█████████▉| 8629/8682 [5:19:50<02:00,  2.27s/it]
 99%|█████████▉| 8630/8682 [5:19:53<01:59,  2.30s/it]
 99%|█████████▉| 8631/8682 [5:19:54<01:50,  2.17s/it]
 99%|█████████▉| 8632/8682 [5:19:56<01:45,  2.10s/it]
 99%|█████████▉| 8633/8682 [5:19:59<01:57,  2.40s/it]
 99%|█████████▉| 8634/8682 [5:20:01<01:45,  2.20s/it]
 99%|█████████▉| 8635/8682 [5:20:03<01:42,  2.17s/it]
 99%|█████████▉| 8636/8682 [5:20:06<01:44,  2.26s/it]
 99%|█████████▉| 8637/8682 [5:20:08<01:38,  2.19s/it]
 99%|█████████▉| 8638/8682 [5:20:10<01:34,  2.15s/it]
100%|█████████▉| 8639/8682 [5:20:12<01:32,  2.14s/it]
100%|█████████▉| 8640/8682 [5:20:14<01:32,  2.20s/it]
100%|█████████▉| 8641/8682 [5:20:17<01:34,  2.30s/it]
100%|█████████▉| 8642/8682 [5:20:19<01:30,  2.26s/it]
100%|█████████▉| 8643/8682 [5:20:21<01:28,  2.26s/it]
100%|█████████▉| 8644/8682 [5:20:24<01:25,  2.26s/it]
100%|█████████▉| 8645/8682 [5:20:26<01:24,  2.27s/it]
100%|█████████▉| 8646/8682 [5:20:28<01:24,  2.36s/it]
100%|█████████▉| 8647/8682 [5:20:30<01:17,  2.22s/it]
100%|█████████▉| 8648/8682 [5:20:32<01:08,  2.01s/it]
100%|█████████▉| 8649/8682 [5:20:34<01:11,  2.18s/it]
100%|█████████▉| 8650/8682 [5:20:37<01:11,  2.24s/it]

{'loss': '0.9392', 'grad_norm': '0.4784', 'learning_rate': '1.895e-09', 'epoch': '2.989'}

100%|█████████▉| 8650/8682 [5:20:37<01:11,  2.24s/it]
100%|█████████▉| 8651/8682 [5:20:39<01:10,  2.26s/it]
100%|█████████▉| 8652/8682 [5:20:41<01:02,  2.09s/it]
100%|█████████▉| 8653/8682 [5:20:43<01:02,  2.16s/it]
100%|█████████▉| 8654/8682 [5:20:46<01:02,  2.24s/it]
100%|█████████▉| 8655/8682 [5:20:47<00:55,  2.07s/it]
100%|█████████▉| 8656/8682 [5:20:49<00:54,  2.10s/it]
100%|█████████▉| 8657/8682 [5:20:51<00:48,  1.95s/it]
100%|█████████▉| 8658/8682 [5:20:53<00:45,  1.92s/it]
100%|█████████▉| 8659/8682 [5:20:55<00:42,  1.84s/it]
100%|█████████▉| 8660/8682 [5:20:56<00:40,  1.86s/it]
100%|█████████▉| 8661/8682 [5:20:59<00:41,  2.00s/it]
100%|█████████▉| 8662/8682 [5:21:01<00:40,  2.02s/it]
100%|█████████▉| 8663/8682 [5:21:03<00:38,  2.03s/it]
100%|█████████▉| 8664/8682 [5:21:04<00:34,  1.90s/it]
100%|█████████▉| 8665/8682 [5:21:06<00:31,  1.83s/it]
100%|█████████▉| 8666/8682 [5:21:08<00:28,  1.78s/it]
100%|█████████▉| 8667/8682 [5:21:09<00:26,  1.74s/it]
100%|█████████▉| 8668/8682 [5:21:12<00:26,  1.91s/it]
100%|█████████▉| 8669/8682 [5:21:15<00:29,  2.25s/it]
100%|█████████▉| 8670/8682 [5:21:17<00:26,  2.18s/it]
100%|█████████▉| 8671/8682 [5:21:19<00:24,  2.23s/it]
100%|█████████▉| 8672/8682 [5:21:21<00:21,  2.19s/it]
100%|█████████▉| 8673/8682 [5:21:23<00:18,  2.04s/it]
100%|█████████▉| 8674/8682 [5:21:26<00:18,  2.26s/it]
100%|█████████▉| 8675/8682 [5:21:28<00:15,  2.26s/it]
100%|█████████▉| 8676/8682 [5:21:30<00:13,  2.24s/it]
100%|█████████▉| 8677/8682 [5:21:32<00:11,  2.26s/it]
100%|█████████▉| 8678/8682 [5:21:35<00:08,  2.21s/it]
100%|█████████▉| 8679/8682 [5:21:36<00:06,  2.04s/it]
100%|█████████▉| 8680/8682 [5:21:39<00:04,  2.14s/it]
100%|█████████▉| 8681/8682 [5:21:40<00:02,  2.08s/it]
100%|██████████| 8682/8682 [5:21:42<00:00,  2.03s/it]

Writing model shards:   0%|          | 0/1 [00:00<?, ?it/s][A

Writing model shards: 100%|██████████| 1/1 [00:03<00:00,  3.13s/it][A
Writing model shards: 100%|██████████| 1/1 [00:03<00:00,  3.13s/it]
/venv/main/lib/python3.12/site-packages/torch/distributed/c10d_logger.py:83: UserWarning: barrier(): using the device under current context. You can specify `device_id` in `init_process_group` to mute this warning.
  return func(*args, **kwargs)
There were missing keys in the checkpoint model loaded: ['encoder.embed_tokens.weight', 'decoder.embed_tokens.weight'].

============================================================
SANITY CHECK @ EPOCH END
============================================================
  ✓ IN:  hello there
    EXP: Hello there
    OUT: Hello there

  ✓ IN:  thx 4 the help
    EXP: Thanks for the help
    OUT: Thanks for the help

  ✓ IN:  c u l8r
    EXP: See you later
    OUT: See you later

  ✓ IN:  idk wh4t 2 d0 tbh
    EXP: I don't know what to do to be honest
    OUT: I don't know what to do to be honest

  ✓ IN:  1 h4v3 2 c4t5
    EXP: I have 2 cats
    OUT: I have 2 cats

  ✗ IN:  ur prolly right
    EXP: You're probably right
    OUT: You're probably right.

  ✓ IN:  1t5 2 l8
    EXP: It is too late
    OUT: It is too late

  ✗ IN:  th4t5 2 much 4 m3
    EXP: That's too much for me
    OUT: That is too much for me

  ✓ IN:  1 n33d 2 g0 2 w0rk
    EXP: I need to go to work
    OUT: I need to go to work

  ✓ IN:  wh4t t1m3 15 th3 m33t1ng @ 3 pm
    EXP: What time is the meeting at 3 PM
    OUT: What time is the meeting at 3 PM

  ✗ IN:  1 g0t 100 p01nt5 0n th3 t35t
    EXP: I got 100 points on the test
    OUT: I have 100 points on the test

  ✓ IN:  I have 2 cats
    EXP: I have 2 cats
    OUT: I have 2 cats

  ✓ IN:  The meeting is at 3 PM
    EXP: The meeting is at 3 PM
    OUT: The meeting is at 3 PM

Accuracy: 10/13 (76.9%)
============================================================

There were missing keys in the checkpoint model loaded: ['encoder.embed_tokens.weight', 'decoder.embed_tokens.weight'].


{'train_runtime': '1.931e+04', 'train_samples_per_second': '115.1', 'train_steps_per_second': '0.45', 'train_loss': '2.537', 'epoch': '3'}

100%|██████████| 8682/8682 [5:21:53<00:00,  2.03s/it]
======================================================================
SAVING MODEL
======================================================================

======================================================================
FINAL EVALUATION
======================================================================

100%|██████████| 8682/8682 [5:21:54<00:00,  2.22s/it]

======================================================================
SAVING MODEL
======================================================================

Writing model shards:   0%|          | 0/1 [00:00<?, ?it/s]
Writing model shards: 100%|██████████| 1/1 [00:03<00:00,  3.17s/it]
Writing model shards: 100%|██████████| 1/1 [00:03<00:00,  3.18s/it]
***** train metrics *****
  epoch                    =          3.0
  total_flos               = 1706424914GF
  train_loss               =       2.5367
  train_runtime            =   5:21:54.09
  train_samples            =       740712
  train_samples_per_second =      115.053
  train_steps_per_second   =         0.45

======================================================================
FINAL EVALUATION
======================================================================

  0%|          | 0/94 [00:00<?, ?it/s]
  2%|▏         | 2/94 [00:00<00:38,  2.38it/s]
  3%|▎         | 3/94 [00:01<00:54,  1.68it/s]
  4%|▍         | 4/94 [00:02<00:56,  1.58it/s]
  5%|▌         | 5/94 [00:03<01:19,  1.11it/s]
  6%|▋         | 6/94 [00:04<01:15,  1.16it/s]
  7%|▋         | 7/94 [00:05<01:08,  1.27it/s]
  9%|▊         | 8/94 [00:06<01:21,  1.06it/s]
 10%|▉         | 9/94 [00:07<01:24,  1.00it/s]
 11%|█         | 10/94 [00:08<01:15,  1.11it/s]
 12%|█▏        | 11/94 [00:09<01:17,  1.07it/s]
 13%|█▎        | 12/94 [00:10<01:17,  1.06it/s]
 14%|█▍        | 13/94 [00:11<01:15,  1.07it/s]
 15%|█▍        | 14/94 [00:12<01:14,  1.08it/s]
 16%|█▌        | 15/94 [00:13<01:21,  1.03s/it]
 17%|█▋        | 16/94 [00:14<01:18,  1.00s/it]
 18%|█▊        | 17/94 [00:15<01:19,  1.03s/it]
 19%|█▉        | 18/94 [00:16<01:10,  1.07it/s]
 20%|██        | 19/94 [00:16<01:08,  1.09it/s]
 21%|██▏       | 20/94 [00:17<01:09,  1.07it/s]
 22%|██▏       | 21/94 [00:18<01:01,  1.18it/s]
 23%|██▎       | 22/94 [00:19<01:08,  1.05it/s]
 24%|██▍       | 23/94 [00:20<01:02,  1.14it/s]
 26%|██▌       | 24/94 [00:21<00:55,  1.26it/s]
 27%|██▋       | 25/94 [00:22<00:57,  1.20it/s]
 28%|██▊       | 26/94 [00:22<00:59,  1.15it/s]
 29%|██▊       | 27/94 [00:23<00:57,  1.16it/s]
 30%|██▉       | 28/94 [00:24<00:51,  1.29it/s]
 31%|███       | 29/94 [00:25<01:00,  1.07it/s]
 32%|███▏      | 30/94 [00:26<00:55,  1.15it/s]
 33%|███▎      | 31/94 [00:27<01:04,  1.03s/it]
 34%|███▍      | 32/94 [00:28<01:04,  1.04s/it]
 35%|███▌      | 33/94 [00:29<01:03,  1.05s/it]
 36%|███▌      | 34/94 [00:31<01:03,  1.06s/it]
 37%|███▋      | 35/94 [00:31<01:00,  1.03s/it]
 38%|███▊      | 36/94 [00:32<00:54,  1.07it/s]
 39%|███▉      | 37/94 [00:33<00:49,  1.15it/s]
 40%|████      | 38/94 [00:34<00:46,  1.20it/s]
 41%|████▏     | 39/94 [00:35<00:53,  1.03it/s]
 43%|████▎     | 40/94 [00:36<00:52,  1.03it/s]
 44%|████▎     | 41/94 [00:37<00:59,  1.12s/it]
 45%|████▍     | 42/94 [00:38<00:50,  1.03it/s]
 46%|████▌     | 43/94 [00:39<00:52,  1.04s/it]
 47%|████▋     | 44/94 [00:40<00:46,  1.09it/s]
 48%|████▊     | 45/94 [00:41<00:54,  1.11s/it]
 49%|████▉     | 46/94 [00:42<00:52,  1.10s/it]
 50%|█████     | 47/94 [00:43<00:47,  1.02s/it]
 51%|█████     | 48/94 [00:44<00:45,  1.01it/s]
 52%|█████▏    | 49/94 [00:45<00:44,  1.00it/s]
 53%|█████▎    | 50/94 [00:46<00:42,  1.05it/s]
 54%|█████▍    | 51/94 [00:47<00:43,  1.01s/it]
 55%|█████▌    | 52/94 [00:48<00:41,  1.00it/s]
 56%|█████▋    | 53/94 [00:49<00:36,  1.12it/s]
 57%|█████▋    | 54/94 [00:50<00:33,  1.18it/s]
 59%|█████▊    | 55/94 [00:51<00:39,  1.00s/it]
 60%|█████▉    | 56/94 [00:52<00:39,  1.03s/it]
 61%|██████    | 57/94 [00:53<00:34,  1.07it/s]
 62%|██████▏   | 58/94 [00:54<00:35,  1.01it/s]
 63%|██████▎   | 59/94 [00:55<00:36,  1.04s/it]
 64%|██████▍   | 60/94 [00:56<00:34,  1.00s/it]
 65%|██████▍   | 61/94 [00:57<00:32,  1.02it/s]
 66%|██████▌   | 62/94 [00:58<00:33,  1.05s/it]
 67%|██████▋   | 63/94 [00:59<00:32,  1.06s/it]
 68%|██████▊   | 64/94 [01:00<00:31,  1.06s/it]
 69%|██████▉   | 65/94 [01:01<00:30,  1.04s/it]
 70%|███████   | 66/94 [01:02<00:27,  1.03it/s]
 71%|███████▏  | 67/94 [01:03<00:27,  1.00s/it]
 72%|███████▏  | 68/94 [01:04<00:26,  1.03s/it]
 73%|███████▎  | 69/94 [01:05<00:26,  1.04s/it]
 74%|███████▍  | 70/94 [01:06<00:23,  1.01it/s]
 76%|███████▌  | 71/94 [01:07<00:25,  1.09s/it]
 77%|███████▋  | 72/94 [01:08<00:21,  1.03it/s]
 78%|███████▊  | 73/94 [01:09<00:19,  1.06it/s]
 79%|███████▊  | 74/94 [01:10<00:21,  1.08s/it]
 80%|███████▉  | 75/94 [01:11<00:18,  1.04it/s]
 81%|████████  | 76/94 [01:12<00:17,  1.01it/s]
 82%|████████▏ | 77/94 [01:13<00:17,  1.03s/it]
 83%|████████▎ | 78/94 [01:15<00:18,  1.14s/it]
 84%|████████▍ | 79/94 [01:16<00:15,  1.05s/it]
 85%|████████▌ | 80/94 [01:16<00:13,  1.04it/s]
 86%|████████▌ | 81/94 [01:17<00:12,  1.02it/s]
 87%|████████▋ | 82/94 [01:19<00:12,  1.07s/it]
 88%|████████▊ | 83/94 [01:19<00:11,  1.01s/it]
 89%|████████▉ | 84/94 [01:20<00:09,  1.00it/s]
 90%|█████████ | 85/94 [01:21<00:09,  1.01s/it]
 91%|█████████▏| 86/94 [01:23<00:08,  1.03s/it]
 93%|█████████▎| 87/94 [01:23<00:06,  1.02it/s]
 94%|█████████▎| 88/94 [01:25<00:06,  1.02s/it]
 95%|█████████▍| 89/94 [01:25<00:04,  1.08it/s]
 96%|█████████▌| 90/94 [01:26<00:03,  1.08it/s]
 97%|█████████▋| 91/94 [01:27<00:02,  1.16it/s]
 98%|█████████▊| 92/94 [01:28<00:01,  1.24it/s]
 99%|█████████▉| 93/94 [01:29<00:00,  1.08it/s]
100%|██████████| 94/94 [01:31<00:00,  1.18s/it]
======================================================================
TRAINING COMPLETE!
======================================================================

  End time: 2026-01-29 06:39:04
  Model saved to: ./byt5_leetspeak_v3

  Final train loss: 2.5367
  Final eval loss:  0.3812
[rank1]: Traceback (most recent call last):
[rank1]:   File "/workspace/leet-speak-decoder/v3_training/train_model_v3.py", line 1423, in <module>
[rank1]:     main()
[rank1]:   File "/workspace/leet-speak-decoder/v3_training/train_model_v3.py", line 1409, in main
[rank1]:     train(
[rank1]:   File "/workspace/leet-speak-decoder/v3_training/train_model_v3.py", line 1202, in train
[rank1]:     print(f"  Final BLEU:       {eval_metrics.get('eval_bleu', 'N/A'):.2f}")
[rank1]:                                 ^^^^^^^^^^^^^^^^^^^^^^^^^^^^^^^^^^^^^^^^^^
[rank1]: ValueError: Unknown format code 'f' for object of type 'str'

100%|██████████| 94/94 [01:31<00:00,  1.03it/s]
***** eval metrics *****
  epoch                   =        3.0
  eval_loss               =     0.3812
  eval_runtime            = 0:01:34.95
  eval_samples_per_second =    378.929
  eval_steps_per_second   =       0.99

======================================================================
TRAINING COMPLETE!
======================================================================

  End time: 2026-01-29 06:39:04
  Model saved to: ./byt5_leetspeak_v3

  Final train loss: 2.5367
  Final eval loss:  0.3812
/venv/main/lib/python3.12/site-packages/torch/distributed/c10d_logger.py:83: UserWarning: barrier(): using the device under current context. You can specify `device_id` in `init_process_group` to mute this warning.
  return func(*args, **kwargs)
W0129 06:39:06.571000 324789 site-packages/torch/distributed/elastic/multiprocessing/api.py:1010] Sending process 324859 closing signal SIGTERM
E0129 06:39:07.237000 324789 site-packages/torch/distributed/elastic/multiprocessing/api.py:984] failed (exitcode: 1) local_rank: 1 (pid: 324860) of binary: /venv/main/bin/python3
Traceback (most recent call last):
  File "/venv/main/bin/torchrun", line 10, in <module>
    sys.exit(main())
             ^^^^^^
  File "/venv/main/lib/python3.12/site-packages/torch/distributed/elastic/multiprocessing/errors/__init__.py", line 362, in wrapper
    return f(*args, **kwargs)
           ^^^^^^^^^^^^^^^^^^
  File "/venv/main/lib/python3.12/site-packages/torch/distributed/run.py", line 991, in main
    run(args)
  File "/venv/main/lib/python3.12/site-packages/torch/distributed/run.py", line 982, in run
    elastic_launch(
  File "/venv/main/lib/python3.12/site-packages/torch/distributed/launcher/api.py", line 170, in __call__
    return launch_agent(self._config, self._entrypoint, list(args))
           ^^^^^^^^^^^^^^^^^^^^^^^^^^^^^^^^^^^^^^^^^^^^^^^^^^^^^^^^
  File "/venv/main/lib/python3.12/site-packages/torch/distributed/launcher/api.py", line 317, in launch_agent
    raise ChildFailedError(
torch.distributed.elastic.multiprocessing.errors.ChildFailedError:
============================================================
v3_training/train_model_v3.py FAILED
------------------------------------------------------------
Failures:
[1]:
  time      : 2026-01-29_06:39:07
  host      : 8a905fd65033
  rank      : 0 (local_rank: 0)
  exitcode  : -15 (pid: 324859)
  error_file: <N/A>
  traceback : Signal 15 (SIGTERM) received by PID 324859
------------------------------------------------------------
Root Cause (first observed failure):
[0]:
  time      : 2026-01-29_06:39:06
  host      : 8a905fd65033
  rank      : 1 (local_rank: 1)
  exitcode  : 1 (pid: 324860)
  error_file: <N/A>
  traceback : To enable traceback see: https://pytorch.org/docs/stable/elastic/errors.html
============================================================
